Lower Case,Remove Stop Words,Stem,Max Features,N-gram Range,TF,TFIDF, alpha, F1score, accu ,Functional-Method Precision,Functional-Method Recall,Functional-Method F1-Score,Functional-Method Support,Functional-Module Precision,Functional-Module Recall,Functional-Module F1-Score,Functional-Module Support,Functional-Inline Precision,Functional-Inline Recall,Functional-Inline F1-Score,Functional-Inline Support,Code Precision,Code Recall,Code F1-Score,Code Support,IDE Precision,IDE Recall,IDE F1-Score,IDE Support,General Precision,General Recall,General F1-Score,General Support,Notice Precision,Notice Recall,Notice F1-Score,Notice Support,ToDo Precision,ToDo Recall,ToDo F1-Score,ToDo-Support
True,False,False,1000,"(1, 1)",False,False,-1,81.88034732221197,90.16973953760609,0.8838720062189745,0.9241903383642913,0.9032285331282811,274.7,0.753156066900275,0.8286782971347326,0.7874550353909837,98.8,0.9090586704298627,0.6661978176671102,0.7681061846153204,154.0,0.48666666666666664,0.5416666666666667,0.4894805194805195,3.3,0.9943442233444214,0.9981669901327723,0.9962441248968137,171.7,0.9858074586952364,0.9973380122639632,0.991452103271293,270.6,0.6270633848673663,0.7661878409699441,0.6858435616882793,49.9,0.8927766191721286,0.9690388412205297,0.9286177233054664,48.2
True,False,False,1000,"(1, 1)",True,False,-1,81.52499120473493,90.44047096450522,0.838381815559137,0.9618707091532205,0.8956695020020421,274.7,0.7936776103721532,0.7756240719839087,0.783185943508219,98.8,0.9222437961079093,0.6639171628150623,0.7711351108448927,154.0,0.625,0.3383333333333333,0.4133333333333333,3.3,0.996549742237988,0.9981669901327723,0.9973494978384421,171.7,0.9873547915996508,0.9985359895950989,0.9928164602908003,270.6,0.6932300794296483,0.7427063858420462,0.7139281961351384,49.9,0.9521930452675036,0.9578816549109044,0.9545812524259267,48.2
True,False,False,1000,"(1, 1)",False,True,-1,77.4659458540482,89.37628036289144,0.8071278401526291,0.9583508003540985,0.8760466900335606,274.7,0.8138098512375163,0.718640882123922,0.7624403332131034,98.8,0.8918218386303784,0.664565944884784,0.7603364397551744,154.0,0.2533333333333333,0.15499999999999997,0.16547619047619047,3.3,0.99653974801547,0.996977098942881,0.9967506588623992,171.7,0.9875919662688777,0.9911351376135263,0.9892542218034037,270.6,0.7464564159558514,0.7341520441052078,0.7364950683462528,49.9,0.8987219904765544,0.9247626425373443,0.9104760658337712,48.2
True,False,False,1000,"(1, 2)",False,False,-1,80.6053936113962,89.41359379572725,0.8866686236953287,0.9240378428545915,0.9046532940204987,274.7,0.715354460838306,0.8295319660181797,0.7663154430306224,98.8,0.9332298708709402,0.6030266097097107,0.731354721116879,154.0,0.43499999999999994,0.5416666666666667,0.46963924963924963,3.3,0.9953967650981687,0.9981669901327723,0.996771342421577,171.7,0.9827890101325693,0.9985163377141333,0.990453387241834,270.6,0.5868009882010761,0.8044950166535022,0.6762541165580637,49.9,0.8763283862497607,0.9538738217340923,0.9129899348829715,48.2
True,False,False,1000,"(1, 2)",True,False,-1,77.86201519024512,89.92702802514042,0.8652391009703653,0.9492050789183889,0.9050311511741812,274.7,0.7434017163505436,0.8287408443470807,0.7816648483378039,98.8,0.9368820333428152,0.6350684235122429,0.7560340230372902,154.0,0.14166666666666666,0.19666666666666666,0.15343434343434342,3.3,0.9959815604198059,0.9981669901327723,0.9970645975535419,171.7,0.9839774365228153,0.9852044796871278,0.9844344316977949,270.6,0.6643893492972526,0.7794006426040341,0.7140695094756135,49.9,0.9252093048285961,0.9501080700052439,0.93722831050904,48.2
True,False,False,1000,"(1, 2)",False,True,-1,76.16781435397999,89.53501923157324,0.8515315889615211,0.9517826069682345,0.8986462303732943,274.7,0.7667752317651763,0.7994580981091814,0.7810013585470326,98.8,0.9114960951904022,0.634795220385222,0.7473527263647324,154.0,0.045,0.075,0.05357142857142858,3.3,0.9959773162979149,0.9980762987012988,0.9970168615506421,171.7,0.9810033129749858,0.9852044796871278,0.9829406504425326,270.6,0.6747411221128242,0.7549911901470503,0.7093566032614453,49.9,0.9011704822667005,0.9475724819036181,0.9235392892072911,48.2
True,False,False,1000,"(1, 3)",False,False,-1,79.17205914135175,89.01224793399948,0.8914568311139405,0.9196315997333112,0.9049819413655493,274.7,0.6922409316492315,0.830345057494457,0.7534620790828334,98.8,0.9424078604639273,0.5818502348520612,0.7189437401778432,154.0,0.38166666666666665,0.42666666666666664,0.395981240981241,3.3,0.9953925209762776,0.9975176394834216,0.9964434943738592,171.7,0.9852570577500002,0.9985163377141333,0.9917106377147757,270.6,0.5643595016136569,0.8146368928059198,0.664057965438306,49.9,0.8657563945536235,0.9560297240079192,0.9081836321737328,48.2
True,False,False,1000,"(1, 3)",True,False,-1,77.11083850953072,89.72170833507533,0.8708860255589421,0.9447509269657243,0.9060465980889628,274.7,0.7152255742712049,0.8407313018064555,0.771019020306374,98.8,0.9415623047504681,0.6234904526753147,0.7492010451531403,154.0,0.11499999999999999,0.15166666666666667,0.11746031746031749,3.3,0.9959815604198059,0.9981669901327723,0.9970645975535419,171.7,0.987646793744033,0.9852044796871278,0.9862684860370792,270.6,0.6476087502944429,0.7776891619933074,0.7034779270266494,49.9,0.9279241627278558,0.9501080700052441,0.938329089136392,48.2
True,False,False,1000,"(1, 3)",False,True,-1,75.86637550309047,89.41374186490518,0.8563907385960219,0.9452354904258238,0.8983990165981879,274.7,0.7285974506049409,0.8044081859275453,0.7631850526440384,98.8,0.9088463226034383,0.6356164981606024,0.7470602543851987,154.0,0.03333333333333333,0.025,0.028571428571428574,3.3,0.9959773162979149,0.9980762987012988,0.9970168615506421,171.7,0.9836077328368178,0.983724897633788,0.983493963648964,270.6,0.6921376305860127,0.7600887086566135,0.7201083992104064,49.9,0.9133963529482397,0.9517320016291757,0.9314750636383714,48.2
True,False,False,5000,"(1, 1)",False,False,-1,83.57974890314048,91.24332817704199,0.9141756311788019,0.9349061961154745,0.9241175953277363,274.7,0.78197201712552,0.8465784685441596,0.8114683948601004,98.8,0.9099790878541096,0.7197527501552202,0.8026929656461202,154.0,0.6383333333333333,0.5,0.5342857142857143,3.3,0.9569123089149354,0.9981669901327723,0.9770563768157503,171.7,0.9947428729135765,0.9894540323875909,0.9920802400936275,270.6,0.6653458022654922,0.782712550532994,0.7165892561683957,49.9,0.8988408207434965,0.9601906666538784,0.9280893690537946,48.2
True,False,False,5000,"(1, 1)",True,False,-1,80.2160512991589,91.6166715442396,0.8587022575168037,0.9700118281144119,0.9107704266454615,274.7,0.8333535923709251,0.8044663984558168,0.817833672427654,98.8,0.9268025985764627,0.71961705437687,0.8091073102535606,154.0,0.3,0.15,0.2,3.3,0.9736272999474677,0.9981669901327723,0.9857149480896752,171.7,0.9941728804749802,0.9970938893631576,0.9956079010420738,270.6,0.7463649325226297,0.7570909648255367,0.7498306213284487,49.9,0.9538813966880518,0.9433203626145954,0.9484192241458385,48.2
True,False,False,5000,"(1, 1)",False,True,-1,80.68614712642369,90.37511148738102,0.8312798863183252,0.9611027597734093,0.8912011470275726,274.7,0.8409764225947258,0.7484121120685755,0.7910508273567841,98.8,0.8858537937126301,0.707574569038825,0.7856099630971064,154.0,0.6,0.255,0.35428571428571426,3.3,0.9736540954392323,0.9963520989428811,0.9848491782897085,171.7,0.9952731523291185,0.9960945274961628,0.9956574235521571,270.6,0.7392693411052502,0.7224998585968885,0.7283220741240932,49.9,0.940732202889833,0.9088930679366983,0.9239154423807593,48.2
True,False,False,5000,"(1, 2)",False,False,-1,83.86648710601521,91.64470016862467,0.9190394090976305,0.9439573230709699,0.9311154380222849,274.7,0.7969997243461624,0.8626647387568328,0.8270269959532774,98.8,0.9329150525262007,0.6916496024363993,0.7937945286155867,154.0,0.6333333333333334,0.5216666666666667,0.5470995670995671,3.3,0.9971542895980129,0.9981669901327723,0.9976544109436866,171.7,0.9892360637755029,0.9985488404226922,0.9937657420183665,270.6,0.5976765672525872,0.8305585364149335,0.6935535566809592,49.9,0.8972349449099773,0.9565922551073536,0.9253087291474875,48.2
True,False,False,5000,"(1, 2)",True,False,-1,82.55303612824784,92.2048807085023,0.8959291295690944,0.9636629074051355,0.9283488086022663,274.7,0.8234257308894308,0.8572507812580283,0.8387617871795687,98.8,0.9309334868589383,0.7101323121663008,0.8051112103605078,154.0,0.7,0.2533333333333333,0.36214285714285716,3.3,0.9988130149420471,0.9981669901327723,0.9984875159030313,171.7,0.9895986657224777,0.9989009530987485,0.9941382019091514,270.6,0.6635794961457753,0.8293709669122474,0.7351831768464188,49.9,0.9456711706854369,0.9388610769368331,0.9420693323160261,48.2
True,False,False,5000,"(1, 2)",False,True,-1,80.35192124365747,91.71005964574886,0.876920271310514,0.9639890473808318,0.9182424628273249,274.7,0.8407073892677752,0.8212013762691461,0.8299823672230957,98.8,0.91114100836555,0.7277528680045601,0.8083905637917154,154.0,0.45999999999999996,0.18333333333333332,0.23038461538461535,3.3,0.9988130149420471,0.9981669901327723,0.9984875159030313,171.7,0.9895749440566897,0.9956635430268062,0.99249298186097,270.6,0.676443964253375,0.7810878441744109,0.7224305754911483,49.9,0.942964164725217,0.9139657957279029,0.9277426170106974,48.2
True,False,False,5000,"(1, 3)",False,False,-1,82.39617297006887,90.73917875607955,0.9181328004947318,0.9253102379878021,0.9214418583659123,274.7,0.764617413179919,0.8590899264074284,0.8076011687526181,98.8,0.9419134758217524,0.6603975852209352,0.7755404461577305,154.0,0.5530952380952381,0.5216666666666667,0.5083333333333332,3.3,0.9976963353124344,0.9981669901327723,0.99792616814144,171.7,0.9892224128461695,0.9981642250380769,0.9935905634203237,270.6,0.5583436532109955,0.8476806480147129,0.6716941111875556,49.9,0.8791946180363539,0.9570562746036136,0.9155661882465965,48.2
True,False,False,5000,"(1, 3)",True,False,-1,79.24771286375451,91.43006083030227,0.8956272957880325,0.9581420460413543,0.9256351611362804,274.7,0.7945278924128398,0.8589932570581142,0.8240087745645976,98.8,0.923327899381255,0.6993292413117487,0.7953645928225405,154.0,0.335,0.13833333333333334,0.1641941391941392,3.3,0.9971281534942525,0.9981669901327723,0.9976412678565397,171.7,0.9894335136836563,0.9852044796871278,0.9872233799318664,270.6,0.6563186894581351,0.8127095580338274,0.7235833450378405,49.9,0.9131244433179105,0.9322357452454636,0.9221663685565564,48.2
True,False,False,5000,"(1, 3)",False,True,-1,79.33871833627674,91.42074118204496,0.8886742206271954,0.9567638139386838,0.921242669285492,274.7,0.8135789944430677,0.833809457852235,0.821794971795731,98.8,0.9005429057694038,0.7189181945622847,0.7989298143519487,154.0,0.1383333333333333,0.15833333333333333,0.13993006993006993,3.3,0.9988130149420471,0.9987919901327722,0.9988009955268555,171.7,0.9879278892264448,0.9852044796871278,0.986465807478592,270.6,0.6823729231328727,0.8132757580356303,0.7404563233941086,49.9,0.956876032117189,0.922998485126128,0.9394768151393423,48.2
True,False,True,1000,"(1, 1)",False,False,-1,82.16711403378137,90.02032902713324,0.8877027254373943,0.9152786866789431,0.9010354393320877,274.7,0.7249099003506383,0.8268731668795051,0.7702701382378975,98.8,0.8984989439809864,0.6618184591472145,0.7615652972979071,154.0,0.52,0.5416666666666667,0.5090043290043289,3.3,0.9954386311268768,0.9981669901327723,0.9967956803173479,171.7,0.9873370926904196,0.9973380122639632,0.9922363947076882,270.6,0.6426527120897872,0.7892461447234712,0.7055336232049239,49.9,0.9028170833009899,0.974896284430914,0.9369282206003284,48.2
True,False,True,1000,"(1, 1)",True,False,-1,81.4151310118855,90.37509406747772,0.8383144616138731,0.9577673517601525,0.8939235314665958,274.7,0.7826170278774074,0.789418147952354,0.7844761040774928,98.8,0.9081570850285777,0.65805188473367,0.7622161967180703,154.0,0.6083333333333334,0.3183333333333333,0.39555555555555555,3.3,0.996549742237988,0.9981669901327723,0.9973494978384421,171.7,0.9888490029621171,0.9985359895950989,0.9935789867484172,270.6,0.7245264897453971,0.7418452829410637,0.7305120738605961,49.9,0.9532004803012312,0.9584045376058722,0.955598534685671,48.2
True,False,True,1000,"(1, 1)",False,True,-1,79.48464034980799,89.05874165586631,0.8057724118715479,0.9482140762395124,0.8709171266301686,274.7,0.7713238233239524,0.7110783018673585,0.7382835293400807,98.8,0.8757748875744079,0.6517955395551597,0.7465340171616924,154.0,0.7,0.23833333333333337,0.34714285714285714,3.3,0.9965439921373612,0.9970014495922317,0.9967630557163314,171.7,0.9888492861518223,0.9985773285032792,0.9935997271826501,270.6,0.7470608490017747,0.7292286018715225,0.7346842560886325,49.9,0.9371357819085988,0.925133715773953,0.930846658722227,48.2
True,False,True,1000,"(1, 2)",False,False,-1,80.58707281563504,89.66576431567651,0.9001510997988553,0.9257921771237182,0.9125406903598321,274.7,0.7079499221726531,0.8505447540596073,0.7709875588703545,98.8,0.9376180628986136,0.6060513867014259,0.7351388531351539,154.0,0.445,0.5416666666666667,0.4660678210678211,3.3,0.9953967650981687,0.9981669901327723,0.996771342421577,171.7,0.9874582487513909,0.9985163377141333,0.9928584490342314,270.6,0.5803109485872364,0.7922414902533312,0.6671592861314884,49.9,0.8597748533133395,0.9570224032559785,0.9054418242303452,48.2
True,False,True,1000,"(1, 2)",True,False,-1,77.16070002389147,89.62838120322758,0.8659882506881826,0.9458190184295185,0.9039612881607676,274.7,0.7188983777777703,0.8287725590957068,0.7680188576921575,98.8,0.9185640176027569,0.6278082555600452,0.7448618005170515,154.0,0.11538461538461538,0.17166666666666666,0.12676767676767678,3.3,0.9971511510630808,0.9981669901327723,0.9976528328476594,171.7,0.9868805707079495,0.9852044796871278,0.9859337923783048,270.6,0.6671232023139833,0.7532339409745238,0.703579387945204,49.9,0.9304087919450629,0.9545345502531422,0.942080365602496,48.2
True,False,True,1000,"(1, 2)",False,True,-1,77.80135789746632,89.60034386889086,0.8525371511187629,0.9490210317796028,0.8980291878308548,274.7,0.7415806951698999,0.8064132800431633,0.7709230445176656,98.8,0.9128218817378704,0.6337928701367862,0.7469220853536065,154.0,0.16166666666666668,0.21333333333333332,0.17260683760683762,3.3,0.9971511510630808,0.9981669901327723,0.9976528328476594,171.7,0.9864996905006695,0.9844798039532623,0.9853603351158737,270.6,0.6934549202802149,0.7624769946687971,0.7224434883680465,49.9,0.9112401940473088,0.9507654048591355,0.9301708201567621,48.2
True,False,True,1000,"(1, 3)",False,False,-1,79.41524299686577,89.25501170617501,0.9100311853007126,0.9136663283018687,0.9115340262933109,274.7,0.6822574594681232,0.8566823879390231,0.7579866559872068,98.8,0.9410715658753528,0.5898633238123645,0.7238678942186599,154.0,0.40166666666666667,0.42666666666666664,0.4032539682539683,3.3,0.9953967650981687,0.9981669901327723,0.996771342421577,171.7,0.9877767003962091,0.9985163377141333,0.9930189601765097,270.6,0.5565582778093853,0.8105816083654537,0.6572202747685435,49.9,0.8622122647467474,0.9631442155908875,0.9095663176294874,48.2
True,False,True,1000,"(1, 3)",True,False,-1,77.9295198139087,89.68437748233623,0.880937684347483,0.9403989536692002,0.9094979380173633,274.7,0.7025005893680578,0.8418016610960676,0.7638137547330007,98.8,0.9193676613769896,0.6223389504920569,0.741058687351428,154.0,0.1753846153846154,0.24666666666666667,0.18754689754689757,3.3,0.9971511510630808,0.9981669901327723,0.9976528328476594,171.7,0.9883709774660296,0.9852044796871278,0.9866694522950104,270.6,0.6568530081450471,0.7780047403146424,0.708726854416104,49.9,0.9238270306523381,0.9565673785359703,0.9393951679052324,48.2
True,False,True,1000,"(1, 3)",False,True,-1,78.03652038446236,89.50701673704307,0.8719485945586355,0.939379969978827,0.9041685538378303,274.7,0.7146446692497219,0.8186316363074774,0.7608859470507537,98.8,0.9074685422582561,0.6290030184546092,0.7419395024338302,154.0,0.19984848484848486,0.26666666666666666,0.20976911976911977,3.3,0.9971511510630808,0.9975419901327722,0.997337381653874,171.7,0.9879987597670556,0.9844367225400603,0.9860994938527752,270.6,0.6626108947217929,0.7784766655531052,0.7125892424001119,49.9,0.9062041968482563,0.9568095225061942,0.9301323897586942,48.2
True,False,True,5000,"(1, 1)",False,False,-1,83.11200594932194,90.543100324707,0.9229711047172751,0.9251804474351906,0.923822233134816,274.7,0.7396438791715717,0.8315271885998028,0.7808996659543304,98.8,0.8998341252698724,0.7030836939373899,0.7886176419837363,154.0,0.5716666666666665,0.575,0.558051948051948,3.3,0.937742682728236,0.9981669901327723,0.9669724722116737,171.7,0.9987731883038743,0.9860400771744626,0.9923555034035585,270.6,0.640965062053845,0.7756259535242255,0.6989104452955134,49.9,0.91191997881402,0.9688641928327847,0.9393305659101788,48.2
True,False,True,5000,"(1, 1)",True,False,-1,77.96436441486475,90.64573839486042,0.8513316731937597,0.9675296542950921,0.9055047130586866,274.7,0.7908651670369802,0.7748630314264355,0.781412680458333,98.8,0.9147558431641398,0.690422837930026,0.7860829057801199,154.0,0.2,0.075,0.10666666666666666,3.3,0.9525668366329111,0.9981669901327723,0.9748099288590739,171.7,0.9961625447831788,0.9953449486078977,0.9957432422409609,270.6,0.7575651904507523,0.7391278597963941,0.7460201753800104,49.9,0.953249289031629,0.9291827125288321,0.9409088407453281,48.2
True,False,True,5000,"(1, 1)",False,True,-1,79.6435441551513,89.42290473403291,0.8210890102800992,0.9556736080220544,0.8831285410212987,274.7,0.7977875756415252,0.7158420474098073,0.7532156874021602,98.8,0.8749245530571585,0.6762290442853269,0.7622478555685748,154.0,0.6,0.23833333333333334,0.3376190476190476,3.3,0.9519689211109192,0.9964732425467018,0.9736805249077932,171.7,0.9988286554687902,0.9939498249286466,0.9963763784317816,270.6,0.7621137935417813,0.7311959917588101,0.7427509659350002,49.9,0.9424038093714175,0.9043295150531623,0.9224645315264475,48.2
True,False,True,5000,"(1, 2)",False,False,-1,82.96049333105093,91.28070257953928,0.9200999305734804,0.9353880946315412,0.9274641442086841,274.7,0.7797310880506922,0.86078172940894,0.8170014163955346,98.8,0.9154487316528475,0.6841510888616364,0.7827932687636368,154.0,0.6214285714285714,0.4716666666666667,0.5002380952380953,3.3,0.9982448331238654,0.9981669901327723,0.998202615618131,171.7,0.9907451662635559,0.9985488404226922,0.9945355525561264,270.6,0.5849673672349446,0.8307459631896826,0.6842964127788456,49.9,0.9101383382382575,0.957043305546527,0.9323079609250211,48.2
True,False,True,5000,"(1, 2)",True,False,-1,82.17723971309717,91.85948757612499,0.8934478528105917,0.9577198158728064,0.9243333606642498,274.7,0.8000765610979503,0.8554936601165124,0.8255995169547798,98.8,0.9168268511463916,0.702808942482348,0.7952720761679686,154.0,0.7,0.2533333333333333,0.36214285714285716,3.3,0.9982448331238654,0.9981669901327723,0.998202615618131,171.7,0.9911210698780136,0.9989009530987485,0.9949127376654072,270.6,0.6755190653003617,0.813008025563572,0.7364403328764905,49.9,0.9382406673289887,0.9368463154101944,0.9372756799578887,48.2
True,False,True,5000,"(1, 2)",False,True,-1,81.06734621873417,91.32731824072914,0.8721536626930471,0.9544626870484526,0.9112987165453876,274.7,0.8148567620172548,0.8175517304966394,0.8152786480302607,98.8,0.8990164280529405,0.7143772674883303,0.7955801858425924,154.0,0.51,0.24833333333333335,0.30538461538461537,3.3,0.9988130149420471,0.9981669901327723,0.9984875159030313,171.7,0.9910952737386232,0.995339918431337,0.9931054455967976,270.6,0.6959920499283806,0.7868395293631611,0.7361197944370464,49.9,0.9361623282013921,0.9249984851261279,0.930132775759002,48.2
True,False,True,5000,"(1, 3)",False,False,-1,81.75249264821949,90.75790515211058,0.9222427091115616,0.9240863569732716,0.9229160416470092,274.7,0.7600115827815923,0.8485260096361283,0.7999361636725839,98.8,0.929713480688967,0.6721089183263598,0.7792149594208138,154.0,0.5650000000000001,0.43833333333333335,0.45904761904761904,3.3,0.9982448331238654,0.9981669901327723,0.998202615618131,171.7,0.9896356543362759,0.9989009530987485,0.9941672763637783,270.6,0.5575194228968878,0.8378120940370088,0.6671628362830493,49.9,0.8833512646027909,0.9608517520020323,0.9195518998045763,48.2
True,False,True,5000,"(1, 3)",True,False,-1,80.00733356370873,91.28071128949094,0.8995754173744357,0.9469205312562059,0.9224589858055257,274.7,0.7726247229356764,0.8634133914920982,0.8142875887701395,98.8,0.9192555505861421,0.6960256700344628,0.7914568747486136,154.0,0.25,0.23333333333333334,0.2155433455433456,3.3,0.997660037802228,0.9981669901327723,0.997909360486166,171.7,0.9898166210435079,0.9855694431907773,0.9875993425605157,270.6,0.6687588093493696,0.8229052709780748,0.737125795223562,49.9,0.9262366409806179,0.9430244428383219,0.9342053919588296,48.2
True,False,True,5000,"(1, 3)",False,True,-1,79.3947608911683,91.00996244268852,0.8893423114117918,0.9459869127775062,0.9166599263241462,274.7,0.7978351513526902,0.8334262162890207,0.8138124981883201,98.8,0.8944899251489667,0.7062698412994503,0.7888988000467699,154.0,0.1758333333333333,0.22333333333333333,0.18730769230769231,3.3,0.9988130149420471,0.9981669901327723,0.9984875159030313,171.7,0.9886984520067136,0.9855694431907773,0.9870329470655296,270.6,0.6696373456856115,0.8102807319408581,0.7288420428232445,49.9,0.9349400538770286,0.9267826731603159,0.93053944863473,48.2
True,True,False,1000,"(1, 1)",False,False,-1,80.4651153532667,89.82428543556725,0.8716888910520589,0.9308287501892062,0.8999260534330317,274.7,0.7283136778672828,0.8110122615784199,0.7654573141216706,98.8,0.8949050627856623,0.6536459866577098,0.7546114207973271,154.0,0.41,0.41666666666666663,0.40638528138528135,3.3,0.9943115784784698,0.9993506493506494,0.9968181662540371,171.7,0.9884632465598984,0.9978277496150142,0.9929931278426801,270.6,0.670038372480233,0.7220105682262422,0.6906804588059614,49.9,0.8899767264694288,0.9751449246795542,0.9303374056213471,48.2
True,True,False,1000,"(1, 1)",True,False,-1,77.81927502242421,90.0297793246652,0.8323951996970497,0.9624328664201711,0.8923964864839597,274.7,0.7656544456618349,0.7601398810420837,0.7616535931043639,98.8,0.9004454591329528,0.6738198164239464,0.7697917457005213,154.0,0.25,0.125,0.16666666666666666,3.3,0.9948891560656413,0.9980762987012988,0.9964634689861678,171.7,0.9881512756493178,0.9985359895950989,0.9931900746377901,270.6,0.7444503469534813,0.6648933971843515,0.6988068587019952,49.9,0.9320310635465485,0.9624908021552333,0.9465731075124715,48.2
True,True,False,1000,"(1, 1)",False,True,-1,76.82905957362804,88.93754267876304,0.7947537580786566,0.9582931109435234,0.8686250418473378,274.7,0.7845678819222133,0.7059385655906201,0.7418479764273995,98.8,0.8772497987950457,0.6614359888313179,0.7531248090393838,154.0,0.3,0.11000000000000001,0.15714285714285717,3.3,0.9948743456017622,0.9969707864093458,0.9959092170434731,171.7,0.9899009202746558,0.9956635430268062,0.992618432111354,270.6,0.7938079814921919,0.6563932148503676,0.7147024300569499,49.9,0.9225679054390221,0.9231506209307028,0.9223540022214891,48.2
True,True,False,1000,"(1, 2)",False,False,-1,79.99820247372104,89.24560495840129,0.880960440435999,0.9280058543180083,0.90346819607048,274.7,0.6794614892999189,0.8301088534037113,0.7454949180913621,98.8,0.93268199169461,0.6027304775166648,0.7313514027949013,154.0,0.4616666666666667,0.42666666666666664,0.4313492063492063,3.3,0.9943107743290588,0.9974512987012986,0.9958613924772939,171.7,0.9870694484139648,0.9981513742104834,0.9924252341534234,270.6,0.6058473683734842,0.7502519236660139,0.6665893916859803,49.9,0.9038138389014401,0.9653664378131097,0.9333164562750358,48.2
True,True,False,1000,"(1, 2)",True,False,-1,77.7767974713976,89.88044720375713,0.8556229140634143,0.9499212666037558,0.8999798971908316,274.7,0.7293339437717584,0.7948665973946675,0.7587237032705255,98.8,0.9127003229913822,0.6674894911086684,0.7700562014356456,154.0,0.13818181818181818,0.18666666666666668,0.14756132756132756,3.3,0.9931344628953944,0.9987256493506493,0.9959146198105883,171.7,0.9872816852198646,0.9852044796871278,0.9860773666530529,270.6,0.7274397887440485,0.7070104493087237,0.7128475156111084,49.9,0.9300083906519763,0.9735195701352207,0.9509831661787267,48.2
True,True,False,1000,"(1, 2)",False,True,-1,77.55852127637348,89.51638864501024,0.8373793777907718,0.9536336608305829,0.8913386660200497,274.7,0.7483107285975683,0.7731525582516372,0.7585626166413844,98.8,0.9027302887963096,0.6611747304944257,0.7620341739955646,154.0,0.14666666666666667,0.2033333333333333,0.16112776112776112,3.3,0.9937530215656473,0.9980762987012988,0.995888743453887,171.7,0.9876662889584635,0.9848213379246756,0.9860751347926924,270.6,0.7365121134171883,0.6907102620136116,0.7087324894386542,49.9,0.9229765207353997,0.9605836323832453,0.9409221166398849,48.2
True,True,False,1000,"(1, 3)",False,False,-1,78.90267028204833,88.67622670958932,0.8757793362448085,0.9259429122384223,0.8996752303631794,274.7,0.6585832956853301,0.8254115262306314,0.7308262396310211,98.8,0.9426096833209809,0.5758996619176129,0.7142214005386938,154.0,0.3816666666666667,0.44666666666666666,0.4005122655122655,3.3,0.9913549076221748,0.9980762987012988,0.9946911487233958,171.7,0.9839082201009196,0.9989009530987485,0.9911126303708164,270.6,0.6074284224693758,0.7234567113663826,0.657857207429667,49.9,0.8856527941350683,0.9651412843748595,0.9233174999948272,48.2
True,True,False,1000,"(1, 3)",True,False,-1,75.1610339123388,88.98428898922755,0.8492231355587785,0.9457048702022879,0.8944083815066607,274.7,0.6952659981449121,0.7862075377798861,0.7359216916999931,98.8,0.9068055776776639,0.636128227289842,0.746781400640041,154.0,0.025,0.025,0.025,3.3,0.989064912403854,0.9980762987012988,0.9935362660390264,171.7,0.9836908056958288,0.9852044796871278,0.9841912984761901,270.6,0.7127047076616647,0.6680514366577206,0.6859025139631659,49.9,0.9220042580594459,0.9749291127137422,0.9471411606620261,48.2
True,True,False,1000,"(1, 3)",False,True,-1,76.36647008262568,89.01225664395112,0.8408383566855859,0.9477385208775179,0.890738980050474,274.7,0.7115212582755783,0.7791827978300893,0.7418150725691467,98.8,0.9067050974777207,0.6384314734900293,0.7484963324966476,154.0,0.11785714285714285,0.125,0.11818181818181817,3.3,0.9907869549403628,0.9980762987012988,0.9944013234760153,171.7,0.9840668959177137,0.9844616256944597,0.9840022120056571,270.6,0.7298986158768768,0.6631384352606258,0.691485896253414,49.9,0.9105140591899327,0.972845779380409,0.9401959715768822,48.2
True,True,False,5000,"(1, 1)",False,False,-1,82.9956401623796,91.01924725113926,0.9080733910681612,0.9364750888038932,0.9216559606311673,274.7,0.7641426209320697,0.8220475247871653,0.7900187585440199,98.8,0.8978777970246398,0.7246581970997196,0.801091338813183,154.0,0.5916666666666666,0.485,0.5205555555555555,3.3,0.9614054886447312,0.9987256493506493,0.9796667034506497,171.7,0.9940930485185804,0.9938809382029966,0.9939403898183787,270.6,0.6846407393536188,0.7317763605535416,0.7054181953596238,49.9,0.8918489552151303,0.9671246405390717,0.9273043108177884,48.2
True,True,False,5000,"(1, 1)",True,False,-1,78.63920524760839,91.39266029795003,0.8605795074218469,0.9693464753301507,0.9114959118608301,274.7,0.8158777907954177,0.7848499906239178,0.7989607892236046,98.8,0.9041505016399265,0.7253623794313686,0.8040976126810648,154.0,0.2,0.075,0.10666666666666666,3.3,0.9742051928570831,0.9987256493506493,0.9862822517443111,171.7,0.993348388031486,0.9985773285032792,0.9959226373792971,270.6,0.7740288894300162,0.7170024712204419,0.742091866943621,49.9,0.9402211066321184,0.9520517549120255,0.945618683309276,48.2
True,True,False,5000,"(1, 1)",False,True,-1,79.26601751294028,89.88039494404728,0.8255112137881946,0.9564206608711073,0.8859550574248249,274.7,0.8157591837347848,0.740298989594818,0.7745497653619984,98.8,0.8722324880471918,0.7004665107211692,0.7759390713220389,154.0,0.5,0.205,0.2876190476190476,3.3,0.9731492009734446,0.9958207533624192,0.9843297787968975,171.7,0.9941489926118902,0.9967831155952815,0.9954282325217193,270.6,0.7568839264869363,0.6854934203509283,0.7165141506723458,49.9,0.9358019216358293,0.9075964614514668,0.9209462973163495,48.2
True,True,False,5000,"(1, 2)",False,False,-1,82.07070055938895,91.12191145114762,0.9150085856893264,0.9341751104263268,0.9242450227338722,274.7,0.732949888258217,0.8579667478236452,0.7892161205859947,98.8,0.9343615973181612,0.6919051412218258,0.7943027893404777,154.0,0.6,0.3516666666666667,0.4391269841269841,3.3,0.991404966111703,0.9987012987012986,0.995030190413412,171.7,0.9913918803219636,0.9976941395679914,0.9944591818670462,270.6,0.6080697589045736,0.7701671645813432,0.6769671421613339,49.9,0.929438338765598,0.9770405933740035,0.9523086135219957,48.2
True,True,False,5000,"(1, 2)",True,False,-1,82.8456138260274,92.2048371587441,0.8918327059213402,0.9600724666554251,0.9244786635291813,274.7,0.789909696297437,0.8359025173682092,0.8111997625850496,98.8,0.9235800205559326,0.7407513649772769,0.8214172963927773,154.0,0.65,0.2783333333333333,0.3821428571428572,3.3,0.9975838077166351,0.9993506493506494,0.998464599183879,171.7,0.9913885634417191,0.9989009530987485,0.9950359075327377,270.6,0.721714819087683,0.7635121079023135,0.739828938138227,49.9,0.9485216075530772,0.9621642486274604,0.9550810815774838,48.2
True,True,False,5000,"(1, 2)",False,True,-1,82.32085038458912,91.71937058405453,0.8710079074476591,0.9614719741198078,0.913737197634896,274.7,0.7987187167217658,0.8102554477173202,0.803058291250099,98.8,0.900352068754424,0.7434334621376755,0.8135432255232267,154.0,0.65,0.2783333333333333,0.3821428571428572,3.3,0.9982205355260383,0.9980762987012988,0.9981447946493939,171.7,0.9925048490002603,0.9989009530987485,0.99559646539845,270.6,0.7576772940975212,0.7281973576974596,0.7392457172316079,49.9,0.9513637432126725,0.9314580859129261,0.9401994819365982,48.2
True,True,False,5000,"(1, 3)",False,False,-1,81.1653916378108,90.6925195451315,0.9262898068774881,0.9257582143610019,0.9258573562122047,274.7,0.7074191272358841,0.8763709489818196,0.7811446662657722,98.8,0.9493998733661055,0.6614491766312214,0.7785746958322111,154.0,0.575,0.33166666666666667,0.41690476190476183,3.3,0.9948971464677451,0.9987012987012986,0.9967842165286187,171.7,0.9909570852440901,0.9976941395679914,0.9942302205886826,270.6,0.573114500905668,0.7935648404895606,0.6628385538919301,49.9,0.9079879671943877,0.9687122876927565,0.9368968598006819,48.2
True,True,False,5000,"(1, 3)",True,False,-1,80.11939840797847,91.73807956018229,0.9027723480457169,0.9556732651644528,0.9281848169399364,274.7,0.7645142724329,0.8532820630207368,0.8050716294027531,98.8,0.9187759637890103,0.7308051562756814,0.8129519960575495,154.0,0.21500000000000002,0.20833333333333334,0.1860989010989011,3.3,0.9982247796479295,0.9993506493506494,0.9987861223209361,171.7,0.9908914728410627,0.9862166923817158,0.9884315948594701,270.6,0.7138971327635996,0.7611394615174849,0.7337635828773316,49.9,0.9508512808876727,0.9624633939266056,0.9562632290814003,48.2
True,True,False,5000,"(1, 3)",False,True,-1,79.56393282185118,91.40196252630405,0.8873027254716973,0.9557886030463589,0.9199881533170362,274.7,0.7780813146549979,0.8251205863755635,0.7997212972804136,98.8,0.8930828532804107,0.7412160996253514,0.8089085602577504,154.0,0.15833333333333333,0.20833333333333334,0.1685014985014985,3.3,0.9982247796479295,0.9993506493506494,0.9987861223209361,171.7,0.9920500110531059,0.9852173305147212,0.9885023532139728,270.6,0.7385553080287139,0.7453613620951278,0.7386762277352208,49.9,0.955390515703581,0.9317572312120715,0.9420304131212663,48.2
True,True,True,1000,"(1, 1)",False,False,-1,80.75401231829855,89.69356648131891,0.8808412389605269,0.919342590898332,0.8994321220277823,274.7,0.7024504795052893,0.806216296739052,0.7489128213064352,98.8,0.8879204344454419,0.6583350922498139,0.7551586803594024,154.0,0.4666666666666667,0.43,0.43614718614718606,3.3,0.9948670991614149,0.9987256493506493,0.9967847942421763,171.7,0.9903300607138406,0.9978277496150142,0.993958877223214,270.6,0.6557179654937743,0.7442558135537348,0.6935260101050968,49.9,0.8958740306879829,0.9814806079664571,0.9364004940525898,48.2
True,True,True,1000,"(1, 1)",True,False,-1,80.55310626916037,89.99230911269981,0.8304033197822516,0.9538051495960767,0.8876453742694377,274.7,0.7604659560088898,0.74534501258203,0.7518142589095206,98.8,0.8833091086718318,0.6773411400657117,0.7660740454113846,154.0,0.55,0.28500000000000003,0.3638888888888889,3.3,0.997131097587145,0.9981006493506493,0.9976074087328545,171.7,0.9899139397817978,0.9989009530987485,0.9942847823069647,270.6,0.7565210842718914,0.6970765130872568,0.7233377008939639,49.9,0.9532375217263234,0.9664405506222391,0.9595960421198146,48.2
True,True,True,1000,"(1, 1)",False,True,-1,77.09413633606664,88.71335723344063,0.7953826089594535,0.9480458606928901,0.8648084908052995,274.7,0.758970131476419,0.7070620056812175,0.7305600862172645,98.8,0.8586003175431633,0.6512105785316759,0.7395039571911067,154.0,0.35,0.13499999999999998,0.19047619047619047,3.3,0.997131097587145,0.9981006493506493,0.9976074087328545,171.7,0.9913894160259968,0.9985773285032792,0.9948629846803243,270.6,0.7819109171310036,0.6623080852696569,0.7132313593670181,49.9,0.9397928019336861,0.9340697973271267,0.9364804294152735,48.2
True,True,True,1000,"(1, 2)",False,False,-1,80.75989561420675,89.18955641958274,0.8965573799364732,0.9213624748487336,0.9084669978351156,274.7,0.6485323814797107,0.8369185615352709,0.7291446578332501,98.8,0.9469010103278481,0.6005538854121812,0.7340557354143364,154.0,0.5366666666666667,0.53,0.5123376623376623,3.3,0.9954679955907693,0.9981006493506493,0.9967673959418768,171.7,0.9895956052299205,0.9985359895950989,0.9939173450026262,270.6,0.5845782869881541,0.7427700441124284,0.6495967910355707,49.9,0.9019624598897629,0.9752377549075663,0.936505063736103,48.2
True,True,True,1000,"(1, 2)",True,False,-1,78.27015683499812,89.73108895299414,0.8639667751548904,0.9467319613451324,0.9032309394101008,274.7,0.699281218988416,0.8135967213192341,0.7506612770815074,98.8,0.9145808288497305,0.6495655872985495,0.7591267762176133,154.0,0.2,0.2533333333333333,0.21294594294594296,3.3,0.9960493509399264,0.9987256493506493,0.9973760971790424,171.7,0.9897742814933013,0.9855694431907773,0.9875259762281516,270.6,0.698533539600479,0.6958658455913667,0.6939220464549892,49.9,0.937838969372434,0.9773681371039862,0.956823491282502,48.2
True,True,True,1000,"(1, 2)",False,True,-1,78.06859103413771,89.27362487283469,0.8438321492112877,0.9459794312095197,0.8917576249668355,274.7,0.7099838291641399,0.788574527796779,0.7460734110503757,98.8,0.9033661323710064,0.6398004366302809,0.7482897755448016,154.0,0.20666666666666664,0.2733333333333333,0.2266833166833167,3.3,0.9954617185209054,0.997535677599237,0.9964841232721504,171.7,0.990532390241704,0.9852044796871278,0.9877145212976817,270.6,0.7118284919020471,0.6961183581301494,0.7013708707693564,49.9,0.9316918245153539,0.9642237484542173,0.9471136391464998,48.2
True,True,True,1000,"(1, 3)",False,False,-1,78.84034596638057,88.75080131555109,0.900440553907709,0.9189174692707542,0.9091714584676733,274.7,0.6302561208882023,0.8559684190094172,0.7243735960613805,98.8,0.9479664873127704,0.5685115353453873,0.7094579085224251,154.0,0.4033333333333333,0.45499999999999996,0.4035281385281385,3.3,0.9947936340741602,0.9981006493506493,0.9964391937300927,171.7,0.9895530758892823,0.9985163377141333,0.9938868850802081,270.6,0.5800114670018296,0.7379148839820313,0.6444524344146567,49.9,0.8888113625248453,0.9677405651753599,0.9259180625058703,48.2
True,True,True,1000,"(1, 3)",True,False,-1,76.64654577387738,89.03087852056245,0.8715502107861741,0.9392928383426409,0.903802210591155,274.7,0.6640007662774876,0.8295480867983486,0.7355471599717562,98.8,0.8991097766604425,0.6169646342297387,0.7309194274023887,154.0,0.15999999999999998,0.18333333333333332,0.1631118881118881,3.3,0.9948237009955306,0.9987256493506493,0.9967677756887129,171.7,0.9893868260728839,0.9852044796871278,0.987149283074435,270.6,0.6799214797969392,0.6646580252160204,0.6685752563429881,49.9,0.9188686544010842,0.9752228379586871,0.9458506607268677,48.2
True,True,True,1000,"(1, 3)",False,True,-1,76.49433274555247,88.79753891606394,0.8509390213994535,0.9407123633780362,0.8932446286886566,274.7,0.6759843947759349,0.8062935098461568,0.7330967089866595,98.8,0.8994125764244176,0.6174337526429315,0.7312672911703599,154.0,0.15166666666666667,0.17833333333333332,0.15755633255633256,3.3,0.99371218886449,0.9981006493506493,0.9958924316382257,171.7,0.9897700529699573,0.9844616256944597,0.9869608998109332,270.6,0.7081078247993143,0.6661317986132145,0.6822247098580957,49.9,0.9141220280169067,0.9665551810898109,0.9393036169349342,48.2
True,True,True,5000,"(1, 1)",False,False,-1,82.18196788146284,90.12305419680311,0.9136159966035781,0.9291329216868803,0.9210906209475727,274.7,0.7256084233196639,0.800364716717074,0.7593588082643372,98.8,0.8903175195035885,0.6896375601101766,0.776361696289825,154.0,0.6666666666666667,0.48999999999999994,0.5317460317460319,3.3,0.934769916174373,0.9987256493506493,0.9656440440075855,171.7,0.9976734306738674,0.9901609773321474,0.9938932646287022,270.6,0.6508249380870959,0.7463014955439207,0.691886576194783,49.9,0.9005562924398187,0.9723749169095466,0.9345763884381892,48.2
True,True,True,5000,"(1, 1)",True,False,-1,77.79191536061072,90.44046225455355,0.8484132991564662,0.9637201129425341,0.9022237279784184,274.7,0.784409088104614,0.757179299599732,0.7692362625136836,98.8,0.8929223142278792,0.6971919557538435,0.7825155494417528,154.0,0.2,0.075,0.10666666666666666,3.3,0.9473751979639417,0.9981006493506493,0.9720500870241867,171.7,0.996935501427162,0.9967831155952815,0.9968502380252892,270.6,0.8027518524533346,0.6955383607140537,0.7430040538439908,49.9,0.9459465728928645,0.9559640145796653,0.9508066433548696,48.2
True,True,True,5000,"(1, 1)",False,True,-1,78.93500346332029,88.76010354390512,0.8064756714464154,0.9538753844514725,0.8738128371231358,274.7,0.7824227753031303,0.703716337053747,0.7392183935228659,98.8,0.8638600996174859,0.6576015789019831,0.7460083060674202,154.0,0.6,0.23833333333333334,0.3376190476190476,3.3,0.9457098294006823,0.9941233002461327,0.9692916313945756,171.7,0.9980340424746739,0.9942445055720917,0.9961280883263257,270.6,0.7929703824300691,0.6739077478636515,0.7266902834740119,49.9,0.9413194255914862,0.9122986506371159,0.9260316895382402,48.2
True,True,True,5000,"(1, 2)",False,False,-1,81.88400973885572,91.09395250637567,0.9205896765835201,0.9311995564863293,0.9255382926744012,274.7,0.7228900340221662,0.8628074287022868,0.7844176357400234,98.8,0.9363216545977965,0.6843161697911351,0.7900875600247032,154.0,0.6,0.3383333333333333,0.42023809523809524,3.3,0.9931912004913375,0.9987256493506493,0.9959327887109485,171.7,0.9920944435908267,0.9969927006412792,0.9944694819877464,270.6,0.6055796915539708,0.8003807662263203,0.6863048557165341,49.9,0.9338235981858698,0.9757070230607967,0.9537320690160053,48.2
True,True,True,5000,"(1, 2)",True,False,-1,82.64809555687748,91.9060945273632,0.8907833933582235,0.9529904602425445,0.9205581392811348,274.7,0.7781388897856542,0.8423809868348153,0.8076345659738955,98.8,0.9061923697661843,0.7279197979739195,0.8069225066898842,154.0,0.65,0.2783333333333333,0.3821428571428572,3.3,0.9988130149420471,0.9987256493506493,0.9987676279478492,171.7,0.9924724425074508,0.9989009530987485,0.9955907381530391,270.6,0.7278600357060492,0.764901175914053,0.7435272050968526,49.9,0.947637908990069,0.9668499722525266,0.9567040042646852,48.2
True,True,True,5000,"(1, 2)",False,True,-1,82.55618295939774,91.37402971138705,0.8740444413811368,0.9501295075600844,0.9103527526204136,274.7,0.7851219399316351,0.8136436964258043,0.7979065205468441,98.8,0.8935892505005866,0.7214231872314534,0.7977897596967346,154.0,0.65,0.3383333333333333,0.425,3.3,0.9988130149420471,0.9987256493506493,0.9987676279478492,171.7,0.9932328652907744,0.9989009530987485,0.995972406293328,270.6,0.7179854731448072,0.7495279893909407,0.7303586321746807,49.9,0.947213368974516,0.9514334973330602,0.9483469374719684,48.2
True,True,True,5000,"(1, 3)",False,False,-1,81.08703766218233,90.48718243516313,0.92749819935221,0.9239060233279401,0.9254554390631153,274.7,0.692057501823897,0.862270174026458,0.7661582924548069,98.8,0.939551973158701,0.6511519082292087,0.7683749840160857,154.0,0.5966666666666667,0.3433333333333333,0.42404761904761906,3.3,0.9982811306340718,0.9987256493506493,0.9984995353182228,171.7,0.9918216412954186,0.9985488404226922,0.995077828587908,270.6,0.5702339904044719,0.8092242771110614,0.6658181608418554,49.9,0.9160898739220592,0.9732317142003059,0.9435311536449715,48.2
True,True,True,5000,"(1, 3)",True,False,-1,80.13219882509425,91.57935811140376,0.9020241277141947,0.9496973671542317,0.9249997357417671,274.7,0.758633263155492,0.8581737949733748,0.8036191385863362,98.8,0.9000174951709686,0.7177388202671169,0.7980902760818019,154.0,0.275,0.20833333333333334,0.1972893772893773,3.3,0.9988130149420471,0.9993506493506494,0.9990811075716735,171.7,0.9916953743581942,0.9899339008293758,0.9907059623995134,270.6,0.7160154310818249,0.7647144827302499,0.7359625033023157,49.9,0.9533486617007888,0.968999625534255,0.9608278050347536,48.2
True,True,True,5000,"(1, 3)",False,True,-1,79.79490843430969,91.01923854118763,0.8920502316318009,0.943879007095868,0.9169945001850002,274.7,0.7607161640601059,0.8361773622946382,0.79494163800036,98.8,0.8855816508578138,0.7216121788820262,0.7947700557212702,154.0,0.19055555555555553,0.28833333333333333,0.2203846153846154,3.3,0.9988130149420471,0.9993506493506494,0.9990811075716735,171.7,0.992074959067993,0.9852173305147212,0.9885226202252679,270.6,0.7024355679743413,0.749611287498805,0.7215791177902053,49.9,0.9527626379027601,0.9435432258398476,0.9473190198663808,48.2
