Lower Case,Remove Stop Words,Stem,Max Features,N-gram Range,TF,TFIDF, alpha, F1score, accu ,Functional Precision,Functional Recall,Functional F1-Score,Functional Support,Code Precision,Code Recall,Code F1-Score,Code Support,IDE Precision,IDE Recall,IDE F1-Score,IDE Support,General Precision,General Recall,General F1-Score,General Support,Notice Precision,Notice Recall,Notice F1-Score,Notice Support,ToDo Precision,ToDo Recall,ToDo F1-Score,ToDo-Support
<_io.TextIOWrapper name='outputNBGridSearchFunctional.csv' mode='w' encoding='cp1252'>,True,False,False,1000,'(1, 1)',False,False,-1,83.24320667060798,94.66010284710899,0.9861743077843137,0.9136732445308944,0.9485136810884931,527.5,0.5033333333333333,0.5416666666666667,0.5025757575757576,3.3,0.996549742237988,0.9981669901327723,0.99735122286863,171.7,0.9946851616922651,0.9981927131186641,0.9964286019489652,270.6,0.5098239025013646,0.8344737145566453,0.6319369539837051,49.9,0.8672068908532033,0.9753706030891948,0.9177861827709275,48.2
<_io.TextIOWrapper name='outputNBGridSearchFunctional.csv' mode='w' encoding='cp1252'>,True,False,False,1000,'(1, 1)',True,False,-1,83.6171660676267,96.97523412350014,0.9599351038983663,0.9847635297157048,0.9721506346466008,527.5,0.625,0.31333333333333335,0.3866666666666666,3.3,0.9965454981160967,0.9975176394834216,0.9970216497907243,171.7,0.9962923121251215,0.9985359895950989,0.9974100088196417,270.6,0.8054547428740977,0.6313876275876351,0.7054603259100573,49.9,0.9764233053286931,0.9412424493354624,0.9583206782239104,48.2
<_io.TextIOWrapper name='outputNBGridSearchFunctional.csv' mode='w' encoding='cp1252'>,True,False,False,1000,'(1, 1)',False,True,-1,82.9390653682544,96.69514820853712,0.9564351801727138,0.9845838375129592,0.970237776079885,527.5,0.61,0.31333333333333335,0.37038461538461537,3.3,0.9965365740168666,0.9957871271914687,0.9961519260580463,171.7,0.9939858788166152,0.9956635430268062,0.9948057081921924,270.6,0.814845604845605,0.6311991536314874,0.7057597045171187,49.9,0.9718071307574414,0.9088536880992555,0.9390041918634063,48.2
<_io.TextIOWrapper name='outputNBGridSearchFunctional.csv' mode='w' encoding='cp1252'>,True,False,False,1000,'(1, 2)',False,False,-1,81.65175825558339,93.64258887634657,0.9895111724966987,0.88967648387243,0.9368911522027383,527.5,0.43499999999999994,0.5416666666666667,0.46963924963924963,3.3,0.9953967650981687,0.9981669901327723,0.996771342421577,171.7,0.9929872514731383,0.9985163377141333,0.995737735106849,270.6,0.4707505360158975,0.8773046200159019,0.6114250560071598,49.9,0.8268518885589728,0.9619534871666989,0.88864095995743,48.2
<_io.TextIOWrapper name='outputNBGridSearchFunctional.csv' mode='w' encoding='cp1252'>,True,False,False,1000,'(1, 2)',True,False,-1,77.47517171736466,96.39650138662431,0.9666495183302638,0.9748535878046658,0.9707080418015547,527.5,0.02909090909090909,0.05333333333333333,0.034285714285714294,3.3,0.9959815604198059,0.9981669901327723,0.9970645975535419,171.7,0.9966076964210359,0.9855694431907773,0.9910435761895287,270.6,0.719056597270802,0.6938619303390055,0.7048539144893763,49.9,0.9561507638812221,0.9458858477830218,0.950554458722164,48.2
<_io.TextIOWrapper name='outputNBGridSearchFunctional.csv' mode='w' encoding='cp1252'>,True,False,False,1000,'(1, 2)',False,True,-1,77.43289001988005,96.47116309210251,0.9667343164644752,0.9767805756636945,0.9717015855510626,527.5,0.025,0.02,0.022222222222222223,3.3,0.9959815604198059,0.9981669901327723,0.9970645975535419,171.7,0.9947749938166206,0.9852044796871278,0.9899504597081605,270.6,0.7523541957732589,0.697047103508562,0.7223556969747145,49.9,0.9445065846960023,0.941693499774636,0.9426788391831007,48.2
<_io.TextIOWrapper name='outputNBGridSearchFunctional.csv' mode='w' encoding='cp1252'>,True,False,False,1000,'(1, 3)',False,False,-1,79.34789596753885,92.44768803043605,0.9913568605040914,0.8648458103045431,0.9237338414816538,527.5,0.38166666666666665,0.42666666666666664,0.395981240981241,3.3,0.9953967650981687,0.9981669901327723,0.996771342421577,171.7,0.9940427557290631,0.9985163377141333,0.9962682149084563,270.6,0.41675393546734263,0.8935683064327469,0.5668786186397152,49.9,0.8152291807285268,0.9602632355943719,0.8812404996196864,48.2
<_io.TextIOWrapper name='outputNBGridSearchFunctional.csv' mode='w' encoding='cp1252'>,True,False,False,1000,'(1, 3)',True,False,-1,78.00964159715927,96.34048768761235,0.9704899848647539,0.9704912840562467,0.9704626833203969,527.5,0.06742424242424241,0.07833333333333332,0.06507936507936508,3.3,0.995422901201929,0.9981669901327723,0.996784485508724,171.7,0.9969610924209888,0.9848523670110714,0.9908558395227022,270.6,0.7013759085197689,0.7252501671469386,0.7119564783299804,49.9,0.9419610356963297,0.9494734949367066,0.9454396440683881,48.2
<_io.TextIOWrapper name='outputNBGridSearchFunctional.csv' mode='w' encoding='cp1252'>,True,False,False,1000,'(1, 3)',False,True,-1,77.02589350236549,96.40586458463983,0.9669875807000571,0.9754945234002811,0.9711728376664185,527.5,0.0,0.0,0.0,3.3,0.9959815604198059,0.9981669901327723,0.9970645975535419,171.7,0.995392780090603,0.9833599341301384,0.9893223831240497,270.6,0.7493416424078356,0.7063017452367556,0.7255050967352695,49.9,0.9349906590361317,0.9433634900594445,0.9384886950626494,48.2
<_io.TextIOWrapper name='outputNBGridSearchFunctional.csv' mode='w' encoding='cp1252'>,True,False,False,5000,'(1, 1)',False,False,-1,80.00048418273975,94.80019370932452,0.9747144953909098,0.9386600867459152,0.9562612576312682,527.5,0.5,0.21833333333333332,0.2983333333333333,3.3,0.9282329166139498,0.9981669901327723,0.9618797289845146,171.7,0.9943493260483681,0.9859629077860296,0.9901222606692006,270.6,0.6054361462537718,0.7935076842923643,0.6840081321563186,49.9,0.9528229276811407,0.8716471258259381,0.9094243381897492,48.2
<_io.TextIOWrapper name='outputNBGridSearchFunctional.csv' mode='w' encoding='cp1252'>,True,False,False,5000,'(1, 1)',True,False,-1,79.19861482039826,96.62049521301057,0.9582091415676809,0.9800680565225124,0.9689619970164612,527.5,0.2,0.1,0.13333333333333333,3.3,0.9735962440468466,0.9975176394834216,0.9853873775710216,171.7,0.9970641221709785,0.9974588528668071,0.9972578098926681,270.6,0.8256746316966636,0.6432582145849326,0.7198122769368035,49.9,0.9669288462338264,0.9285223235492991,0.9471640944736087,48.2
<_io.TextIOWrapper name='outputNBGridSearchFunctional.csv' mode='w' encoding='cp1252'>,True,False,False,5000,'(1, 1)',False,True,-1,81.26223350814375,96.37775757068997,0.9562952001181921,0.9783675413037031,0.9671638889845763,527.5,0.5,0.205,0.2876190476190476,3.3,0.9736156169410503,0.9946071759210197,0.9839743271539568,171.7,0.9973302590173525,0.9960945274961628,0.99670557584779,270.6,0.8066643337209033,0.6592582692920013,0.7223399448610293,49.9,0.9555191334136517,0.8853859874195746,0.9179312260222255,48.2
<_io.TextIOWrapper name='outputNBGridSearchFunctional.csv' mode='w' encoding='cp1252'>,True,False,False,5000,'(1, 2)',False,False,-1,83.15004974930812,94.38941496996809,0.9905228451048147,0.9041952631570236,0.9453578940766363,527.5,0.6083333333333334,0.4716666666666667,0.5137662337662338,3.3,0.9982448331238654,0.9981669901327723,0.998202615618131,171.7,0.9962607968569201,0.9989009530987485,0.9975748851343773,270.6,0.49900487861731424,0.8919747352814943,0.6386177818274283,49.9,0.8408666072481775,0.9590817845481026,0.8954835745356796,48.2
<_io.TextIOWrapper name='outputNBGridSearchFunctional.csv' mode='w' encoding='cp1252'>,True,False,False,5000,'(1, 2)',True,False,-1,82.94321573740903,96.9472751787282,0.9752380008574028,0.9699561570312211,0.9725514597507674,527.5,0.6,0.22833333333333333,0.3221428571428572,3.3,0.9988130149420471,0.9981669901327723,0.9984875159030313,171.7,0.9977713069517311,0.9989009530987485,0.9983331315363715,270.6,0.7052495250492542,0.7888418194932862,0.7428161633383737,49.9,0.9495202535559677,0.9357263052045003,0.9422618165731406,48.2
<_io.TextIOWrapper name='outputNBGridSearchFunctional.csv' mode='w' encoding='cp1252'>,True,False,False,5000,'(1, 2)',False,True,-1,82.10695360346493,96.8072104463676,0.9701055064694277,0.9741709934429869,0.9721087906764403,527.5,0.51,0.22833333333333333,0.2875274725274725,3.3,0.9988130149420471,0.9981669901327723,0.9984875159030313,171.7,0.9955077034457448,0.9956635430268062,0.9955644382528408,270.6,0.7381221289916596,0.7670998461641921,0.7507512503406345,49.9,0.9469944638564323,0.8991166406187047,0.9219777485074756,48.2
<_io.TextIOWrapper name='outputNBGridSearchFunctional.csv' mode='w' encoding='cp1252'>,True,False,False,5000,'(1, 3)',False,False,-1,81.50232540307982,93.15711359170533,0.9921031054336094,0.8775061287948416,0.9312656565995635,527.5,0.55,0.4716666666666667,0.4920995670995671,3.3,0.9988130149420471,0.9981669901327723,0.9984875159030313,171.7,0.9965996392577587,0.9989009530987485,0.9977453200290236,270.6,0.44444507140059697,0.9029357284255285,0.5948468512961527,49.9,0.8041371479851811,0.9631765786428966,0.8756946132574516,48.2
<_io.TextIOWrapper name='outputNBGridSearchFunctional.csv' mode='w' encoding='cp1252'>,True,False,False,5000,'(1, 3)',True,False,-1,80.34822101532586,96.59254497819029,0.970266259011758,0.9747311375759675,0.9724620843546413,527.5,0.5,0.13833333333333334,0.21380952380952384,3.3,0.9977193328812628,0.9981669901327723,0.9979377331325597,171.7,0.9977088027261425,0.9852044796871278,0.9914050514079257,270.6,0.724842296229075,0.761577404540908,0.7407176649423042,49.9,0.8936667449258773,0.9169489474248685,0.9045612032725966,48.2
<_io.TextIOWrapper name='outputNBGridSearchFunctional.csv' mode='w' encoding='cp1252'>,True,False,False,5000,'(1, 3)',False,True,-1,79.33993467389311,96.44312575776578,0.9668528429587617,0.9741915990146668,0.9704309134357892,527.5,0.12833333333333333,0.155,0.13311688311688313,3.3,0.9977193328812628,0.9987919901327722,0.9982512127563842,171.7,0.995483147536359,0.9852044796871278,0.9903054572663749,270.6,0.742799104955726,0.7487201627456652,0.7412758243338966,49.9,0.9544159071345121,0.9019893450605533,0.9270157895242586,48.2
<_io.TextIOWrapper name='outputNBGridSearchFunctional.csv' mode='w' encoding='cp1252'>,True,False,True,1000,'(1, 1)',False,False,-1,83.79214197765505,94.86553576654542,0.9858526995177543,0.9168230304227938,0.9500534064801298,527.5,0.5366666666666666,0.5416666666666667,0.5161471861471861,3.3,0.9971345375596254,0.9975419901327722,0.9973290268068095,171.7,0.9951635485651742,0.9985773285032792,0.9968635121811961,270.6,0.521801254267122,0.8467915677588458,0.6445201531505205,49.9,0.8758783411025173,0.9754848008385743,0.9226152338934618,48.2
<_io.TextIOWrapper name='outputNBGridSearchFunctional.csv' mode='w' encoding='cp1252'>,True,False,True,1000,'(1, 1)',True,False,-1,83.35266310349492,97.00323661803029,0.9581231563396996,0.9868861559217071,0.9722340894678216,527.5,0.6083333333333334,0.29333333333333333,0.3688888888888889,3.3,0.9977193328812628,0.9975419901327722,0.9976222819387741,171.7,0.9959080549225605,0.9985359895950989,0.9972161109004547,270.6,0.8281979960428828,0.6251261561715774,0.709404467577752,49.9,0.9804013730227821,0.9329381554359966,0.955793947436003,48.2
<_io.TextIOWrapper name='outputNBGridSearchFunctional.csv' mode='w' encoding='cp1252'>,True,False,True,1000,'(1, 1)',False,True,-1,83.41205955959458,96.79780369859385,0.9550447551178468,0.9870549312604417,0.9707355743399961,527.5,0.7,0.31333333333333335,0.40499999999999997,3.3,0.9977104087820325,0.9953032515165818,0.9964997863077472,171.7,0.9944007777954976,0.99825370390781,0.9963173813243079,270.6,0.8256178486417622,0.6117653743501721,0.6992386170378524,49.9,0.9703587878571953,0.9068944761756745,0.936932214565771,48.2
<_io.TextIOWrapper name='outputNBGridSearchFunctional.csv' mode='w' encoding='cp1252'>,True,False,True,1000,'(1, 2)',False,False,-1,81.38299473213598,93.46525426090834,0.9880300056067662,0.8878225697862302,0.9351872789226949,527.5,0.45166666666666666,0.5416666666666667,0.4732106782106783,3.3,0.9965663557414436,0.9981669901327723,0.9973595777156946,171.7,0.9955485847938113,0.9985163377141333,0.9970262178846367,270.6,0.45729487215795633,0.8586022121932093,0.5949953499573695,49.9,0.8182662905325424,0.965104999904613,0.8852005812370839,48.2
<_io.TextIOWrapper name='outputNBGridSearchFunctional.csv' mode='w' encoding='cp1252'>,True,False,True,1000,'(1, 2)',True,False,-1,78.18064245549546,96.43386707916999,0.9646060248344843,0.9773033063153228,0.9708763880693189,527.5,0.06538461538461539,0.11166666666666666,0.07222222222222222,3.3,0.9971511510630808,0.9981669901327723,0.9976528328476594,171.7,0.9954634989325493,0.9852044796871278,0.9902934963526127,270.6,0.7383416009859779,0.6728320437022656,0.7021928414357321,49.9,0.9676107474302265,0.9481859832843768,0.9576007664021816,48.2
<_io.TextIOWrapper name='outputNBGridSearchFunctional.csv' mode='w' encoding='cp1252'>,True,False,True,1000,'(1, 2)',False,True,-1,78.16687862175085,96.48984593837534,0.9625998109225309,0.9805253808616822,0.971443937648556,527.5,0.06666666666666667,0.08,0.07272727272727272,3.3,0.9971511510630808,0.9981669901327723,0.9976528328476594,171.7,0.9955542571216845,0.9852044796871278,0.9903345158429987,270.6,0.7777052066775884,0.6665993685183709,0.7168039910552656,49.9,0.9515040540689818,0.932038984848201,0.9410501671832987,48.2
<_io.TextIOWrapper name='outputNBGridSearchFunctional.csv' mode='w' encoding='cp1252'>,True,False,True,1000,'(1, 3)',False,False,-1,79.12095900631445,92.10234715776858,0.9898553908641844,0.8584526227630361,0.919409227634058,527.5,0.39333333333333337,0.44666666666666666,0.4093145743145744,3.3,0.9965663557414436,0.9981669901327723,0.9973595777156946,171.7,0.9958711654389726,0.9985163377141333,0.9971877687731666,270.6,0.40512324351010937,0.8840243586553369,0.554086182670251,49.9,0.7939676858362034,0.9631442155908875,0.8699002092711225,48.2
<_io.TextIOWrapper name='outputNBGridSearchFunctional.csv' mode='w' encoding='cp1252'>,True,False,True,1000,'(1, 3)',True,False,-1,77.85950737419577,96.4992352662458,0.9678247776053894,0.9757943088188584,0.9717374462614108,527.5,0.03205128205128205,0.08666666666666667,0.043181818181818175,3.3,0.9971511510630808,0.9981669901327723,0.9976528328476594,171.7,0.9973946508178333,0.9852044796871278,0.9912479147128112,270.6,0.7273968489717444,0.7069320455931696,0.714569439195867,49.9,0.9616067496314008,0.9456881025733994,0.9531809912521801,48.2
<_io.TextIOWrapper name='outputNBGridSearchFunctional.csv' mode='w' encoding='cp1252'>,True,False,True,1000,'(1, 3)',False,True,-1,77.38932594504331,96.62988454088102,0.9645795819574007,0.9816926340500449,0.9730347386819294,527.5,0.0,0.0,0.0,3.3,0.9971511510630808,0.9981669901327723,0.9976528328476594,171.7,0.9961918619184529,0.9833599341301384,0.9897168012050954,270.6,0.7820640370914862,0.6928842021900269,0.7336032192437919,49.9,0.9580683573958323,0.942295711791164,0.9493519647241223,48.2
<_io.TextIOWrapper name='outputNBGridSearchFunctional.csv' mode='w' encoding='cp1252'>,True,False,True,5000,'(1, 1)',False,False,-1,79.93806631010638,94.84680066056274,0.9675676389088675,0.9477414583283614,0.9574755734699913,527.5,0.45,0.23500000000000001,0.2983333333333333,3.3,0.9154721907075738,0.9981669901327723,0.9549905034747252,171.7,0.9961564857515448,0.9821764417062463,0.9891055391452683,270.6,0.6530528490501967,0.7447063703929964,0.6932780235073074,49.9,0.9594184526886899,0.8551665754651461,0.9031010056757565,48.2
<_io.TextIOWrapper name='outputNBGridSearchFunctional.csv' mode='w' encoding='cp1252'>,True,False,True,5000,'(1, 1)',True,False,-1,77.33801975645015,96.10706969354905,0.9525835976356903,0.9774461922185461,0.9648052011868147,527.5,0.1,0.05,0.06666666666666667,3.3,0.9514318906114966,0.9970014495922317,0.9736546263087362,171.7,0.998121070098463,0.9953449486078977,0.9967251521131304,270.6,0.8501191525185166,0.6077141335601925,0.7063145058335627,49.9,0.9679591975341104,0.8992163303589565,0.9321150332780983,48.2
<_io.TextIOWrapper name='outputNBGridSearchFunctional.csv' mode='w' encoding='cp1252'>,True,False,True,5000,'(1, 1)',False,True,-1,80.738835036972,95.86435818108336,0.9512517840777944,0.9746405011145416,0.9627607482481408,527.5,0.5,0.21333333333333332,0.2976190476190476,3.3,0.949745507312888,0.9935350649520152,0.9711096479672303,171.7,0.9992541873836839,0.9939498249286466,0.9965895980479861,270.6,0.824832163525914,0.624959695324059,0.7079066829009084,49.9,0.9559748707689621,0.8662269216929147,0.9083443774350062,48.2
<_io.TextIOWrapper name='outputNBGridSearchFunctional.csv' mode='w' encoding='cp1252'>,True,False,True,5000,'(1, 2)',False,False,-1,82.79110131247282,94.54812770879495,0.9892670474001364,0.9076125346428032,0.946665578149425,527.5,0.6083333333333334,0.4216666666666667,0.47448051948051945,3.3,0.9988130149420471,0.9981669901327723,0.9984875159030313,171.7,0.997381883948065,0.9989009530987485,0.9981370105619147,270.6,0.4993344548235461,0.8915517410762573,0.6393675246172145,49.9,0.8652964566015653,0.9612391097423311,0.9103279300362643,48.2
<_io.TextIOWrapper name='outputNBGridSearchFunctional.csv' mode='w' encoding='cp1252'>,True,False,True,5000,'(1, 2)',True,False,-1,84.22474360711277,97.29267702105717,0.9760365046770152,0.9753031209124112,0.9756475063407596,527.5,0.7,0.2533333333333333,0.36214285714285716,3.3,0.9988130149420471,0.9981669901327723,0.9984875159030313,171.7,0.9981559223363463,0.9989009530987485,0.9985250686936264,270.6,0.7430441860386283,0.7962880158090478,0.7675549410141733,49.9,0.9596954724729659,0.9431692010372409,0.9511267273323181,48.2
<_io.TextIOWrapper name='outputNBGridSearchFunctional.csv' mode='w' encoding='cp1252'>,True,False,True,5000,'(1, 2)',False,True,-1,82.46699485285887,97.03121298270551,0.9686054679768489,0.9794782123047782,0.973987559633241,527.5,0.51,0.22833333333333333,0.2875274725274725,3.3,0.9988130149420471,0.9981669901327723,0.9984875159030313,171.7,0.9962739869706491,0.9956635430268062,0.995947575764444,270.6,0.7772574818325559,0.7521473216060403,0.7631564114522658,49.9,0.9555646111329409,0.9046601929782948,0.9289131558910771,48.2
<_io.TextIOWrapper name='outputNBGridSearchFunctional.csv' mode='w' encoding='cp1252'>,True,False,True,5000,'(1, 3)',False,False,-1,80.85369026009644,93.1104195409507,0.991646606407536,0.8774725707286024,0.9310287373268908,527.5,0.5650000000000001,0.43833333333333335,0.45904761904761904,3.3,0.9982448331238654,0.9981669901327723,0.998202615618131,171.7,0.9966572756287713,0.9989009530987485,0.9977749723232913,270.6,0.44270612960046163,0.8965760472785297,0.5916104593874237,49.9,0.7996903345690513,0.9655635036650032,0.8735570119024312,48.2
<_io.TextIOWrapper name='outputNBGridSearchFunctional.csv' mode='w' encoding='cp1252'>,True,False,True,5000,'(1, 3)',True,False,-1,81.76224102351276,96.83525649065596,0.9740852728766495,0.9748260976532844,0.9744026343538813,527.5,0.41500000000000004,0.23333333333333334,0.2514502164502165,3.3,0.9982448331238654,0.9981669901327723,0.998202615618131,171.7,0.9973196976677767,0.9855694431907773,0.9913986434134093,270.6,0.745313439294751,0.7935332807631691,0.7663426431008549,49.9,0.9222043929536893,0.9271462827692627,0.9239377084742728,48.2
<_io.TextIOWrapper name='outputNBGridSearchFunctional.csv' mode='w' encoding='cp1252'>,True,False,True,5000,'(1, 3)',False,True,-1,80.98434050336769,96.76987959362849,0.9738261917833038,0.974303031732167,0.9740440601877799,527.5,0.18333333333333332,0.23333333333333334,0.1935014985014985,3.3,0.9988130149420471,0.9987919901327722,0.9988009955268555,171.7,0.995869236276443,0.9855694431907773,0.9906821566317099,270.6,0.7450089249031084,0.7920610646653916,0.7662574432134013,49.9,0.9545276206987114,0.9185352876897909,0.9357742761408154,48.2
<_io.TextIOWrapper name='outputNBGridSearchFunctional.csv' mode='w' encoding='cp1252'>,True,True,False,1000,'(1, 1)',False,False,-1,82.964394234671,95.34157817355796,0.9811231758405757,0.9312579837812264,0.9555195107844977,527.5,0.5333333333333334,0.40499999999999997,0.4444805194805195,3.3,0.9960451068180353,0.9980762987012988,0.9970482491313246,171.7,0.9966741005800455,0.9989009530987485,0.9977834213909098,270.6,0.5519454251120355,0.7992131868458572,0.6518854398783055,49.9,0.8896870275979343,0.977104286072878,0.9311465134147021,48.2
<_io.TextIOWrapper name='outputNBGridSearchFunctional.csv' mode='w' encoding='cp1252'>,True,True,False,1000,'(1, 1)',True,False,-1,79.82182559037196,96.92859233245538,0.95609170542517,0.9879993959889382,0.9717498372507121,527.5,0.25,0.13833333333333334,0.17222222222222222,3.3,0.9948743456017622,0.9957839886565367,0.9953120757088426,171.7,0.9966878917194304,0.9985359895950989,0.9976089256732008,270.6,0.8521395670270776,0.5911816634071345,0.6939913313809282,49.9,0.9600911579991273,0.9572961619724702,0.9584251431864116,48.2
<_io.TextIOWrapper name='outputNBGridSearchFunctional.csv' mode='w' encoding='cp1252'>,True,True,False,1000,'(1, 1)',False,True,-1,81.2200739984516,96.56450764385357,0.9491711854487779,0.9881748865032656,0.9682336939418876,527.5,0.6,0.22833333333333333,0.31222222222222223,3.3,0.9948743456017622,0.994653900867231,0.9947454307127351,171.7,0.9974345233633688,0.9989009530987485,0.9981650895311986,270.6,0.8297362125404313,0.5535315143309881,0.6615193283259556,49.9,0.9684926639029984,0.9104413352529404,0.9383186751730956,48.2
<_io.TextIOWrapper name='outputNBGridSearchFunctional.csv' mode='w' encoding='cp1252'>,True,True,False,1000,'(1, 2)',False,False,-1,79.98607224181458,93.71724187187314,0.9827090215944431,0.898823175949631,0.938828467535135,527.5,0.41166666666666674,0.3816666666666667,0.36843434343434345,3.3,0.9919460370997705,0.9987256493506493,0.9953168748961471,171.7,0.9952914936725463,0.9963953397082607,0.9958298223016302,270.6,0.4694902717315405,0.8178202539874387,0.5945299967221238,49.9,0.8513942104868729,0.9691763071890168,0.9062248296194942,48.2
<_io.TextIOWrapper name='outputNBGridSearchFunctional.csv' mode='w' encoding='cp1252'>,True,True,False,1000,'(1, 2)',True,False,-1,80.73781866535836,96.62992809063924,0.9640067909193173,0.9814536924928516,0.9726034041195571,527.5,0.2081818181818182,0.2866666666666667,0.22613275613275613,3.3,0.9954769249998534,0.9980762987012988,0.9967633488464245,171.7,0.995615018553198,0.9855694431907773,0.990555993163097,270.6,0.7899908652647006,0.632036398021591,0.6989189659718017,49.9,0.9465049880607127,0.9729212795369303,0.9592946516878655,48.2
<_io.TextIOWrapper name='outputNBGridSearchFunctional.csv' mode='w' encoding='cp1252'>,True,True,False,1000,'(1, 2)',False,True,-1,79.2447767968059,96.56449022395027,0.9593865534886247,0.9854812664742003,0.9722094971383374,527.5,0.145,0.175,0.1512987012987013,3.3,0.9954769249998534,0.9980762987012988,0.9967633488464245,171.7,0.9960011072932818,0.9852044796871278,0.9905616601375751,270.6,0.8223711404903357,0.6051632892737406,0.6943564951042412,49.9,0.9476143485217328,0.952174482206838,0.949496905283074,48.2
<_io.TextIOWrapper name='outputNBGridSearchFunctional.csv' mode='w' encoding='cp1252'>,True,True,False,1000,'(1, 3)',False,False,-1,75.58304114970417,93.2598213414719,0.9809031061503385,0.9018812351906634,0.9396993187015722,527.5,0.10119047619047619,0.17833333333333332,0.11787878787878787,3.3,0.985699789146883,0.9993506493506494,0.9924623654351574,171.7,0.9929203611534628,0.9782628966743554,0.985520648349009,270.6,0.4652223612891362,0.8033504592590711,0.5874121932595692,49.9,0.8651997842515083,0.9650470312264456,0.9120091553581553,48.2
<_io.TextIOWrapper name='outputNBGridSearchFunctional.csv' mode='w' encoding='cp1252'>,True,True,False,1000,'(1, 3)',True,False,-1,76.60153209090397,96.37787951001295,0.958991907111659,0.9820550287851525,0.9703466128695742,527.5,0.0,0.0,0.0,3.3,0.989632865085666,0.9980762987012988,0.993826091286407,171.7,0.9937248874921399,0.9852044796871278,0.9894304903530873,270.6,0.8134156571656572,0.5914559001633193,0.6816359905304867,49.9,0.9477444904258039,0.974768856303486,0.9608527404146832,48.2
<_io.TextIOWrapper name='outputNBGridSearchFunctional.csv' mode='w' encoding='cp1252'>,True,True,False,1000,'(1, 3)',False,True,-1,76.64534011712496,96.28449140850368,0.9568516589017676,0.9824838246923797,0.9694441248235345,527.5,0.01,0.03333333333333333,0.015384615384615382,3.3,0.9907888158380601,0.9980762987012988,0.9944108714315639,171.7,0.9940929845381309,0.983724897633788,0.9888668889740266,270.6,0.8162499475139912,0.578836582430824,0.6744333461994598,49.9,0.9448571713760259,0.968653431372023,0.9561805602142973,48.2
<_io.TextIOWrapper name='outputNBGridSearchFunctional.csv' mode='w' encoding='cp1252'>,True,True,False,5000,'(1, 1)',False,False,-1,79.56835174520623,95.28552963473945,0.9708792610121877,0.9452537204994107,0.9578483304367735,527.5,0.36666666666666664,0.17333333333333334,0.23095238095238096,3.3,0.9340078589657812,0.9969707864093458,0.9644292364292376,171.7,0.9943927199852164,0.9945281873939351,0.9944459227977761,270.6,0.6757289148848991,0.7310294028783784,0.6997816495068326,49.9,0.9206541277922584,0.9331639295273062,0.9266435845893725,48.2
<_io.TextIOWrapper name='outputNBGridSearchFunctional.csv' mode='w' encoding='cp1252'>,True,True,False,5000,'(1, 1)',True,False,-1,78.19110420442833,96.62984970107445,0.9594934291241444,0.9783662696950749,0.9687959549828202,527.5,0.1,0.05,0.06666666666666667,3.3,0.9753531886663703,0.9969707864093458,0.9860155236033726,171.7,0.996380287802951,0.9985773285032792,0.9974734856844674,270.6,0.8204389562529096,0.6472224112265021,0.7210356641999819,49.9,0.960221931742306,0.9432875343317673,0.9514789571283909,48.2
<_io.TextIOWrapper name='outputNBGridSearchFunctional.csv' mode='w' encoding='cp1252'>,True,True,False,5000,'(1, 1)',False,True,-1,80.28332534178575,96.25645407416698,0.954849919503876,0.9777835562587882,0.9661346462391375,527.5,0.4,0.18,0.24761904761904763,3.3,0.9741759750222789,0.9934571428740929,0.9836964022219101,171.7,0.9982085590908115,0.9967831155952815,0.9974939146999731,270.6,0.7927446824817908,0.6400701824887933,0.7058083003373625,49.9,0.9486262171191665,0.8870294955834463,0.9162472093897147,48.2
<_io.TextIOWrapper name='outputNBGridSearchFunctional.csv' mode='w' encoding='cp1252'>,True,True,False,5000,'(1, 2)',False,False,-1,82.07983050990926,94.65072222919017,0.9851541149037834,0.9141336308144205,0.9482452692847956,527.5,0.6,0.31166666666666665,0.40738095238095234,3.3,0.9698375418445293,0.9993506493506494,0.9843287633547269,171.7,0.9966815544505568,0.9958584321585263,0.996265419460997,270.6,0.5278780742582789,0.8562463513428149,0.6512845955961488,49.9,0.9051209732115651,0.9727208172381896,0.9372848305169346,48.2
<_io.TextIOWrapper name='outputNBGridSearchFunctional.csv' mode='w' encoding='cp1252'>,True,True,False,5000,'(1, 2)',True,False,-1,83.36994447298493,97.3300340036512,0.9692063336265129,0.9824192361452267,0.9757025489088595,527.5,0.6,0.22833333333333333,0.3221428571428572,3.3,0.9975509249983304,0.9993506493506494,0.9984480579548656,171.7,0.9974659827965577,0.9989009530987485,0.9981801417681746,270.6,0.8096676375187013,0.7103807977335208,0.7511630825500923,49.9,0.9518165468913737,0.9617406064169147,0.9565599800542464,48.2
<_io.TextIOWrapper name='outputNBGridSearchFunctional.csv' mode='w' encoding='cp1252'>,True,True,False,5000,'(1, 2)',False,True,-1,83.06788113203919,97.06867448471925,0.9626563924318254,0.985167632843954,0.973699155684898,527.5,0.65,0.2533333333333333,0.3554761904761905,3.3,0.9988130149420471,0.9987256493506493,0.9987676279478492,171.7,0.9985822683550989,0.9989009530987485,0.9987406996338871,270.6,0.801110088447014,0.6597135534906078,0.7179202372138149,49.9,0.954146462663588,0.927174594247359,0.9394689569657121,48.2
<_io.TextIOWrapper name='outputNBGridSearchFunctional.csv' mode='w' encoding='cp1252'>,True,True,False,5000,'(1, 3)',False,False,-1,80.0933222134831,93.35313976336803,0.9858554121534748,0.895145073836422,0.9382729059065132,527.5,0.55,0.2816666666666667,0.36523809523809525,3.3,0.9461352213284633,0.9993506493506494,0.9718493994605989,171.7,0.9977302195784965,0.9814417621623918,0.9894951041721128,270.6,0.46996553905065197,0.8624874048884437,0.6071560521042949,49.9,0.9038641307144373,0.9661727781728933,0.9335877759273705,48.2
<_io.TextIOWrapper name='outputNBGridSearchFunctional.csv' mode='w' encoding='cp1252'>,True,True,False,5000,'(1, 3)',True,False,-1,80.0416218327304,96.99396922948284,0.9692134469197778,0.9829337222418346,0.9759876485640243,527.5,0.12833333333333335,0.13833333333333334,0.12538461538461537,3.3,0.9982448331238654,0.9993506493506494,0.9987962072867733,171.7,0.9977463115507401,0.9855694431907773,0.9916111358378332,270.6,0.7905309288208373,0.7150319368378629,0.7482058144772957,49.9,0.9686372687143363,0.9574644069817794,0.9625118884132826,48.2
<_io.TextIOWrapper name='outputNBGridSearchFunctional.csv' mode='w' encoding='cp1252'>,True,True,False,5000,'(1, 3)',False,True,-1,80.72952417959898,96.7606034951294,0.9647601511221435,0.9822884166085274,0.9733872406326102,527.5,0.185,0.24833333333333335,0.2035014985014985,3.3,0.9988130149420471,0.9993506493506494,0.9990811075716735,171.7,0.9985801744381082,0.9852173305147212,0.9918450211788017,270.6,0.7821606656800213,0.6844033269882376,0.7262222472403568,49.9,0.9636734025302764,0.9380121656854827,0.949734335650998,48.2
<_io.TextIOWrapper name='outputNBGridSearchFunctional.csv' mode='w' encoding='cp1252'>,True,True,True,1000,'(1, 1)',False,False,-1,82.76447534350744,95.29492767256156,0.9814294074897323,0.928701117422432,0.9543184657110115,527.5,0.5333333333333334,0.3716666666666667,0.42448051948051946,3.3,0.996549742237988,0.9975419901327722,0.9970340466446566,171.7,0.9974901020374609,0.9989009530987485,0.9981935348880343,270.6,0.5452144343636196,0.817456330440474,0.6533085544836467,49.9,0.9017979051102692,0.9790415835762133,0.9385333994025785,48.2
<_io.TextIOWrapper name='outputNBGridSearchFunctional.csv' mode='w' encoding='cp1252'>,True,True,True,1000,'(1, 1)',True,False,-1,79.70500693418096,96.97526025335506,0.9542232143374267,0.9896605404016382,0.9715817623265515,527.5,0.25,0.11499999999999999,0.15714285714285714,3.3,0.9971221734879151,0.9958746800880103,0.996491334008299,171.7,0.9977777090079154,0.9985359895950989,0.9981554613600494,270.6,0.8615312849705639,0.5921909510762965,0.6989602421577252,49.9,0.970379339796726,0.9505760590392709,0.9599687590553752,48.2
<_io.TextIOWrapper name='outputNBGridSearchFunctional.csv' mode='w' encoding='cp1252'>,True,True,True,1000,'(1, 1)',False,True,-1,78.75816684922538,96.61118427470493,0.9455837501362554,0.9915679263191433,0.9679709042375488,527.5,0.25,0.145,0.16666666666666666,3.3,0.9971221734879151,0.9958746800880103,0.996491334008299,171.7,0.9981623243925307,0.9985773285032792,0.9983681393194995,270.6,0.8751390444410221,0.5361008693865202,0.6600309101080506,49.9,0.9738254012199195,0.902424667076064,0.935962056613457,48.2
<_io.TextIOWrapper name='outputNBGridSearchFunctional.csv' mode='w' encoding='cp1252'>,True,True,True,1000,'(1, 2)',False,False,-1,80.82193533411242,93.50258511364746,0.9856002465563389,0.8909588533809305,0.935845852038533,527.5,0.445,0.42000000000000004,0.4152597402597403,3.3,0.9903927649938128,0.9987256493506493,0.9945302122485348,171.7,0.9959711612715179,0.996667685754964,0.9963153266214757,270.6,0.445811340340465,0.8434580727245606,0.5817518741201727,49.9,0.8817891272444311,0.9752174936200475,0.9256131147582884,48.2
<_io.TextIOWrapper name='outputNBGridSearchFunctional.csv' mode='w' encoding='cp1252'>,True,True,True,1000,'(1, 2)',True,False,-1,78.84189872442565,96.72320296277715,0.9616392714176472,0.9856548901408416,0.9734785869567462,527.5,0.09,0.13,0.10311688311688312,3.3,0.9960493509399264,0.9981006493506493,0.9970606459852569,171.7,0.9973742814933013,0.9855694431907773,0.9914262694832836,270.6,0.8009810476394239,0.617018142124566,0.6951529159959134,49.9,0.968630606814569,0.9725466340812637,0.970278621927456,48.2
<_io.TextIOWrapper name='outputNBGridSearchFunctional.csv' mode='w' encoding='cp1252'>,True,True,True,1000,'(1, 2)',False,True,-1,78.91952852457185,96.69519175829537,0.960235083862335,0.9871581529038501,0.9734809815887744,527.5,0.09666666666666665,0.16333333333333333,0.11668331668331669,3.3,0.9960430738700626,0.997535677599237,0.9967773733155306,171.7,0.9981323902417039,0.9852044796871278,0.9916148145528136,270.6,0.8123767351408185,0.6176411673269488,0.6995976229464821,49.9,0.9636052329576167,0.9513314562405071,0.9570176023873934,48.2
<_io.TextIOWrapper name='outputNBGridSearchFunctional.csv' mode='w' encoding='cp1252'>,True,True,True,1000,'(1, 3)',False,False,-1,76.39734538520618,92.94244812352801,0.983020502767679,0.8923930829348949,0.9354646690950119,527.5,0.14714285714285716,0.27666666666666667,0.18125668449197863,3.3,0.9885424606384117,0.9993506493506494,0.9939082593979276,171.7,0.9973574120749475,0.9786475120589706,0.9878989438535501,270.6,0.4378517188122363,0.82617845649909,0.5706876488939904,49.9,0.8738871330857394,0.9609017320811466,0.9146245173799128,48.2
<_io.TextIOWrapper name='outputNBGridSearchFunctional.csv' mode='w' encoding='cp1252'>,True,True,True,1000,'(1, 3)',True,False,-1,78.63988364185182,96.443169307524,0.9591344823114282,0.9822189773465467,0.9704964074949798,527.5,0.125,0.125,0.12272727272727271,3.3,0.994293544213647,0.9981006493506493,0.9961856816816059,171.7,0.9973544731317074,0.9852044796871278,0.9912303900580662,270.6,0.7730452664173595,0.5964236719357148,0.6704337915142682,49.9,0.9646116120536471,0.9711138232836346,0.9673194750349167,48.2
<_io.TextIOWrapper name='outputNBGridSearchFunctional.csv' mode='w' encoding='cp1252'>,True,True,True,1000,'(1, 3)',False,True,-1,79.0177794771643,96.43382352941175,0.9578920751803703,0.9841431389717503,0.9708113482792176,527.5,0.15166666666666667,0.17833333333333332,0.15755633255633256,3.3,0.994293544213647,0.9981006493506493,0.9961856816816059,171.7,0.9981080703991513,0.9844616256944597,0.9912241376579592,270.6,0.7837039442551006,0.5808946816858875,0.6658693859004422,49.9,0.9578367097918425,0.9620691078364801,0.9594198825543009,48.2
<_io.TextIOWrapper name='outputNBGridSearchFunctional.csv' mode='w' encoding='cp1252'>,True,True,True,5000,'(1, 1)',False,False,-1,79.74767902327629,95.20150473124573,0.9645515737228155,0.950481660009253,0.9574124660277168,527.5,0.3833333333333333,0.19833333333333333,0.24714285714285716,3.3,0.92207390374539,0.9969770183813598,0.9580306282111909,171.7,0.9958698563401251,0.9912248112572145,0.9935290797925344,270.6,0.7067337021520992,0.699409789191198,0.6993299565121021,49.9,0.9555633450719533,0.9062156212702895,0.9294157537101768,48.2
<_io.TextIOWrapper name='outputNBGridSearchFunctional.csv' mode='w' encoding='cp1252'>,True,True,True,5000,'(1, 1)',True,False,-1,77.35096639878172,96.02305350000697,0.9535626077711885,0.9732088456320163,0.9632243434803801,527.5,0.1,0.05,0.06666666666666667,3.3,0.9467708879260517,0.9964364778408192,0.9709412612560234,171.7,0.9973997903454463,0.996418152091632,0.9969035877995616,270.6,0.8582291370222149,0.5976772115450097,0.7006798913589064,49.9,0.9526185650324207,0.9338364197980749,0.9426422333653663,48.2
<_io.TextIOWrapper name='outputNBGridSearchFunctional.csv' mode='w' encoding='cp1252'>,True,True,True,5000,'(1, 1)',False,True,-1,79.11672928804393,95.59361804423261,0.9480765760618052,0.9715394416271728,0.9596142832517615,527.5,0.4,0.16333333333333333,0.23095238095238096,3.3,0.9446060642844223,0.992976405734138,0.968155590715018,171.7,0.9988851063044611,0.9942445055720917,0.9965536144126272,270.6,0.8201828125403756,0.5803755290462616,0.6761459982193945,49.9,0.9479397272195108,0.8871505459670914,0.9155818897314532,48.2
<_io.TextIOWrapper name='outputNBGridSearchFunctional.csv' mode='w' encoding='cp1252'>,True,True,True,5000,'(1, 2)',False,False,-1,81.69359668876908,94.85614643867497,0.9826826260840733,0.9224606259313672,0.9515732738198768,527.5,0.6,0.2783333333333334,0.3773809523809524,3.3,0.9746770330917501,0.9987256493506493,0.9865036459535474,171.7,0.9966815544505568,0.9940749535484587,0.995368050789055,270.6,0.5279127328207478,0.8391374776228474,0.646724642410472,49.9,0.9324559944897555,0.9567331244006617,0.9440652359722416,48.2
<_io.TextIOWrapper name='outputNBGridSearchFunctional.csv' mode='w' encoding='cp1252'>,True,True,True,5000,'(1, 2)',True,False,-1,84.07682536213868,97.3766583747927,0.9690960064975236,0.9830391552052813,0.9759784761870808,527.5,0.65,0.2533333333333333,0.3554761904761905,3.3,0.9988130149420471,0.9981006493506493,0.9984521767540635,171.7,0.9985527128908664,0.9989009530987485,0.9987252451125617,270.6,0.7962240768694372,0.7134947160448475,0.7496327253921637,49.9,0.9694104340149394,0.9642923202609122,0.9663447078062599,48.2
<_io.TextIOWrapper name='outputNBGridSearchFunctional.csv' mode='w' encoding='cp1252'>,True,True,True,5000,'(1, 2)',False,True,-1,84.11411385970982,97.11522917624761,0.9648843416758635,0.9823462311674795,0.9734935827818102,527.5,0.65,0.31333333333333335,0.3983333333333333,3.3,0.9988101088101089,0.9969951370586964,0.9978978918735185,171.7,0.9989343810311553,0.9989009530987485,0.9989164454669099,270.6,0.7802913006609236,0.6836256863469669,0.725737470798703,49.9,0.9668998355805163,0.9403093699708099,0.952468107328315,48.2
<_io.TextIOWrapper name='outputNBGridSearchFunctional.csv' mode='w' encoding='cp1252'>,True,True,True,5000,'(1, 3)',False,False,-1,80.03603568903058,93.68923066739133,0.9860410449386613,0.9071720325903424,0.9449135398954658,527.5,0.55,0.24833333333333335,0.3352380952380952,3.3,0.942469607752203,0.9993506493506494,0.9699984340341622,171.7,0.9973441858683527,0.9726930226134188,0.9848337380306453,270.6,0.48406213917795815,0.8757175273350739,0.6221080893590833,49.9,0.9443542006007382,0.9467109624154034,0.9450702447843818,48.2
<_io.TextIOWrapper name='outputNBGridSearchFunctional.csv' mode='w' encoding='cp1252'>,True,True,True,5000,'(1, 3)',True,False,-1,82.0225182171984,97.24593071059269,0.9712905665917131,0.9826618298541016,0.9769176935468588,527.5,0.275,0.22833333333333333,0.22109890109890112,3.3,0.9988130149420471,0.9987256493506493,0.9987676279478492,171.7,0.9981731071517164,0.9899339008293758,0.9940109050592948,270.6,0.7936182592739569,0.7335712955586707,0.7609932746324066,49.9,0.9713498225610386,0.9689172824031316,0.9695626907465928,48.2
<_io.TextIOWrapper name='outputNBGridSearchFunctional.csv' mode='w' encoding='cp1252'>,True,True,True,5000,'(1, 3)',False,True,-1,81.37133721314805,96.90054628816702,0.9685052660323418,0.981561713283174,0.9749585110201153,527.5,0.19055555555555553,0.28833333333333333,0.2203846153846154,3.3,0.9988130149420471,0.9993506493506494,0.9990811075716735,171.7,0.9985526918615154,0.9852173305147212,0.9918275628850495,270.6,0.7797529877894137,0.7126632453176536,0.7429184174533275,49.9,0.9651390866112814,0.9429086507713104,0.9531100184741016,48.2
