Lower Case,Remove Stop Words,Stem,Max Features,N-gram Range,TF,TFIDF,Accuracy,Macro Precision,Macro Recall,Macro F1-Score,Functional Precision,Functional Recall,Functional F1-Score,Functional Support,Code Precision,Code Recall,Code F1-Score,Code Support,IDE Precision,IDE Recall,IDE F1-Score,IDE Support,General Precision,General Recall,General F1-Score,General Support,Notice Precision,Notice Recall,Notice F1-Score,Notice Support,ToDo Precision,ToDo Recall,ToDo F1-Score,ToDo Support
FALSE,FALSE,FALSE,1000,(1 1),FALSE,FALSE,97.50750798,0.890005238,0.891240075,0.886969106,0.971538264,0.982750776,0.977099657,527.5,0.58,0.691666667,0.620555556,3.3,0.994810785,0.998833809,0.99680986,171.7,1,0.999260626,0.999629628,270.6,0.801930679,0.689469388,0.739234702,49.9,0.991751701,0.985459184,0.988485231,48.2
FALSE,FALSE,FALSE,1000,(1 1),TRUE,FALSE,97.52620824,0.925467861,0.891286818,0.901036757,0.971695791,0.981991404,0.976801522,527.5,0.8,0.675,0.696666667,3.3,0.996534649,0.997082823,0.996797941,171.7,0.999630996,0.999260626,0.999444785,270.6,0.795236651,0.721469388,0.755508867,49.9,0.989709075,0.972916667,0.981000761,48.2
FALSE,FALSE,FALSE,1000,(1 1),FALSE,TRUE,97.50750798,0.927562066,0.882159064,0.895000466,0.968917921,0.983884984,0.97629588,527.5,0.78452381,0.641666667,0.66452381,3.3,0.996538049,0.997667619,0.997091191,171.7,0.999263349,0.999260626,0.999260623,270.6,0.820210902,0.691265306,0.745466363,49.9,0.995918367,0.979209184,0.987364928,48.2
FALSE,FALSE,FALSE,1000,(1 2),FALSE,FALSE,97.44219205,0.890842806,0.88368614,0.8788734,0.9697634,0.982751854,0.976185869,527.5,0.5775,0.658333333,0.576212121,3.3,0.995947036,0.999418605,0.997677779,171.7,0.99962963,0.998890256,0.999259258,270.6,0.804257588,0.679346939,0.733402841,49.9,0.997959184,0.98337585,0.990502534,48.2
FALSE,FALSE,FALSE,1000,(1 2),TRUE,FALSE,97.52618211,0.919766942,0.89843422,0.901758661,0.971006277,0.982748979,0.976822675,527.5,0.765,0.733333333,0.71031746,3.3,0.997684384,0.998833809,0.99825408,171.7,1,0.999260626,0.999629628,270.6,0.795116771,0.701428571,0.743476794,49.9,0.989794218,0.975,0.982051327,48.2
FALSE,FALSE,FALSE,1000,(1 2),FALSE,TRUE,97.43283756,0.906563619,0.878434395,0.884014742,0.967373433,0.984075096,0.975571301,527.5,0.65952381,0.641666667,0.617380952,3.3,0.99768114,0.999418605,0.998545654,171.7,0.999630996,0.999260626,0.999444785,270.6,0.823260571,0.671142857,0.729976734,49.9,0.991911765,0.975042517,0.983169025,48.2
FALSE,FALSE,FALSE,1000,(1 3),FALSE,FALSE,97.40484378,0.890910793,0.877445941,0.875631279,0.969591464,0.982560664,0.975994211,527.5,0.585833333,0.625,0.563831169,3.3,0.996525071,0.999418605,0.997967634,171.7,0.99962963,0.998890256,0.999259258,270.6,0.797966891,0.673346939,0.72618877,49.9,0.995918367,0.985459184,0.990546634,48.2
FALSE,FALSE,FALSE,1000,(1 3),TRUE,FALSE,97.49819704,0.910058053,0.899584477,0.896831095,0.972046823,0.98123239,0.976605925,527.5,0.715,0.733333333,0.679365079,3.3,0.997687784,0.999418605,0.99854733,171.7,1,0.999260626,0.999629628,270.6,0.785819492,0.713428571,0.74700899,49.9,0.989794218,0.970833333,0.97982962,48.2
FALSE,FALSE,FALSE,1000,(1 3),FALSE,TRUE,97.38620448,0.901585667,0.879301939,0.885581687,0.968472032,0.981613694,0.974958122,527.5,0.658333333,0.633333333,0.62547619,3.3,0.997687784,0.999418605,0.99854733,171.7,0.999630996,0.999260626,0.999444785,270.6,0.795605751,0.687142857,0.732877912,49.9,0.989784105,0.975042517,0.982185782,48.2
FALSE,FALSE,FALSE,5000,(1 1),FALSE,FALSE,97.64753787,0.900707183,0.906147451,0.900089444,0.972859649,0.98294017,0.977840975,527.5,0.621666667,0.758333333,0.676984127,3.3,0.995402146,0.999418605,0.997392936,171.7,0.999632353,0.999260626,0.999445466,270.6,0.818763917,0.707306122,0.756198863,49.9,0.995918367,0.98962585,0.992674294,48.2
FALSE,FALSE,FALSE,5000,(1 1),TRUE,FALSE,97.61949183,0.938761382,0.899577802,0.908836277,0.972438585,0.981989247,0.977166658,527.5,0.866666667,0.708333333,0.729761905,3.3,0.997677544,0.997664219,0.997665859,171.7,0.999630996,0.999260626,0.999444785,270.6,0.804319465,0.741469388,0.769098884,49.9,0.991835034,0.96875,0.979879567,48.2
FALSE,FALSE,FALSE,5000,(1 1),FALSE,TRUE,97.59145449,0.920603784,0.878491164,0.88963679,0.972973525,0.981800572,0.977346381,527.5,0.758333333,0.575,0.610714286,3.3,0.994245267,0.996498028,0.995348474,171.7,0.999263349,0.999260626,0.999260623,270.6,0.80288886,0.743387755,0.770004801,49.9,0.995918367,0.975,0.985146177,48.2
FALSE,FALSE,FALSE,5000,(1 2),FALSE,FALSE,97.75027175,0.888215327,0.893622874,0.883730568,0.972200614,0.986544405,0.979291992,527.5,0.504642857,0.691666667,0.566479076,3.3,0.996535075,0.999418605,0.997967625,171.7,0.999261993,0.999260626,0.999259943,270.6,0.858734754,0.699387755,0.767784586,49.9,0.997916667,0.985459184,0.991600185,48.2
FALSE,FALSE,FALSE,5000,(1 2),TRUE,FALSE,97.73160632,0.936571131,0.907060753,0.913535277,0.974821958,0.981800932,0.978272839,527.5,0.847857143,0.733333333,0.743888889,3.3,0.997109749,0.999418605,0.998257475,171.7,0.999630996,0.999260626,0.999444785,270.6,0.804173608,0.75355102,0.776222748,49.9,0.995833333,0.975,0.985124925,48.2
FALSE,FALSE,FALSE,5000,(1 2),FALSE,TRUE,97.57288488,0.906867614,0.889374457,0.889792599,0.974590814,0.980473736,0.977505703,527.5,0.686666667,0.641666667,0.616666667,3.3,0.997106349,0.998833809,0.997964225,171.7,0.999263349,0.999260626,0.999260623,270.6,0.792046745,0.753469388,0.770770098,49.9,0.991531761,0.962542517,0.976588276,48.2
FALSE,FALSE,FALSE,5000,(1 3),FALSE,FALSE,97.72226926,0.88906734,0.893823022,0.883482646,0.972534006,0.985786111,0.979088173,527.5,0.516547619,0.691666667,0.566796537,3.3,0.994807577,0.999418605,0.997099745,171.7,0.999630996,0.999260626,0.999444785,270.6,0.852924657,0.701346939,0.766889072,49.9,0.997959184,0.985459184,0.991577562,48.2
FALSE,FALSE,FALSE,5000,(1 3),TRUE,FALSE,97.70353415,0.932424124,0.901644799,0.90665041,0.97390535,0.98217936,0.97799502,527.5,0.8175,0.708333333,0.704386724,3.3,0.998259175,0.999418605,0.998835509,171.7,0.999630996,0.999260626,0.999444785,270.6,0.807332558,0.741510204,0.77097953,49.9,0.997916667,0.979166667,0.98826089,48.2
FALSE,FALSE,FALSE,5000,(1 3),FALSE,TRUE,97.67555779,0.920815002,0.882443805,0.892022785,0.9723227,0.983886421,0.978028114,527.5,0.73452381,0.608333333,0.62047619,3.3,0.998255775,0.998833809,0.998542259,171.7,0.999630996,0.999260626,0.999444785,270.6,0.824413975,0.729306122,0.770543057,49.9,0.995742754,0.975042517,0.985102302,48.2
FALSE,FALSE,FALSE,7363,(1 1),FALSE,FALSE,97.78755905,0.901989774,0.909565986,0.902742873,0.974876111,0.98407869,0.97943296,527.5,0.615,0.758333333,0.674603175,3.3,0.994281607,0.998833809,0.996531599,171.7,1,0.999260626,0.999629628,270.6,0.831862559,0.729346939,0.774638213,49.9,0.995918367,0.987542517,0.991621662,48.2
FALSE,FALSE,FALSE,7363,(1 1),TRUE,FALSE,97.70352544,0.9398276,0.897067881,0.909089379,0.973909875,0.982179719,0.978007041,527.5,0.868333333,0.675,0.719047619,3.3,0.997112684,0.997664219,0.997379341,171.7,0.999630996,0.999260626,0.999444785,270.6,0.80614368,0.757469388,0.778715187,49.9,0.993835034,0.970833333,0.9819423,48.2
FALSE,FALSE,FALSE,7363,(1 1),FALSE,TRUE,97.75016723,0.92942497,0.884582171,0.896524253,0.975731233,0.98180165,0.978732811,527.5,0.801666667,0.583333333,0.632380952,3.3,0.993696812,0.998833809,0.996240029,171.7,0.999263349,0.999260626,0.999260623,270.6,0.808319419,0.773387755,0.788480962,49.9,0.99787234,0.97087585,0.984050137,48.2
FALSE,FALSE,FALSE,7363,(1 2),FALSE,FALSE,97.85297079,0.896134735,0.88353978,0.882947402,0.971922997,0.988629176,0.980164723,527.5,0.531666667,0.625,0.550822511,3.3,0.996535075,0.999418605,0.997967625,171.7,0.999261993,0.999260626,0.999259943,270.6,0.877421676,0.701387755,0.775786095,49.9,1,0.987542517,0.993683518,48.2
FALSE,FALSE,FALSE,7363,(1 2),TRUE,FALSE,97.72225184,0.935137873,0.900835881,0.909925528,0.974284855,0.982369832,0.978287752,527.5,0.838333333,0.7,0.723888889,3.3,0.997106349,0.998833809,0.997964225,171.7,0.999630996,0.999260626,0.999444785,270.6,0.807766028,0.74955102,0.77587283,49.9,0.993705674,0.975,0.98409469,48.2
FALSE,FALSE,FALSE,7363,(1 2),FALSE,TRUE,97.67554037,0.915912848,0.899100173,0.901089349,0.974266505,0.982370551,0.978280903,527.5,0.72,0.7,0.675,3.3,0.996541489,0.998833809,0.997677706,171.7,0.999630996,0.999260626,0.999444785,270.6,0.809204766,0.749510204,0.77640965,49.9,0.995833333,0.96462585,0.979723052,48.2
FALSE,FALSE,FALSE,7363,(1 3),FALSE,FALSE,97.81561381,0.894841778,0.884291042,0.879874524,0.973137365,0.987303418,0.980129717,527.5,0.536309524,0.625,0.533939394,3.3,0.995382251,0.999418605,0.997387914,171.7,0.999261993,0.999260626,0.999259943,270.6,0.867042867,0.711387755,0.778005017,49.9,0.997916667,0.98337585,0.990525157,48.2
FALSE,FALSE,FALSE,7363,(1 3),TRUE,FALSE,97.72225184,0.936824029,0.907330895,0.91443183,0.974811154,0.981421784,0.978083393,527.5,0.855,0.733333333,0.750555556,3.3,0.997687784,0.999418605,0.99854733,171.7,0.999630996,0.999260626,0.999444785,270.6,0.797980905,0.75555102,0.774834991,49.9,0.995833333,0.975,0.985124925,48.2
FALSE,FALSE,FALSE,7363,(1 3),FALSE,TRUE,97.63823564,0.914510747,0.88931488,0.893209952,0.974090198,0.981992122,0.977997699,527.5,0.718333333,0.641666667,0.631666667,3.3,0.998255775,0.998833809,0.998542259,171.7,0.999263349,0.999260626,0.999260623,270.6,0.803419889,0.747469388,0.772090619,49.9,0.993701937,0.966666667,0.979701845,48.2
FALSE,FALSE,TRUE,1000,(1 1),FALSE,FALSE,97.54487367,0.887095532,0.888000213,0.882941694,0.972445678,0.982182594,0.977270382,527.5,0.546666667,0.658333333,0.582380952,3.3,0.994820751,0.999418605,0.997103086,171.7,0.998532105,0.999260626,0.998893657,270.6,0.818232142,0.703346939,0.753496044,49.9,0.99187585,0.985459184,0.988506044,48.2
FALSE,FALSE,TRUE,1000,(1 1),TRUE,FALSE,97.68492969,0.925328009,0.891344229,0.900513291,0.972505658,0.984458556,0.978422858,527.5,0.771666667,0.666666667,0.677222222,3.3,0.997677544,0.997664219,0.997665859,171.7,0.998533452,0.999260626,0.99889298,270.6,0.819747997,0.731265306,0.771064996,49.9,0.991836735,0.96875,0.97981083,48.2
FALSE,FALSE,TRUE,1000,(1 1),FALSE,TRUE,97.5635391,0.92063536,0.888129436,0.89419287,0.970926906,0.98407905,0.977410471,527.5,0.7375,0.666666667,0.650735931,3.3,0.99537858,0.997082823,0.99621823,171.7,0.998529382,0.998890256,0.998707449,270.6,0.825477296,0.71122449,0.759112803,49.9,0.996,0.970833333,0.982972337,48.2
FALSE,FALSE,TRUE,1000,(1 2),FALSE,FALSE,97.58216097,0.912099887,0.892090953,0.89700053,0.970692816,0.983888218,0.977219228,527.5,0.7,0.691666667,0.672380952,3.3,0.995379006,0.999418605,0.997389604,171.7,1,0.998890256,0.9994441,270.6,0.808568315,0.695306122,0.745066764,49.9,0.997959184,0.98337585,0.990502534,48.2
FALSE,FALSE,TRUE,1000,(1 2),TRUE,FALSE,97.53551918,0.930816868,0.9013445,0.909711502,0.971522899,0.981421065,0.976426573,527.5,0.835,0.733333333,0.75,3.3,0.997677544,0.997664219,0.997665859,171.7,1,0.999260626,0.999629628,270.6,0.786908249,0.721387755,0.750524607,49.9,0.993792517,0.975,0.984022346,48.2
FALSE,FALSE,TRUE,1000,(1 2),FALSE,TRUE,97.33947559,0.897391391,0.893925474,0.890112048,0.970619516,0.979145104,0.974807973,527.5,0.645833333,0.708333333,0.651450216,3.3,0.996528315,0.998833809,0.997674369,171.7,0.999260626,0.998890256,0.999074415,270.6,0.776230705,0.70122449,0.731396895,49.9,0.99587585,0.97712585,0.986268422,48.2
FALSE,FALSE,TRUE,1000,(1 3),FALSE,FALSE,97.58219581,0.915470092,0.880748068,0.889779256,0.970533821,0.984456759,0.977416923,527.5,0.715,0.625,0.628333333,3.3,0.995379006,0.999418605,0.997389604,171.7,1,0.998890256,0.9994441,270.6,0.815989355,0.693346939,0.746619972,49.9,0.995918367,0.98337585,0.989471606,48.2
FALSE,FALSE,TRUE,1000,(1 3),TRUE,FALSE,97.46085748,0.921787125,0.899635267,0.904515456,0.971121412,0.980664208,0.975857039,527.5,0.791666667,0.733333333,0.728333333,3.3,0.997680984,0.998249014,0.997960829,171.7,1,0.999260626,0.999629628,270.6,0.776503686,0.713387755,0.742341967,49.9,0.99375,0.972916667,0.98296994,48.2
FALSE,FALSE,TRUE,1000,(1 3),FALSE,TRUE,97.32076662,0.886166578,0.891170667,0.882078019,0.97028812,0.980281467,0.97520405,527.5,0.5775,0.708333333,0.611926407,3.3,0.997687784,0.999418605,0.99854733,171.7,0.999260626,0.998890256,0.999074415,270.6,0.778427904,0.68922449,0.725752573,49.9,0.993835034,0.97087585,0.981963339,48.2
FALSE,FALSE,TRUE,5000,(1 1),FALSE,FALSE,97.76885008,0.902904532,0.902515039,0.897788973,0.974366903,0.984643997,0.979443009,527.5,0.615,0.725,0.648333333,3.3,0.994843705,0.999418605,0.997108064,171.7,0.998899752,0.999260626,0.999077819,270.6,0.838398465,0.71922449,0.771149951,49.9,0.995918367,0.987542517,0.991621662,48.2
FALSE,FALSE,TRUE,5000,(1 1),TRUE,FALSE,97.78757647,0.941508997,0.902365181,0.915022482,0.974837682,0.983128486,0.978951341,527.5,0.868333333,0.7,0.745714286,3.3,0.997112684,0.997664219,0.997379341,171.7,0.999264706,0.999260626,0.999260625,270.6,0.813587211,0.765387755,0.786908928,49.9,0.995918367,0.96875,0.98192037,48.2
FALSE,FALSE,TRUE,5000,(1 1),FALSE,TRUE,97.66616846,0.931704801,0.886364082,0.899793068,0.973369082,0.982370191,0.977830558,527.5,0.816666667,0.616666667,0.664761905,3.3,0.994820138,0.997664219,0.996224904,171.7,0.998528055,0.999260626,0.998892299,270.6,0.810969016,0.751346939,0.778053121,49.9,0.99587585,0.97087585,0.982995624,48.2
FALSE,FALSE,TRUE,5000,(1 2),FALSE,FALSE,97.89034519,0.894825573,0.896812447,0.889785594,0.973884257,0.987681847,0.98070194,527.5,0.533333333,0.691666667,0.587857143,3.3,0.995967007,0.999418605,0.997679455,171.7,0.999263349,0.999260626,0.999260623,270.6,0.868588827,0.717387755,0.781614216,49.9,0.997916667,0.985459184,0.991600185,48.2
FALSE,FALSE,TRUE,5000,(1 2),TRUE,FALSE,97.86229044,0.94044247,0.902777867,0.910906466,0.975449053,0.984266647,0.979805195,527.5,0.847857143,0.7,0.713888889,3.3,0.997684384,0.998833809,0.99825408,171.7,0.998897059,0.999260626,0.999076463,270.6,0.826933849,0.759306122,0.789266848,49.9,0.995833333,0.975,0.985147321,48.2
FALSE,FALSE,TRUE,5000,(1 2),FALSE,TRUE,97.65691849,0.909738313,0.889169102,0.88766869,0.975000911,0.981614053,0.978267689,527.5,0.686190476,0.633333333,0.593333333,3.3,0.997106349,0.998833809,0.997964225,171.7,0.999263349,0.999260626,0.999260623,270.6,0.807118792,0.755306122,0.777462994,49.9,0.99375,0.966666667,0.979723278,48.2
FALSE,FALSE,TRUE,5000,(1 3),FALSE,FALSE,97.6569272,0.888226622,0.894816039,0.885477274,0.972856689,0.983701699,0.978211996,527.5,0.526190476,0.691666667,0.582380952,3.3,0.995385611,0.999418605,0.997389604,171.7,0.998895702,0.999260626,0.999076461,270.6,0.838072068,0.707306122,0.763152039,49.9,0.997959184,0.987542517,0.99265259,48.2
FALSE,FALSE,TRUE,5000,(1 3),TRUE,FALSE,97.75025433,0.934967531,0.908868993,0.912913773,0.975712362,0.981233468,0.978445668,527.5,0.838333333,0.733333333,0.733888889,3.3,0.998255775,0.998833809,0.998542259,171.7,0.999263349,0.999260626,0.999260623,270.6,0.802407034,0.763469388,0.781145244,49.9,0.995833333,0.977083333,0.986199953,48.2
FALSE,FALSE,TRUE,5000,(1 3),FALSE,TRUE,97.67557521,0.924872216,0.882844727,0.89211826,0.973573557,0.982751136,0.978101999,527.5,0.770833333,0.6,0.62025974,3.3,0.998255775,0.998833809,0.998542259,171.7,0.999263349,0.999260626,0.999260623,270.6,0.813649672,0.743306122,0.773569826,49.9,0.993657611,0.972916667,0.982975109,48.2
FALSE,FALSE,TRUE,7363,(1 1),FALSE,FALSE,97.71284509,0.901403623,0.90165609,0.896776902,0.973979691,0.984075096,0.97897076,527.5,0.615,0.725,0.648333333,3.3,0.994281607,0.998833809,0.996531599,171.7,0.998899752,0.999260626,0.999077819,270.6,0.830342322,0.71522449,0.766126237,49.9,0.995918367,0.987542517,0.991621662,48.2
FALSE,FALSE,TRUE,7363,(1 1),TRUE,FALSE,97.84358146,0.943223955,0.89841309,0.911536733,0.974867592,0.984456759,0.979626292,527.5,0.868333333,0.675,0.719047619,3.3,0.997112684,0.997664219,0.997379341,171.7,0.999264706,0.999260626,0.999260625,270.6,0.82384705,0.765346939,0.791986151,49.9,0.995918367,0.96875,0.98192037,48.2
FALSE,FALSE,TRUE,7363,(1 1),FALSE,TRUE,97.73149309,0.932112173,0.888815207,0.901352238,0.975192233,0.981990685,0.97855938,527.5,0.816666667,0.616666667,0.664761905,3.3,0.994248943,0.998833809,0.996523269,171.7,0.998163101,0.999260626,0.998708814,270.6,0.812570571,0.767346939,0.787638997,49.9,0.995831524,0.968792517,0.981921063,48.2
FALSE,FALSE,TRUE,7363,(1 2),FALSE,FALSE,97.98362006,0.901228087,0.891323098,0.89010657,0.973397482,0.989954934,0.98157624,527.5,0.548333333,0.658333333,0.579076479,3.3,0.995967007,0.999418605,0.997679455,171.7,0.999263349,0.999260626,0.999260623,270.6,0.890407352,0.713428571,0.789363106,49.9,1,0.987542517,0.993683518,48.2
FALSE,FALSE,TRUE,7363,(1 2),TRUE,FALSE,97.92759766,0.938174466,0.902508378,0.90863419,0.976202586,0.985023863,0.980564591,527.5,0.827857143,0.691666667,0.693492063,3.3,0.997684384,0.998833809,0.99825408,171.7,0.999264706,0.999260626,0.999260625,270.6,0.834287974,0.765265306,0.796117159,49.9,0.99375,0.975,0.98411662,48.2
FALSE,FALSE,TRUE,7363,(1 2),FALSE,TRUE,97.77821328,0.923124456,0.893293482,0.898621228,0.973803477,0.9850253,0.979363411,527.5,0.741666667,0.666666667,0.651666667,3.3,0.996541489,0.998833809,0.997677706,171.7,0.999263349,0.999260626,0.999260623,270.6,0.831595906,0.743265306,0.782983505,49.9,0.99587585,0.966709184,0.980775458,48.2
FALSE,FALSE,TRUE,7363,(1 3),FALSE,FALSE,97.75032401,0.885582158,0.883466488,0.877855924,0.97293505,0.986356089,0.979563946,527.5,0.491666667,0.625,0.529393939,3.3,0.994804216,0.999418605,0.997098059,171.7,0.998894346,0.999260626,0.999075781,270.6,0.857276002,0.707387755,0.771478661,49.9,0.997916667,0.98337585,0.990525157,48.2
FALSE,FALSE,TRUE,7363,(1 3),TRUE,FALSE,97.7876026,0.934023935,0.902202703,0.907193187,0.975243024,0.982939811,0.979043674,527.5,0.822857143,0.7,0.699603175,3.3,0.997684384,0.998833809,0.99825408,171.7,0.999263349,0.999260626,0.999260623,270.6,0.813262378,0.759265306,0.782925275,49.9,0.995833333,0.972916667,0.984072293,48.2
FALSE,FALSE,TRUE,7363,(1 3),FALSE,TRUE,97.647564,0.910875702,0.890841722,0.891880411,0.97444328,0.981233109,0.977799693,527.5,0.69452381,0.641666667,0.618333333,3.3,0.998255775,0.998833809,0.998542259,171.7,0.999263349,0.999260626,0.999260623,270.6,0.802892147,0.755306122,0.77554017,49.9,0.99587585,0.96875,0.981806385,48.2
FALSE,TRUE,FALSE,1000,(1 1),FALSE,FALSE,97.7315889,0.904992847,0.896624785,0.892088266,0.970235068,0.987681488,0.978861626,527.5,0.602857143,0.725,0.62547619,3.3,0.996528431,0.998833809,0.997674409,171.7,1,0.999260626,0.999629628,270.6,0.864460588,0.679346939,0.758213226,49.9,0.99587585,0.98962585,0.99267452,48.2
FALSE,TRUE,FALSE,1000,(1 1),TRUE,FALSE,97.44213108,0.909047659,0.883563645,0.886273531,0.970756271,0.981231312,0.97595849,527.5,0.71,0.641666667,0.618809524,3.3,0.997684384,0.998833809,0.99825408,171.7,0.999632353,0.999260626,0.999445466,270.6,0.784505572,0.703306122,0.741035757,49.9,0.991707374,0.977083333,0.984137871,48.2
FALSE,TRUE,FALSE,1000,(1 1),FALSE,TRUE,97.26474421,0.91449139,0.879788103,0.888165639,0.968375746,0.979904117,0.974090388,527.5,0.752857143,0.641666667,0.648333333,3.3,0.995405013,0.997671019,0.996518184,171.7,0.998528055,0.999260626,0.998892299,270.6,0.773910045,0.683142857,0.723996421,49.9,0.99787234,0.977083333,0.98716321,48.2
FALSE,TRUE,FALSE,1000,(1 2),FALSE,FALSE,97.50749927,0.905539116,0.887634535,0.890841422,0.968182132,0.985023863,0.976508332,527.5,0.643333333,0.691666667,0.644285714,3.3,0.99595368,0.999418605,0.997679455,171.7,0.999260626,0.998890256,0.999075097,270.6,0.826504922,0.663265306,0.733816417,49.9,1,0.987542517,0.993683518,48.2
FALSE,TRUE,FALSE,1000,(1 2),TRUE,FALSE,97.33941462,0.914375042,0.879729169,0.890040942,0.968575649,0.980474455,0.974460879,527.5,0.751666667,0.633333333,0.656666667,3.3,0.998255775,0.998833809,0.998542259,171.7,1,0.999260626,0.999629628,270.6,0.777917125,0.689346939,0.727820343,49.9,0.989835034,0.97712585,0.983125875,48.2
FALSE,TRUE,FALSE,1000,(1 2),FALSE,TRUE,97.0406807,0.914371742,0.867632991,0.876101957,0.964605786,0.978766675,0.971566076,527.5,0.76952381,0.608333333,0.610952381,3.3,0.997687784,0.999418605,0.99854733,171.7,1,0.999260626,0.999629628,270.6,0.762838797,0.649142857,0.695048364,49.9,0.991574278,0.97087585,0.980867965,48.2
FALSE,TRUE,FALSE,1000,(1 3),FALSE,FALSE,97.41415472,0.889855023,0.877858364,0.877440815,0.965869231,0.985781798,0.975701977,527.5,0.543333333,0.658333333,0.578095238,3.3,0.99595368,0.999418605,0.997679455,171.7,0.999630996,0.998890256,0.999259939,270.6,0.834342899,0.637183673,0.720224765,49.9,1,0.987542517,0.993683518,48.2
FALSE,TRUE,FALSE,1000,(1 3),TRUE,FALSE,97.31144697,0.907514769,0.880986085,0.885599877,0.967372633,0.982181157,0.974691307,527.5,0.69952381,0.666666667,0.640238095,3.3,0.998259175,0.999418605,0.998835509,171.7,1,0.999260626,0.999629628,270.6,0.788138782,0.663346939,0.717121588,49.9,0.991794218,0.975042517,0.983083132,48.2
FALSE,TRUE,FALSE,1000,(1 3),FALSE,TRUE,97.1247056,0.88626856,0.871764276,0.873175102,0.965693961,0.980474455,0.972991174,527.5,0.591666667,0.633333333,0.586666667,3.3,0.997687784,0.999418605,0.99854733,171.7,1,0.999260626,0.999629628,270.6,0.770773939,0.649306122,0.701311465,49.9,0.991789007,0.968792517,0.979904345,48.2
FALSE,TRUE,FALSE,5000,(1 1),FALSE,FALSE,97.6288376,0.899874698,0.898355085,0.894329957,0.971987343,0.984267365,0.978057477,527.5,0.611666667,0.725,0.648650794,3.3,0.994827434,0.998833809,0.996813226,171.7,0.999630996,0.999260626,0.999444785,270.6,0.827176563,0.693142857,0.751349053,49.9,0.993959184,0.98962585,0.991664405,48.2
FALSE,TRUE,FALSE,5000,(1 1),TRUE,FALSE,97.44208753,0.933967511,0.892125824,0.903792949,0.971263235,0.979146901,0.975166393,527.5,0.868333333,0.675,0.719047619,3.3,0.997119524,0.998833809,0.997967561,171.7,1,0.999260626,0.999629628,270.6,0.771170606,0.721346939,0.743695056,49.9,0.995918367,0.979166667,0.98725144,48.2
FALSE,TRUE,FALSE,5000,(1 1),FALSE,TRUE,97.33942333,0.904833358,0.869962411,0.880424581,0.970889699,0.978958226,0.974877263,527.5,0.7,0.55,0.586666667,3.3,0.993689891,0.997082823,0.995356809,171.7,0.999263349,0.999260626,0.999260623,270.6,0.771407212,0.715306122,0.74016424,49.9,0.99375,0.979166667,0.986221883,48.2
FALSE,TRUE,FALSE,5000,(1 2),FALSE,FALSE,97.71286251,0.894755926,0.876595183,0.875903255,0.970972696,0.98654153,0.978641257,527.5,0.535,0.591666667,0.51987013,3.3,0.994820751,0.999418605,0.997101391,171.7,1,0.999260626,0.999629628,270.6,0.869825443,0.69722449,0.76857694,49.9,0.997916667,0.985459184,0.991600185,48.2
FALSE,TRUE,FALSE,5000,(1 2),TRUE,FALSE,97.48878158,0.929923957,0.89182756,0.900627848,0.972015994,0.979525689,0.975732705,527.5,0.838333333,0.666666667,0.693888889,3.3,0.998255775,0.998833809,0.998542259,171.7,0.999632353,0.999260626,0.999445466,270.6,0.775430438,0.725428571,0.747852779,49.9,0.99587585,0.98125,0.98830499,48.2
FALSE,TRUE,FALSE,5000,(1 2),FALSE,TRUE,97.32075791,0.924301616,0.883801213,0.891430704,0.970924159,0.978197775,0.974499568,527.5,0.82,0.641666667,0.66,3.3,0.996544889,0.999418605,0.997970956,171.7,0.999263349,0.999260626,0.999260623,270.6,0.765329105,0.713387755,0.734955601,49.9,0.993748191,0.97087585,0.981897477,48.2
FALSE,TRUE,FALSE,5000,(1 3),FALSE,FALSE,97.76893718,0.897052949,0.889657052,0.887636176,0.972433714,0.986162742,0.97920024,527.5,0.55952381,0.658333333,0.587857143,3.3,0.994807577,0.999418605,0.997099745,171.7,1,0.999260626,0.999629628,270.6,0.85763593,0.70722449,0.769377486,49.9,0.997916667,0.987542517,0.992652816,48.2
FALSE,TRUE,FALSE,5000,(1 3),TRUE,FALSE,97.44212237,0.916149722,0.891385499,0.894497651,0.972164388,0.978577641,0.97534229,527.5,0.757857143,0.666666667,0.658888889,3.3,0.998259175,0.999418605,0.998835509,171.7,0.999267399,0.999260626,0.999261981,270.6,0.771433558,0.729346939,0.748525423,49.9,0.997916667,0.975042517,0.986131815,48.2
FALSE,TRUE,FALSE,5000,(1 3),FALSE,TRUE,97.34874298,0.913456613,0.896551866,0.895511888,0.972843306,0.97649251,0.974642197,527.5,0.758333333,0.7,0.674285714,3.3,0.998259175,0.999418605,0.998835509,171.7,0.998530749,0.999260626,0.998892976,270.6,0.759115505,0.735346939,0.745638283,49.9,0.993657611,0.968792517,0.980776647,48.2
FALSE,TRUE,FALSE,7363,(1 1),FALSE,FALSE,97.75953914,0.901544406,0.90644023,0.899771083,0.972541159,0.985404088,0.978902039,527.5,0.596666667,0.758333333,0.661507937,3.3,0.994827434,0.998833809,0.996813226,171.7,1,0.999260626,0.999629628,270.6,0.847271991,0.707183673,0.768068448,49.9,0.997959184,0.98962585,0.993705222,48.2
FALSE,TRUE,FALSE,7363,(1 1),TRUE,FALSE,97.61014605,0.917096236,0.884060706,0.893291719,0.972595531,0.981422862,0.976973601,527.5,0.741666667,0.608333333,0.634047619,3.3,0.997119524,0.998833809,0.997967561,171.7,0.999630996,0.999260626,0.999444785,270.6,0.795646329,0.737346939,0.764065305,49.9,0.995918367,0.979166667,0.98725144,48.2
FALSE,TRUE,FALSE,7363,(1 1),FALSE,TRUE,97.5914632,0.924798775,0.885056842,0.896187753,0.973513715,0.981231312,0.977343802,527.5,0.791666667,0.616666667,0.654047619,3.3,0.993125421,0.998833809,0.99595185,171.7,0.999263349,0.999260626,0.999260623,270.6,0.797473496,0.739306122,0.766406698,49.9,0.99375,0.975042517,0.984115927,48.2
FALSE,TRUE,FALSE,7363,(1 2),FALSE,FALSE,97.6662033,0.907606024,0.884193728,0.887700323,0.969384835,0.987299465,0.978204173,527.5,0.607857143,0.658333333,0.603253968,3.3,0.993664682,0.999418605,0.996523371,171.7,0.999630996,0.999260626,0.999444785,270.6,0.875098489,0.67122449,0.754039489,49.9,1,0.98962585,0.994736149,48.2
FALSE,TRUE,FALSE,7363,(1 2),TRUE,FALSE,97.57278036,0.927897039,0.893384742,0.901422728,0.9727647,0.980283983,0.976484603,527.5,0.815,0.666666667,0.688888889,3.3,0.997687784,0.999418605,0.99854733,171.7,1,0.999260626,0.999629628,270.6,0.788137231,0.733428571,0.75771163,49.9,0.993792517,0.98125,0.987274288,48.2
FALSE,TRUE,FALSE,7363,(1 2),FALSE,TRUE,97.52612985,0.937522094,0.877597953,0.89375152,0.970283583,0.982558148,0.976346226,527.5,0.86,0.6,0.654047619,3.3,0.99768114,0.999418605,0.998545654,171.7,0.999263349,0.999260626,0.999260623,270.6,0.804111977,0.70722449,0.749163786,49.9,0.993792517,0.97712585,0.985145214,48.2
FALSE,TRUE,FALSE,7363,(1 3),FALSE,FALSE,97.68486001,0.896044755,0.875595303,0.876530597,0.970793479,0.986542249,0.978548776,527.5,0.55,0.591666667,0.530584416,3.3,0.994807577,0.999418605,0.997099745,171.7,1,0.999260626,0.999629628,270.6,0.864834139,0.69122449,0.762751534,49.9,0.995833333,0.985459184,0.990569483,48.2
FALSE,TRUE,FALSE,7363,(1 3),TRUE,FALSE,97.47947064,0.919742716,0.879243166,0.885787496,0.971331737,0.98047194,0.975844936,527.5,0.765,0.6,0.605555556,3.3,0.998259175,0.999418605,0.998835509,171.7,0.999263349,0.999260626,0.999260623,270.6,0.788726183,0.71922449,0.749096538,49.9,0.99587585,0.977083333,0.986131815,48.2
FALSE,TRUE,FALSE,7363,(1 3),FALSE,TRUE,97.41416343,0.911123062,0.884511272,0.886877584,0.972018276,0.978956429,0.975442691,527.5,0.726666667,0.633333333,0.618571429,3.3,0.998259175,0.999418605,0.998835509,171.7,0.998895702,0.999260626,0.999076461,270.6,0.77919118,0.727306122,0.749594881,49.9,0.991707374,0.968792517,0.97974453,48.2
FALSE,TRUE,TRUE,1000,(1 1),FALSE,FALSE,97.61950925,0.895472019,0.89007021,0.886592456,0.971106578,0.985974786,0.978458759,527.5,0.573333333,0.691666667,0.608095238,3.3,0.994827434,0.998833809,0.996813226,171.7,0.998898396,0.999260626,0.999077138,270.6,0.844831337,0.677142857,0.74856023,49.9,0.989835034,0.987542517,0.988550144,48.2
FALSE,TRUE,TRUE,1000,(1 1),TRUE,FALSE,97.46085748,0.924670277,0.888606032,0.89613298,0.970969682,0.980854681,0.975867686,527.5,0.801666667,0.666666667,0.675714286,3.3,0.997684384,0.998833809,0.99825408,171.7,0.998165795,0.999260626,0.998709491,270.6,0.787740919,0.713061224,0.746198716,49.9,0.991794218,0.972959184,0.982053619,48.2
FALSE,TRUE,TRUE,1000,(1 1),FALSE,TRUE,97.27418579,0.913043967,0.88022891,0.890045118,0.970010076,0.978960382,0.974429846,527.5,0.747857143,0.633333333,0.657222222,3.3,0.994826978,0.998252414,0.996521579,171.7,0.998161735,0.998890256,0.998523287,270.6,0.76953553,0.701061224,0.729523635,49.9,0.99787234,0.97087585,0.984050137,48.2
FALSE,TRUE,TRUE,1000,(1 2),FALSE,FALSE,97.59153288,0.906261017,0.892835546,0.894815259,0.96840764,0.986732002,0.977468421,527.5,0.636190476,0.725,0.664761905,3.3,0.996531715,0.999418605,0.99796931,171.7,0.999630996,0.999260626,0.999444785,270.6,0.836805273,0.661142857,0.736616249,49.9,1,0.985459184,0.992630886,48.2
FALSE,TRUE,TRUE,1000,(1 2),TRUE,FALSE,97.29281638,0.920358497,0.886957128,0.89698309,0.96664504,0.981422144,0.97395199,527.5,0.785,0.7,0.70952381,3.3,0.998255775,0.998833809,0.998542259,171.7,0.999632353,0.999260626,0.999445466,270.6,0.778869626,0.667183673,0.716318848,49.9,0.993748191,0.975042517,0.984116167,48.2
FALSE,TRUE,TRUE,1000,(1 2),FALSE,TRUE,97.36749551,0.921933809,0.881125088,0.894896805,0.966407352,0.983507993,0.974830408,527.5,0.766666667,0.666666667,0.690238095,3.3,0.997687784,0.999418605,0.99854733,171.7,0.999261983,0.998890256,0.999075096,270.6,0.803662405,0.66322449,0.720465578,49.9,0.997916667,0.975042517,0.986224322,48.2
FALSE,TRUE,TRUE,1000,(1 3),FALSE,FALSE,97.62888115,0.911938144,0.894474945,0.899742175,0.968768145,0.986731283,0.977649446,527.5,0.668333333,0.725,0.688095238,3.3,0.99595368,0.999418605,0.997679455,171.7,0.99962963,0.998890256,0.999259258,270.6,0.838944073,0.667183673,0.741033503,49.9,1,0.98962585,0.994736149,48.2
FALSE,TRUE,TRUE,1000,(1 3),TRUE,FALSE,97.15275165,0.910323666,0.877914422,0.883848729,0.965707373,0.980664208,0.973106618,527.5,0.743333333,0.666666667,0.650952381,3.3,0.998255775,0.998833809,0.998542259,171.7,0.999632353,0.999260626,0.999445466,270.6,0.76330398,0.649102041,0.699015363,49.9,0.991709184,0.972959184,0.982030288,48.2
FALSE,TRUE,TRUE,1000,(1 3),FALSE,TRUE,97.20875664,0.894174453,0.869408723,0.875757592,0.966122161,0.981421065,0.973666196,527.5,0.627857143,0.608333333,0.592380952,3.3,0.997687784,0.999418605,0.99854733,171.7,1,0.999260626,0.999629628,270.6,0.781672256,0.657142857,0.709388341,49.9,0.991707374,0.97087585,0.980933104,48.2
FALSE,TRUE,TRUE,5000,(1 1),FALSE,FALSE,97.63820951,0.902448087,0.905117651,0.899835821,0.972718996,0.98350943,0.978038795,527.5,0.626666667,0.758333333,0.677380952,3.3,0.995392294,0.998833809,0.997099745,171.7,0.998536106,0.999260626,0.998894327,270.6,0.821374462,0.701142857,0.752864957,49.9,1,0.98962585,0.994736149,48.2
FALSE,TRUE,TRUE,5000,(1 1),TRUE,FALSE,97.65682268,0.921086327,0.888796465,0.89755976,0.97267793,0.982748979,0.97765644,527.5,0.758333333,0.641666667,0.660714286,3.3,0.997119524,0.998833809,0.997967561,171.7,0.999630996,0.999260626,0.999444785,270.6,0.804878628,0.733142857,0.764385902,49.9,0.993877551,0.97712585,0.985189584,48.2
FALSE,TRUE,TRUE,5000,(1 1),FALSE,TRUE,97.46079651,0.927093417,0.885072993,0.896774204,0.973274489,0.978579438,0.975901208,527.5,0.825,0.616666667,0.667380952,3.3,0.993118501,0.997664219,0.995360174,171.7,0.998528055,0.999260626,0.998892299,270.6,0.774767116,0.74322449,0.756932793,49.9,0.99787234,0.975042517,0.986177797,48.2
FALSE,TRUE,TRUE,5000,(1 2),FALSE,FALSE,97.72228668,0.896998014,0.873006615,0.875390564,0.968688555,0.98901012,0.978709923,527.5,0.54452381,0.591666667,0.527142857,3.3,0.995967007,0.999418605,0.997679455,171.7,0.999630996,0.999260626,0.999444785,270.6,0.875261051,0.67322449,0.757766177,49.9,0.997916667,0.985459184,0.991600185,48.2
FALSE,TRUE,TRUE,5000,(1 2),TRUE,FALSE,97.50754282,0.927275308,0.893459047,0.900144897,0.973083292,0.978770628,0.97590168,527.5,0.823333333,0.666666667,0.685555556,3.3,0.998259175,0.999418605,0.998835509,171.7,0.998897059,0.999260626,0.999076463,270.6,0.774203142,0.735387755,0.753195186,49.9,0.99587585,0.98125,0.98830499,48.2
FALSE,TRUE,TRUE,5000,(1 2),FALSE,TRUE,97.28351415,0.90363536,0.880723117,0.881255716,0.970344683,0.978390762,0.974329485,527.5,0.693333333,0.633333333,0.601904762,3.3,0.997109749,0.999418605,0.998257475,171.7,0.998895702,0.999260626,0.999076461,270.6,0.768424828,0.705142857,0.733143195,49.9,0.993703865,0.968792517,0.980822916,48.2
FALSE,TRUE,TRUE,5000,(1 3),FALSE,FALSE,97.73160632,0.901717735,0.875753371,0.880646325,0.970467286,0.987490656,0.978868328,527.5,0.58452381,0.591666667,0.552142857,3.3,0.994807577,0.999418605,0.997099745,171.7,0.999630996,0.999260626,0.999444785,270.6,0.860876741,0.69122449,0.763691351,49.9,1,0.985459184,0.992630886,48.2
FALSE,TRUE,TRUE,5000,(1 3),TRUE,FALSE,97.5448998,0.910211209,0.880651343,0.88130317,0.972824859,0.981045153,0.976883282,527.5,0.704166667,0.6,0.571767677,3.3,0.998259175,0.999418605,0.998835509,171.7,0.998895702,0.999260626,0.999076461,270.6,0.79750032,0.729183673,0.759269873,49.9,0.989620531,0.975,0.981986216,48.2
FALSE,TRUE,TRUE,5000,(1 3),FALSE,TRUE,97.46090974,0.914769146,0.883771946,0.889143989,0.971350693,0.980476252,0.97585067,527.5,0.73797619,0.633333333,0.630606061,3.3,0.998259175,0.999418605,0.998835509,171.7,0.999630996,0.999260626,0.999444785,270.6,0.791781029,0.717183673,0.749171122,49.9,0.989616795,0.972959184,0.980955784,48.2
FALSE,TRUE,TRUE,7363,(1 1),FALSE,FALSE,97.72224313,0.899684871,0.906917563,0.899240998,0.973623496,0.984268084,0.978885307,527.5,0.601666667,0.758333333,0.663095238,3.3,0.995392294,0.998833809,0.997099745,171.7,0.999267399,0.999260626,0.999261981,270.6,0.830200184,0.711183673,0.763398497,49.9,0.997959184,0.98962585,0.993705222,48.2
FALSE,TRUE,TRUE,7363,(1 1),TRUE,FALSE,97.65681397,0.917929048,0.883882993,0.893428901,0.973023626,0.982560664,0.977747964,527.5,0.741666667,0.608333333,0.634047619,3.3,0.996541528,0.998833809,0.997677721,171.7,0.999630996,0.999260626,0.999444785,270.6,0.802833918,0.737183673,0.766465731,49.9,0.993877551,0.97712585,0.985189584,48.2
FALSE,TRUE,TRUE,7363,(1 1),FALSE,TRUE,97.51681021,0.914918342,0.884489183,0.893502636,0.97329092,0.979906992,0.976578738,527.5,0.741666667,0.616666667,0.644047619,3.3,0.993125421,0.998833809,0.99595185,171.7,0.998528055,0.999260626,0.998892299,270.6,0.785026651,0.73722449,0.759367514,49.9,0.99787234,0.975042517,0.986177797,48.2
FALSE,TRUE,TRUE,7363,(1 2),FALSE,FALSE,97.72228668,0.905723206,0.882559586,0.885607057,0.968180686,0.989577943,0.978717325,527.5,0.58452381,0.658333333,0.591587302,3.3,0.995402146,0.999418605,0.997392936,171.7,0.999630996,0.999260626,0.999444785,270.6,0.886601598,0.66122449,0.752816475,49.9,1,0.987542517,0.993683518,48.2
FALSE,TRUE,TRUE,7363,(1 2),TRUE,FALSE,97.66622072,0.935202822,0.893982297,0.904969051,0.973354996,0.981991763,0.977638828,527.5,0.848333333,0.666666667,0.702222222,3.3,0.997687784,0.999418605,0.99854733,171.7,0.999264706,0.999260626,0.999260625,270.6,0.796700263,0.735306122,0.76384031,49.9,0.99587585,0.98125,0.98830499,48.2
FALSE,TRUE,TRUE,7363,(1 2),FALSE,TRUE,97.45152912,0.910823968,0.889566062,0.892018078,0.972049141,0.979905914,0.975932943,527.5,0.718333333,0.666666667,0.648571429,3.3,0.997109749,0.999418605,0.998257475,171.7,0.998895702,0.999260626,0.999076461,270.6,0.782680034,0.717102041,0.745169273,49.9,0.99587585,0.975042517,0.985100887,48.2
FALSE,TRUE,TRUE,7363,(1 3),FALSE,FALSE,97.69429289,0.897577291,0.872006735,0.875226623,0.968501932,0.989010839,0.978614402,527.5,0.55,0.591666667,0.530584416,3.3,0.994807577,0.999418605,0.997099745,171.7,0.999630996,0.999260626,0.999444785,270.6,0.874606572,0.66722449,0.754016204,49.9,0.997916667,0.985459184,0.991600185,48.2
FALSE,TRUE,TRUE,7363,(1 3),TRUE,FALSE,97.48889481,0.922419981,0.884497956,0.889740145,0.971339637,0.980665646,0.975951358,527.5,0.783333333,0.633333333,0.630555556,3.3,0.998259175,0.999418605,0.998835509,171.7,0.999263349,0.999260626,0.999260623,270.6,0.78644854,0.715142857,0.746583986,49.9,0.99587585,0.979166667,0.987253835,48.2
FALSE,TRUE,TRUE,7363,(1 3),FALSE,TRUE,97.29288606,0.889762578,0.88321701,0.87835931,0.971565623,0.977065005,0.974290587,527.5,0.616666667,0.633333333,0.578571429,3.3,0.998259175,0.999418605,0.998835509,171.7,0.999263349,0.999260626,0.999260623,270.6,0.761113278,0.717265306,0.73720914,49.9,0.991707374,0.972959184,0.981988569,48.2
TRUE,FALSE,FALSE,1000,(1 1),FALSE,FALSE,97.50750798,0.890005238,0.891240075,0.886969106,0.971538264,0.982750776,0.977099657,527.5,0.58,0.691666667,0.620555556,3.3,0.994810785,0.998833809,0.99680986,171.7,1,0.999260626,0.999629628,270.6,0.801930679,0.689469388,0.739234702,49.9,0.991751701,0.985459184,0.988485231,48.2
TRUE,FALSE,FALSE,1000,(1 1),TRUE,FALSE,97.52620824,0.925467861,0.891286818,0.901036757,0.971695791,0.981991404,0.976801522,527.5,0.8,0.675,0.696666667,3.3,0.996534649,0.997082823,0.996797941,171.7,0.999630996,0.999260626,0.999444785,270.6,0.795236651,0.721469388,0.755508867,49.9,0.989709075,0.972916667,0.981000761,48.2
TRUE,FALSE,FALSE,1000,(1 1),FALSE,TRUE,97.50750798,0.927562066,0.882159064,0.895000466,0.968917921,0.983884984,0.97629588,527.5,0.78452381,0.641666667,0.66452381,3.3,0.996538049,0.997667619,0.997091191,171.7,0.999263349,0.999260626,0.999260623,270.6,0.820210902,0.691265306,0.745466363,49.9,0.995918367,0.979209184,0.987364928,48.2
TRUE,FALSE,FALSE,1000,(1 2),FALSE,FALSE,97.44219205,0.890842806,0.88368614,0.8788734,0.9697634,0.982751854,0.976185869,527.5,0.5775,0.658333333,0.576212121,3.3,0.995947036,0.999418605,0.997677779,171.7,0.99962963,0.998890256,0.999259258,270.6,0.804257588,0.679346939,0.733402841,49.9,0.997959184,0.98337585,0.990502534,48.2
TRUE,FALSE,FALSE,1000,(1 2),TRUE,FALSE,97.52618211,0.919766942,0.89843422,0.901758661,0.971006277,0.982748979,0.976822675,527.5,0.765,0.733333333,0.71031746,3.3,0.997684384,0.998833809,0.99825408,171.7,1,0.999260626,0.999629628,270.6,0.795116771,0.701428571,0.743476794,49.9,0.989794218,0.975,0.982051327,48.2
TRUE,FALSE,FALSE,1000,(1 2),FALSE,TRUE,97.43283756,0.906563619,0.878434395,0.884014742,0.967373433,0.984075096,0.975571301,527.5,0.65952381,0.641666667,0.617380952,3.3,0.99768114,0.999418605,0.998545654,171.7,0.999630996,0.999260626,0.999444785,270.6,0.823260571,0.671142857,0.729976734,49.9,0.991911765,0.975042517,0.983169025,48.2
TRUE,FALSE,FALSE,1000,(1 3),FALSE,FALSE,97.40484378,0.890910793,0.877445941,0.875631279,0.969591464,0.982560664,0.975994211,527.5,0.585833333,0.625,0.563831169,3.3,0.996525071,0.999418605,0.997967634,171.7,0.99962963,0.998890256,0.999259258,270.6,0.797966891,0.673346939,0.72618877,49.9,0.995918367,0.985459184,0.990546634,48.2
TRUE,FALSE,FALSE,1000,(1 3),TRUE,FALSE,97.49819704,0.910058053,0.899584477,0.896831095,0.972046823,0.98123239,0.976605925,527.5,0.715,0.733333333,0.679365079,3.3,0.997687784,0.999418605,0.99854733,171.7,1,0.999260626,0.999629628,270.6,0.785819492,0.713428571,0.74700899,49.9,0.989794218,0.970833333,0.97982962,48.2
TRUE,FALSE,FALSE,1000,(1 3),FALSE,TRUE,97.38620448,0.901585667,0.879301939,0.885581687,0.968472032,0.981613694,0.974958122,527.5,0.658333333,0.633333333,0.62547619,3.3,0.997687784,0.999418605,0.99854733,171.7,0.999630996,0.999260626,0.999444785,270.6,0.795605751,0.687142857,0.732877912,49.9,0.989784105,0.975042517,0.982185782,48.2
TRUE,FALSE,FALSE,5000,(1 1),FALSE,FALSE,97.64753787,0.900707183,0.906147451,0.900089444,0.972859649,0.98294017,0.977840975,527.5,0.621666667,0.758333333,0.676984127,3.3,0.995402146,0.999418605,0.997392936,171.7,0.999632353,0.999260626,0.999445466,270.6,0.818763917,0.707306122,0.756198863,49.9,0.995918367,0.98962585,0.992674294,48.2
TRUE,FALSE,FALSE,5000,(1 1),TRUE,FALSE,97.61949183,0.938761382,0.899577802,0.908836277,0.972438585,0.981989247,0.977166658,527.5,0.866666667,0.708333333,0.729761905,3.3,0.997677544,0.997664219,0.997665859,171.7,0.999630996,0.999260626,0.999444785,270.6,0.804319465,0.741469388,0.769098884,49.9,0.991835034,0.96875,0.979879567,48.2
TRUE,FALSE,FALSE,5000,(1 1),FALSE,TRUE,97.59145449,0.920603784,0.878491164,0.88963679,0.972973525,0.981800572,0.977346381,527.5,0.758333333,0.575,0.610714286,3.3,0.994245267,0.996498028,0.995348474,171.7,0.999263349,0.999260626,0.999260623,270.6,0.80288886,0.743387755,0.770004801,49.9,0.995918367,0.975,0.985146177,48.2
TRUE,FALSE,FALSE,5000,(1 2),FALSE,FALSE,97.75027175,0.888215327,0.893622874,0.883730568,0.972200614,0.986544405,0.979291992,527.5,0.504642857,0.691666667,0.566479076,3.3,0.996535075,0.999418605,0.997967625,171.7,0.999261993,0.999260626,0.999259943,270.6,0.858734754,0.699387755,0.767784586,49.9,0.997916667,0.985459184,0.991600185,48.2
TRUE,FALSE,FALSE,5000,(1 2),TRUE,FALSE,97.73160632,0.936571131,0.907060753,0.913535277,0.974821958,0.981800932,0.978272839,527.5,0.847857143,0.733333333,0.743888889,3.3,0.997109749,0.999418605,0.998257475,171.7,0.999630996,0.999260626,0.999444785,270.6,0.804173608,0.75355102,0.776222748,49.9,0.995833333,0.975,0.985124925,48.2
TRUE,FALSE,FALSE,5000,(1 2),FALSE,TRUE,97.57288488,0.906867614,0.889374457,0.889792599,0.974590814,0.980473736,0.977505703,527.5,0.686666667,0.641666667,0.616666667,3.3,0.997106349,0.998833809,0.997964225,171.7,0.999263349,0.999260626,0.999260623,270.6,0.792046745,0.753469388,0.770770098,49.9,0.991531761,0.962542517,0.976588276,48.2
TRUE,FALSE,FALSE,5000,(1 3),FALSE,FALSE,97.72226926,0.88906734,0.893823022,0.883482646,0.972534006,0.985786111,0.979088173,527.5,0.516547619,0.691666667,0.566796537,3.3,0.994807577,0.999418605,0.997099745,171.7,0.999630996,0.999260626,0.999444785,270.6,0.852924657,0.701346939,0.766889072,49.9,0.997959184,0.985459184,0.991577562,48.2
TRUE,FALSE,FALSE,5000,(1 3),TRUE,FALSE,97.70353415,0.932424124,0.901644799,0.90665041,0.97390535,0.98217936,0.97799502,527.5,0.8175,0.708333333,0.704386724,3.3,0.998259175,0.999418605,0.998835509,171.7,0.999630996,0.999260626,0.999444785,270.6,0.807332558,0.741510204,0.77097953,49.9,0.997916667,0.979166667,0.98826089,48.2
TRUE,FALSE,FALSE,5000,(1 3),FALSE,TRUE,97.67555779,0.920815002,0.882443805,0.892022785,0.9723227,0.983886421,0.978028114,527.5,0.73452381,0.608333333,0.62047619,3.3,0.998255775,0.998833809,0.998542259,171.7,0.999630996,0.999260626,0.999444785,270.6,0.824413975,0.729306122,0.770543057,49.9,0.995742754,0.975042517,0.985102302,48.2
TRUE,FALSE,FALSE,7363,(1 1),FALSE,FALSE,97.78755905,0.901989774,0.909565986,0.902742873,0.974876111,0.98407869,0.97943296,527.5,0.615,0.758333333,0.674603175,3.3,0.994281607,0.998833809,0.996531599,171.7,1,0.999260626,0.999629628,270.6,0.831862559,0.729346939,0.774638213,49.9,0.995918367,0.987542517,0.991621662,48.2
TRUE,FALSE,FALSE,7363,(1 1),TRUE,FALSE,97.70352544,0.9398276,0.897067881,0.909089379,0.973909875,0.982179719,0.978007041,527.5,0.868333333,0.675,0.719047619,3.3,0.997112684,0.997664219,0.997379341,171.7,0.999630996,0.999260626,0.999444785,270.6,0.80614368,0.757469388,0.778715187,49.9,0.993835034,0.970833333,0.9819423,48.2
TRUE,FALSE,FALSE,7363,(1 1),FALSE,TRUE,97.75016723,0.92942497,0.884582171,0.896524253,0.975731233,0.98180165,0.978732811,527.5,0.801666667,0.583333333,0.632380952,3.3,0.993696812,0.998833809,0.996240029,171.7,0.999263349,0.999260626,0.999260623,270.6,0.808319419,0.773387755,0.788480962,49.9,0.99787234,0.97087585,0.984050137,48.2
TRUE,FALSE,FALSE,7363,(1 2),FALSE,FALSE,97.85297079,0.896134735,0.88353978,0.882947402,0.971922997,0.988629176,0.980164723,527.5,0.531666667,0.625,0.550822511,3.3,0.996535075,0.999418605,0.997967625,171.7,0.999261993,0.999260626,0.999259943,270.6,0.877421676,0.701387755,0.775786095,49.9,1,0.987542517,0.993683518,48.2
TRUE,FALSE,FALSE,7363,(1 2),TRUE,FALSE,97.72225184,0.935137873,0.900835881,0.909925528,0.974284855,0.982369832,0.978287752,527.5,0.838333333,0.7,0.723888889,3.3,0.997106349,0.998833809,0.997964225,171.7,0.999630996,0.999260626,0.999444785,270.6,0.807766028,0.74955102,0.77587283,49.9,0.993705674,0.975,0.98409469,48.2
TRUE,FALSE,FALSE,7363,(1 2),FALSE,TRUE,97.67554037,0.915912848,0.899100173,0.901089349,0.974266505,0.982370551,0.978280903,527.5,0.72,0.7,0.675,3.3,0.996541489,0.998833809,0.997677706,171.7,0.999630996,0.999260626,0.999444785,270.6,0.809204766,0.749510204,0.77640965,49.9,0.995833333,0.96462585,0.979723052,48.2
TRUE,FALSE,FALSE,7363,(1 3),FALSE,FALSE,97.81561381,0.894841778,0.884291042,0.879874524,0.973137365,0.987303418,0.980129717,527.5,0.536309524,0.625,0.533939394,3.3,0.995382251,0.999418605,0.997387914,171.7,0.999261993,0.999260626,0.999259943,270.6,0.867042867,0.711387755,0.778005017,49.9,0.997916667,0.98337585,0.990525157,48.2
TRUE,FALSE,FALSE,7363,(1 3),TRUE,FALSE,97.72225184,0.936824029,0.907330895,0.91443183,0.974811154,0.981421784,0.978083393,527.5,0.855,0.733333333,0.750555556,3.3,0.997687784,0.999418605,0.99854733,171.7,0.999630996,0.999260626,0.999444785,270.6,0.797980905,0.75555102,0.774834991,49.9,0.995833333,0.975,0.985124925,48.2
TRUE,FALSE,FALSE,7363,(1 3),FALSE,TRUE,97.63823564,0.914510747,0.88931488,0.893209952,0.974090198,0.981992122,0.977997699,527.5,0.718333333,0.641666667,0.631666667,3.3,0.998255775,0.998833809,0.998542259,171.7,0.999263349,0.999260626,0.999260623,270.6,0.803419889,0.747469388,0.772090619,49.9,0.993701937,0.966666667,0.979701845,48.2
TRUE,FALSE,TRUE,1000,(1 1),FALSE,FALSE,97.54487367,0.887095532,0.888000213,0.882941694,0.972445678,0.982182594,0.977270382,527.5,0.546666667,0.658333333,0.582380952,3.3,0.994820751,0.999418605,0.997103086,171.7,0.998532105,0.999260626,0.998893657,270.6,0.818232142,0.703346939,0.753496044,49.9,0.99187585,0.985459184,0.988506044,48.2
TRUE,FALSE,TRUE,1000,(1 1),TRUE,FALSE,97.68492969,0.925328009,0.891344229,0.900513291,0.972505658,0.984458556,0.978422858,527.5,0.771666667,0.666666667,0.677222222,3.3,0.997677544,0.997664219,0.997665859,171.7,0.998533452,0.999260626,0.99889298,270.6,0.819747997,0.731265306,0.771064996,49.9,0.991836735,0.96875,0.97981083,48.2
TRUE,FALSE,TRUE,1000,(1 1),FALSE,TRUE,97.5635391,0.92063536,0.888129436,0.89419287,0.970926906,0.98407905,0.977410471,527.5,0.7375,0.666666667,0.650735931,3.3,0.99537858,0.997082823,0.99621823,171.7,0.998529382,0.998890256,0.998707449,270.6,0.825477296,0.71122449,0.759112803,49.9,0.996,0.970833333,0.982972337,48.2
TRUE,FALSE,TRUE,1000,(1 2),FALSE,FALSE,97.58216097,0.912099887,0.892090953,0.89700053,0.970692816,0.983888218,0.977219228,527.5,0.7,0.691666667,0.672380952,3.3,0.995379006,0.999418605,0.997389604,171.7,1,0.998890256,0.9994441,270.6,0.808568315,0.695306122,0.745066764,49.9,0.997959184,0.98337585,0.990502534,48.2
TRUE,FALSE,TRUE,1000,(1 2),TRUE,FALSE,97.53551918,0.930816868,0.9013445,0.909711502,0.971522899,0.981421065,0.976426573,527.5,0.835,0.733333333,0.75,3.3,0.997677544,0.997664219,0.997665859,171.7,1,0.999260626,0.999629628,270.6,0.786908249,0.721387755,0.750524607,49.9,0.993792517,0.975,0.984022346,48.2
TRUE,FALSE,TRUE,1000,(1 2),FALSE,TRUE,97.33947559,0.897391391,0.893925474,0.890112048,0.970619516,0.979145104,0.974807973,527.5,0.645833333,0.708333333,0.651450216,3.3,0.996528315,0.998833809,0.997674369,171.7,0.999260626,0.998890256,0.999074415,270.6,0.776230705,0.70122449,0.731396895,49.9,0.99587585,0.97712585,0.986268422,48.2
TRUE,FALSE,TRUE,1000,(1 3),FALSE,FALSE,97.58219581,0.915470092,0.880748068,0.889779256,0.970533821,0.984456759,0.977416923,527.5,0.715,0.625,0.628333333,3.3,0.995379006,0.999418605,0.997389604,171.7,1,0.998890256,0.9994441,270.6,0.815989355,0.693346939,0.746619972,49.9,0.995918367,0.98337585,0.989471606,48.2
TRUE,FALSE,TRUE,1000,(1 3),TRUE,FALSE,97.46085748,0.921787125,0.899635267,0.904515456,0.971121412,0.980664208,0.975857039,527.5,0.791666667,0.733333333,0.728333333,3.3,0.997680984,0.998249014,0.997960829,171.7,1,0.999260626,0.999629628,270.6,0.776503686,0.713387755,0.742341967,49.9,0.99375,0.972916667,0.98296994,48.2
TRUE,FALSE,TRUE,1000,(1 3),FALSE,TRUE,97.32076662,0.886166578,0.891170667,0.882078019,0.97028812,0.980281467,0.97520405,527.5,0.5775,0.708333333,0.611926407,3.3,0.997687784,0.999418605,0.99854733,171.7,0.999260626,0.998890256,0.999074415,270.6,0.778427904,0.68922449,0.725752573,49.9,0.993835034,0.97087585,0.981963339,48.2
TRUE,FALSE,TRUE,5000,(1 1),FALSE,FALSE,97.76885008,0.902904532,0.902515039,0.897788973,0.974366903,0.984643997,0.979443009,527.5,0.615,0.725,0.648333333,3.3,0.994843705,0.999418605,0.997108064,171.7,0.998899752,0.999260626,0.999077819,270.6,0.838398465,0.71922449,0.771149951,49.9,0.995918367,0.987542517,0.991621662,48.2
TRUE,FALSE,TRUE,5000,(1 1),TRUE,FALSE,97.78757647,0.941508997,0.902365181,0.915022482,0.974837682,0.983128486,0.978951341,527.5,0.868333333,0.7,0.745714286,3.3,0.997112684,0.997664219,0.997379341,171.7,0.999264706,0.999260626,0.999260625,270.6,0.813587211,0.765387755,0.786908928,49.9,0.995918367,0.96875,0.98192037,48.2
TRUE,FALSE,TRUE,5000,(1 1),FALSE,TRUE,97.66616846,0.931704801,0.886364082,0.899793068,0.973369082,0.982370191,0.977830558,527.5,0.816666667,0.616666667,0.664761905,3.3,0.994820138,0.997664219,0.996224904,171.7,0.998528055,0.999260626,0.998892299,270.6,0.810969016,0.751346939,0.778053121,49.9,0.99587585,0.97087585,0.982995624,48.2
TRUE,FALSE,TRUE,5000,(1 2),FALSE,FALSE,97.89034519,0.894825573,0.896812447,0.889785594,0.973884257,0.987681847,0.98070194,527.5,0.533333333,0.691666667,0.587857143,3.3,0.995967007,0.999418605,0.997679455,171.7,0.999263349,0.999260626,0.999260623,270.6,0.868588827,0.717387755,0.781614216,49.9,0.997916667,0.985459184,0.991600185,48.2
TRUE,FALSE,TRUE,5000,(1 2),TRUE,FALSE,97.86229044,0.94044247,0.902777867,0.910906466,0.975449053,0.984266647,0.979805195,527.5,0.847857143,0.7,0.713888889,3.3,0.997684384,0.998833809,0.99825408,171.7,0.998897059,0.999260626,0.999076463,270.6,0.826933849,0.759306122,0.789266848,49.9,0.995833333,0.975,0.985147321,48.2
TRUE,FALSE,TRUE,5000,(1 2),FALSE,TRUE,97.65691849,0.909738313,0.889169102,0.88766869,0.975000911,0.981614053,0.978267689,527.5,0.686190476,0.633333333,0.593333333,3.3,0.997106349,0.998833809,0.997964225,171.7,0.999263349,0.999260626,0.999260623,270.6,0.807118792,0.755306122,0.777462994,49.9,0.99375,0.966666667,0.979723278,48.2
TRUE,FALSE,TRUE,5000,(1 3),FALSE,FALSE,97.6569272,0.888226622,0.894816039,0.885477274,0.972856689,0.983701699,0.978211996,527.5,0.526190476,0.691666667,0.582380952,3.3,0.995385611,0.999418605,0.997389604,171.7,0.998895702,0.999260626,0.999076461,270.6,0.838072068,0.707306122,0.763152039,49.9,0.997959184,0.987542517,0.99265259,48.2
TRUE,FALSE,TRUE,5000,(1 3),TRUE,FALSE,97.75025433,0.934967531,0.908868993,0.912913773,0.975712362,0.981233468,0.978445668,527.5,0.838333333,0.733333333,0.733888889,3.3,0.998255775,0.998833809,0.998542259,171.7,0.999263349,0.999260626,0.999260623,270.6,0.802407034,0.763469388,0.781145244,49.9,0.995833333,0.977083333,0.986199953,48.2
TRUE,FALSE,TRUE,5000,(1 3),FALSE,TRUE,97.67557521,0.924872216,0.882844727,0.89211826,0.973573557,0.982751136,0.978101999,527.5,0.770833333,0.6,0.62025974,3.3,0.998255775,0.998833809,0.998542259,171.7,0.999263349,0.999260626,0.999260623,270.6,0.813649672,0.743306122,0.773569826,49.9,0.993657611,0.972916667,0.982975109,48.2
TRUE,FALSE,TRUE,7363,(1 1),FALSE,FALSE,97.71284509,0.901403623,0.90165609,0.896776902,0.973979691,0.984075096,0.97897076,527.5,0.615,0.725,0.648333333,3.3,0.994281607,0.998833809,0.996531599,171.7,0.998899752,0.999260626,0.999077819,270.6,0.830342322,0.71522449,0.766126237,49.9,0.995918367,0.987542517,0.991621662,48.2
TRUE,FALSE,TRUE,7363,(1 1),TRUE,FALSE,97.84358146,0.943223955,0.89841309,0.911536733,0.974867592,0.984456759,0.979626292,527.5,0.868333333,0.675,0.719047619,3.3,0.997112684,0.997664219,0.997379341,171.7,0.999264706,0.999260626,0.999260625,270.6,0.82384705,0.765346939,0.791986151,49.9,0.995918367,0.96875,0.98192037,48.2
TRUE,FALSE,TRUE,7363,(1 1),FALSE,TRUE,97.73149309,0.932112173,0.888815207,0.901352238,0.975192233,0.981990685,0.97855938,527.5,0.816666667,0.616666667,0.664761905,3.3,0.994248943,0.998833809,0.996523269,171.7,0.998163101,0.999260626,0.998708814,270.6,0.812570571,0.767346939,0.787638997,49.9,0.995831524,0.968792517,0.981921063,48.2
TRUE,FALSE,TRUE,7363,(1 2),FALSE,FALSE,97.98362006,0.901228087,0.891323098,0.89010657,0.973397482,0.989954934,0.98157624,527.5,0.548333333,0.658333333,0.579076479,3.3,0.995967007,0.999418605,0.997679455,171.7,0.999263349,0.999260626,0.999260623,270.6,0.890407352,0.713428571,0.789363106,49.9,1,0.987542517,0.993683518,48.2
TRUE,FALSE,TRUE,7363,(1 2),TRUE,FALSE,97.92759766,0.938174466,0.902508378,0.90863419,0.976202586,0.985023863,0.980564591,527.5,0.827857143,0.691666667,0.693492063,3.3,0.997684384,0.998833809,0.99825408,171.7,0.999264706,0.999260626,0.999260625,270.6,0.834287974,0.765265306,0.796117159,49.9,0.99375,0.975,0.98411662,48.2
TRUE,FALSE,TRUE,7363,(1 2),FALSE,TRUE,97.77821328,0.923124456,0.893293482,0.898621228,0.973803477,0.9850253,0.979363411,527.5,0.741666667,0.666666667,0.651666667,3.3,0.996541489,0.998833809,0.997677706,171.7,0.999263349,0.999260626,0.999260623,270.6,0.831595906,0.743265306,0.782983505,49.9,0.99587585,0.966709184,0.980775458,48.2
TRUE,FALSE,TRUE,7363,(1 3),FALSE,FALSE,97.75032401,0.885582158,0.883466488,0.877855924,0.97293505,0.986356089,0.979563946,527.5,0.491666667,0.625,0.529393939,3.3,0.994804216,0.999418605,0.997098059,171.7,0.998894346,0.999260626,0.999075781,270.6,0.857276002,0.707387755,0.771478661,49.9,0.997916667,0.98337585,0.990525157,48.2
TRUE,FALSE,TRUE,7363,(1 3),TRUE,FALSE,97.7876026,0.934023935,0.902202703,0.907193187,0.975243024,0.982939811,0.979043674,527.5,0.822857143,0.7,0.699603175,3.3,0.997684384,0.998833809,0.99825408,171.7,0.999263349,0.999260626,0.999260623,270.6,0.813262378,0.759265306,0.782925275,49.9,0.995833333,0.972916667,0.984072293,48.2
TRUE,FALSE,TRUE,7363,(1 3),FALSE,TRUE,97.647564,0.910875702,0.890841722,0.891880411,0.97444328,0.981233109,0.977799693,527.5,0.69452381,0.641666667,0.618333333,3.3,0.998255775,0.998833809,0.998542259,171.7,0.999263349,0.999260626,0.999260623,270.6,0.802892147,0.755306122,0.77554017,49.9,0.99587585,0.96875,0.981806385,48.2
TRUE,TRUE,FALSE,1000,(1 1),FALSE,FALSE,97.49817962,0.898132368,0.8936954,0.8899279,0.968860358,0.984268443,0.976487898,527.5,0.599166667,0.725,0.636926407,3.3,0.994833739,0.998833809,0.996814839,171.7,1,0.999260626,0.999629628,270.6,0.828016779,0.665183673,0.736003179,49.9,0.997916667,0.98962585,0.993705448,48.2
TRUE,TRUE,FALSE,1000,(1 1),TRUE,FALSE,97.27408127,0.909834941,0.885200069,0.887238562,0.968901116,0.97971652,0.97426306,527.5,0.735,0.675,0.647380952,3.3,0.997684384,0.998833809,0.99825408,171.7,0.999632353,0.999260626,0.999445466,270.6,0.763956756,0.681306122,0.718919708,49.9,0.993835034,0.977083333,0.985168106,48.2
TRUE,TRUE,FALSE,1000,(1 1),FALSE,TRUE,97.2647355,0.919321995,0.878639923,0.891839518,0.968048716,0.980474455,0.974181412,527.5,0.777857143,0.641666667,0.675,3.3,0.995983047,0.998252414,0.997101289,171.7,0.998895702,0.999260626,0.999076461,270.6,0.777230697,0.675102041,0.718492806,49.9,0.997916667,0.977083333,0.987185139,48.2
TRUE,TRUE,FALSE,1000,(1 2),FALSE,FALSE,97.43282014,0.908587339,0.884344225,0.890421232,0.966031122,0.985404448,0.975602976,527.5,0.664166667,0.691666667,0.655497835,3.3,0.995379006,0.999418605,0.997389604,171.7,0.99962963,0.998890256,0.999259258,270.6,0.826317607,0.643142857,0.721094202,49.9,1,0.987542517,0.993683518,48.2
TRUE,TRUE,FALSE,1000,(1 2),TRUE,FALSE,97.15272552,0.923268206,0.876059248,0.889822532,0.966885512,0.978579078,0.972675728,527.5,0.835,0.633333333,0.68,3.3,0.998255775,0.998833809,0.998542259,171.7,1,0.999260626,0.999629628,270.6,0.747673733,0.671306122,0.705004443,49.9,0.991794218,0.975042517,0.983083132,48.2
TRUE,TRUE,FALSE,1000,(1 2),FALSE,TRUE,97.04066328,0.893987152,0.873753594,0.876008529,0.966038898,0.978197775,0.972015025,527.5,0.651190476,0.641666667,0.611190476,3.3,0.997687784,0.999418605,0.99854733,171.7,0.999630996,0.999260626,0.999444785,270.6,0.759750719,0.653102041,0.694928095,49.9,0.989624041,0.97087585,0.979925463,48.2
TRUE,TRUE,FALSE,1000,(1 3),FALSE,FALSE,97.47018584,0.900883003,0.883606747,0.88645707,0.965355143,0.986731283,0.975908614,527.5,0.595833333,0.691666667,0.627164502,3.3,0.995379006,0.999418605,0.997389604,171.7,0.99962963,0.998890256,0.999259258,270.6,0.849100904,0.63322449,0.723231658,49.9,1,0.991709184,0.995788781,48.2
TRUE,TRUE,FALSE,1000,(1 3),TRUE,FALSE,97.2834706,0.916057031,0.88119308,0.887950489,0.967191128,0.981421425,0.974217082,527.5,0.75952381,0.666666667,0.657380952,3.3,0.998259175,0.999418605,0.998835509,171.7,1,0.999260626,0.999629628,270.6,0.777533043,0.663265306,0.712427556,49.9,0.993835034,0.97712585,0.985212207,48.2
TRUE,TRUE,FALSE,1000,(1 3),FALSE,TRUE,97.18078027,0.890333518,0.878355409,0.879111495,0.966594174,0.980852884,0.973650981,527.5,0.616666667,0.666666667,0.616904762,3.3,0.997687784,0.999418605,0.99854733,171.7,1,0.999260626,0.999629628,270.6,0.76943195,0.65722449,0.707151174,49.9,0.991620531,0.966709184,0.978785098,48.2
TRUE,TRUE,FALSE,5000,(1 1),FALSE,FALSE,97.5821871,0.888075829,0.89820382,0.888094946,0.971394422,0.983318958,0.977301244,527.5,0.541190476,0.725,0.610238095,3.3,0.994249399,0.998833809,0.996523371,171.7,0.999630996,0.999260626,0.999444785,270.6,0.824030498,0.693183673,0.751356959,49.9,0.997959184,0.98962585,0.993705222,48.2
TRUE,TRUE,FALSE,5000,(1 1),TRUE,FALSE,97.53550176,0.933352949,0.898253648,0.905972747,0.971851832,0.980663849,0.976222773,527.5,0.851666667,0.708333333,0.723809524,3.3,0.997119524,0.998833809,0.997967561,171.7,1,0.999260626,0.999629628,270.6,0.783561302,0.725346939,0.752053705,49.9,0.995918367,0.977083333,0.986153293,48.2
TRUE,TRUE,FALSE,5000,(1 1),FALSE,TRUE,97.33008626,0.89476039,0.880656409,0.883952216,0.970866811,0.978578,0.97469317,527.5,0.641666667,0.616666667,0.609047619,3.3,0.994242023,0.997082823,0.995640048,171.7,0.999263349,0.999260626,0.999260623,270.6,0.766690159,0.71522449,0.738850181,49.9,0.995833333,0.97712585,0.986221657,48.2
TRUE,TRUE,FALSE,5000,(1 2),FALSE,FALSE,97.63827048,0.898780528,0.875046001,0.875740645,0.967957581,0.988246435,0.977947414,527.5,0.551587302,0.616666667,0.538075258,3.3,0.994810937,0.999418605,0.997101435,171.7,1,0.999260626,0.999629628,270.6,0.880410683,0.66122449,0.750089948,49.9,0.997916667,0.985459184,0.991600185,48.2
TRUE,TRUE,FALSE,5000,(1 2),TRUE,FALSE,97.49818833,0.926720613,0.890652534,0.89962014,0.971114914,0.980475533,0.975758259,527.5,0.815,0.666666667,0.688888889,3.3,0.998255775,0.998833809,0.998542259,171.7,1,0.999260626,0.999629628,270.6,0.780077137,0.717428571,0.746596813,49.9,0.99587585,0.98125,0.98830499,48.2
TRUE,TRUE,FALSE,5000,(1 2),FALSE,TRUE,97.16208872,0.91462089,0.886132518,0.889080295,0.969705563,0.97592361,0.972787253,527.5,0.785,0.666666667,0.66,3.3,0.996544889,0.999418605,0.997970956,171.7,0.999630996,0.998522619,0.999074415,270.6,0.741012366,0.705387755,0.721790353,49.9,0.995831524,0.97087585,0.982858791,48.2
TRUE,TRUE,FALSE,5000,(1 3),FALSE,FALSE,97.55429784,0.892139057,0.883787342,0.881370151,0.969481951,0.985027816,0.977143824,527.5,0.548809524,0.658333333,0.579393939,3.3,0.994807577,0.999418605,0.997099745,171.7,0.999630996,0.999260626,0.999444785,270.6,0.846269261,0.67522449,0.745578581,49.9,0.993835034,0.985459184,0.989560033,48.2
TRUE,TRUE,FALSE,5000,(1 3),TRUE,FALSE,97.43281143,0.917610795,0.890174313,0.895122343,0.971072722,0.97914726,0.975078183,527.5,0.765,0.666666667,0.665555556,3.3,0.998259175,0.999418605,0.998835509,171.7,0.999632353,0.999260626,0.999445466,270.6,0.775911514,0.719469388,0.745686838,49.9,0.995789007,0.977083333,0.986132508,48.2
TRUE,TRUE,FALSE,5000,(1 3),FALSE,TRUE,97.20878277,0.910479241,0.880778263,0.884126886,0.969587043,0.976680826,0.973082454,527.5,0.743333333,0.633333333,0.624047619,3.3,0.998259175,0.999418605,0.998835509,171.7,0.998530749,0.999260626,0.998892976,270.6,0.759507536,0.707183673,0.72912611,49.9,0.993657611,0.968792517,0.980776647,48.2
TRUE,TRUE,FALSE,7363,(1 1),FALSE,FALSE,97.65688365,0.901540468,0.898456584,0.894554598,0.971079253,0.984835547,0.977881097,527.5,0.60452381,0.725,0.641984127,3.3,0.994249399,0.998833809,0.996523371,171.7,1,0.999260626,0.999629628,270.6,0.841431164,0.693183673,0.757604144,49.9,0.997959184,0.98962585,0.993705222,48.2
TRUE,TRUE,FALSE,7363,(1 1),TRUE,FALSE,97.51681892,0.917538478,0.887458074,0.895487443,0.971663245,0.980473736,0.976033536,527.5,0.758333333,0.641666667,0.660714286,3.3,0.997119524,0.998833809,0.997967561,171.7,1,0.999260626,0.999629628,270.6,0.782196398,0.725346939,0.751328207,49.9,0.995918367,0.979166667,0.98725144,48.2
TRUE,TRUE,FALSE,7363,(1 1),FALSE,TRUE,97.41412859,0.91331234,0.88082896,0.888251842,0.971468443,0.979904836,0.975655335,527.5,0.741666667,0.616666667,0.629047619,3.3,0.993703456,0.998833809,0.996241705,171.7,0.999263349,0.999260626,0.999260623,270.6,0.780022125,0.715265306,0.74518984,49.9,0.99375,0.975042517,0.984115927,48.2
TRUE,TRUE,FALSE,7363,(1 2),FALSE,FALSE,97.60090479,0.905406035,0.877018762,0.880102265,0.965323645,0.990333003,0.977623446,527.5,0.5725,0.658333333,0.578354978,3.3,0.995967007,0.999418605,0.997679455,171.7,1,0.999260626,0.999629628,270.6,0.900686373,0.62722449,0.734673491,49.9,0.997959184,0.987542517,0.99265259,48.2
TRUE,TRUE,FALSE,7363,(1 2),TRUE,FALSE,97.50748185,0.93269756,0.890683801,0.901904231,0.971134438,0.98066313,0.975852272,527.5,0.848333333,0.666666667,0.702222222,3.3,0.997684384,0.998833809,0.99825408,171.7,1,0.999260626,0.999629628,270.6,0.783157353,0.717428571,0.747162195,49.9,0.99587585,0.98125,0.98830499,48.2
TRUE,TRUE,FALSE,7363,(1 2),FALSE,TRUE,97.3581236,0.928393576,0.893594339,0.899297279,0.970182589,0.978577281,0.974330206,527.5,0.836666667,0.7,0.702857143,3.3,0.99768114,0.999418605,0.998545654,171.7,0.999263349,0.999260626,0.999260623,270.6,0.770691858,0.707183673,0.734636529,49.9,0.99587585,0.97712585,0.986153519,48.2
TRUE,TRUE,FALSE,7363,(1 3),FALSE,FALSE,97.52628663,0.891022716,0.875874104,0.872086126,0.96909283,0.985215054,0.977043814,527.5,0.536363636,0.616666667,0.523203463,3.3,0.994807577,0.999418605,0.997099745,171.7,1,0.999260626,0.999629628,270.6,0.850038922,0.66922449,0.744970623,49.9,0.995833333,0.985459184,0.990569483,48.2
TRUE,TRUE,FALSE,7363,(1 3),TRUE,FALSE,97.48886868,0.922377995,0.890658912,0.895418762,0.971847592,0.980095667,0.97593759,527.5,0.79,0.666666667,0.664126984,3.3,0.998259175,0.999418605,0.998835509,171.7,0.999632353,0.999260626,0.999445466,270.6,0.778652999,0.721428571,0.748035204,49.9,0.99587585,0.977083333,0.986131815,48.2
TRUE,TRUE,FALSE,7363,(1 3),FALSE,TRUE,97.1994457,0.901083824,0.881995048,0.883317114,0.970799522,0.975734935,0.973245752,527.5,0.701666667,0.633333333,0.62,3.3,0.998259175,0.999418605,0.998835509,171.7,0.998898396,0.999260626,0.999077138,270.6,0.743088479,0.713346939,0.726916423,49.9,0.993790708,0.97087585,0.981827863,48.2
TRUE,TRUE,TRUE,1000,(1 1),FALSE,FALSE,97.38619577,0.897640626,0.894200908,0.891113952,0.969888953,0.981423941,0.975605068,527.5,0.634166667,0.725,0.657958153,3.3,0.994827434,0.998833809,0.996813226,171.7,0.998530749,0.999260626,0.998892976,270.6,0.796554104,0.671061224,0.726780585,49.9,0.99187585,0.98962585,0.990633704,48.2
TRUE,TRUE,TRUE,1000,(1 1),TRUE,FALSE,97.10609244,0.905514722,0.87383031,0.87969362,0.968468846,0.97649287,0.972445775,527.5,0.735,0.608333333,0.614761905,3.3,0.997684384,0.998833809,0.99825408,171.7,0.998534799,0.999260626,0.998894334,270.6,0.739565272,0.687102041,0.71072108,49.9,0.993835034,0.972959184,0.983084547,48.2
TRUE,TRUE,TRUE,1000,(1 1),FALSE,TRUE,97.33017336,0.921149374,0.866734476,0.881326157,0.967589645,0.981995716,0.974689299,527.5,0.772857143,0.566666667,0.604603175,3.3,0.995963454,0.998833809,0.997387851,171.7,0.998526688,0.998890256,0.998706772,270.6,0.794086972,0.679020408,0.72643615,49.9,0.99787234,0.975,0.986133697,48.2
TRUE,TRUE,TRUE,1000,(1 2),FALSE,FALSE,97.46084877,0.902766206,0.88475028,0.887624452,0.966067577,0.98559456,0.975707929,527.5,0.62452381,0.691666667,0.635555556,3.3,0.996531715,0.999418605,0.997967629,171.7,0.999630996,0.999260626,0.999444785,270.6,0.829843138,0.647102041,0.724439928,49.9,1,0.985459184,0.992630886,48.2
TRUE,TRUE,TRUE,1000,(1 2),TRUE,FALSE,97.11547305,0.921265017,0.879029392,0.892243628,0.965116989,0.979146541,0.972057251,527.5,0.82,0.666666667,0.701666667,3.3,0.998255775,0.998833809,0.998542259,171.7,0.999632353,0.999260626,0.999445466,270.6,0.750794275,0.653142857,0.696581553,49.9,0.993790708,0.97712585,0.985168573,48.2
TRUE,TRUE,TRUE,1000,(1 2),FALSE,TRUE,97.07811607,0.899139482,0.873798135,0.878958546,0.963282872,0.981422503,0.972214575,527.5,0.655833333,0.666666667,0.631212121,3.3,0.997122924,0.999418605,0.998260811,171.7,0.999263349,0.999260626,0.999260623,270.6,0.781417745,0.623061224,0.687676973,49.9,0.997916667,0.972959184,0.985126175,48.2
TRUE,TRUE,TRUE,1000,(1 3),FALSE,FALSE,97.3861348,0.904976628,0.882656731,0.887806467,0.965341378,0.985401932,0.975244351,527.5,0.6475,0.691666667,0.648354978,3.3,0.995379006,0.999418605,0.997389604,171.7,0.99962963,0.998890256,0.999259258,270.6,0.822009757,0.633020408,0.712907096,49.9,1,0.987542517,0.993683518,48.2
TRUE,TRUE,TRUE,1000,(1 3),TRUE,FALSE,97.19948054,0.917022683,0.87724001,0.887201195,0.965209147,0.981992122,0.97351044,527.5,0.776666667,0.666666667,0.67,3.3,0.998259175,0.999418605,0.998835509,171.7,0.999632353,0.999260626,0.999445466,270.6,0.770659571,0.643142857,0.699385464,49.9,0.991709184,0.972959184,0.982030288,48.2
TRUE,TRUE,TRUE,1000,(1 3),FALSE,TRUE,97.11540338,0.882446715,0.867546679,0.865733863,0.965186342,0.980661693,0.972831494,527.5,0.567857143,0.608333333,0.541904762,3.3,0.997687784,0.999418605,0.99854733,171.7,1,0.998890256,0.9994441,270.6,0.774200831,0.649183673,0.702853895,49.9,0.989748191,0.968792517,0.978821598,48.2
TRUE,TRUE,TRUE,5000,(1 1),FALSE,FALSE,97.45157267,0.891172427,0.895039308,0.888453338,0.970660257,0.982372707,0.976450951,527.5,0.57952381,0.725,0.632936508,3.3,0.993690957,0.998833809,0.996238499,171.7,0.998898396,0.999260626,0.999077138,270.6,0.804261146,0.675142857,0.73128078,49.9,1,0.98962585,0.994736149,48.2
TRUE,TRUE,TRUE,5000,(1 1),TRUE,FALSE,97.44217463,0.915473107,0.88628664,0.89385363,0.971463852,0.979526767,0.975462518,527.5,0.758333333,0.641666667,0.660714286,3.3,0.997119524,0.998833809,0.997967561,171.7,0.999630996,0.999260626,0.999444785,270.6,0.770372569,0.719265306,0.742258792,49.9,0.995918367,0.979166667,0.987273836,48.2
TRUE,TRUE,TRUE,5000,(1 1),FALSE,TRUE,97.35814102,0.920820122,0.881347468,0.892208912,0.971080118,0.978770269,0.974889804,527.5,0.791666667,0.616666667,0.654047619,3.3,0.993667232,0.997079423,0.995350164,171.7,0.998528055,0.999260626,0.998892299,270.6,0.772106321,0.721265306,0.743895788,49.9,0.99787234,0.975042517,0.986177797,48.2
TRUE,TRUE,TRUE,5000,(1 2),FALSE,FALSE,97.61958764,0.896416645,0.871753191,0.87379623,0.967786933,0.987489578,0.977475527,527.5,0.54452381,0.591666667,0.527142857,3.3,0.995967007,0.999418605,0.997679455,171.7,1,0.999260626,0.999629628,270.6,0.872305456,0.66722449,0.749249731,49.9,0.997916667,0.985459184,0.991600185,48.2
TRUE,TRUE,TRUE,5000,(1 2),TRUE,FALSE,97.41420698,0.925648675,0.883905017,0.891857114,0.97037237,0.979527845,0.974907888,527.5,0.813333333,0.633333333,0.648888889,3.3,0.998255775,0.998833809,0.998542259,171.7,0.999264706,0.999260626,0.999260625,270.6,0.776790017,0.71122449,0.741238031,49.9,0.99587585,0.98125,0.98830499,48.2
TRUE,TRUE,TRUE,5000,(1 2),FALSE,TRUE,97.29286864,0.913565179,0.886882311,0.887410253,0.970176336,0.978010896,0.974041576,527.5,0.75,0.666666667,0.636666667,3.3,0.997109749,0.999418605,0.998257475,171.7,0.999263349,0.999260626,0.999260623,270.6,0.769010114,0.707061224,0.733376386,49.9,0.995831524,0.97087585,0.982858791,48.2
TRUE,TRUE,TRUE,5000,(1 3),FALSE,FALSE,97.55421074,0.894965508,0.878866229,0.879149581,0.969659055,0.984834469,0.977146161,527.5,0.576190476,0.625,0.565,3.3,0.995388972,0.999418605,0.99739129,171.7,0.999261993,0.999260626,0.999259943,270.6,0.829292551,0.67922449,0.743469209,49.9,1,0.985459184,0.992630886,48.2
TRUE,TRUE,TRUE,5000,(1 3),TRUE,FALSE,97.38620448,0.919388067,0.888130945,0.891907966,0.97020656,0.979337732,0.974726131,527.5,0.776190476,0.666666667,0.653888889,3.3,0.998259175,0.999418605,0.998835509,171.7,0.998895702,0.999260626,0.999076461,270.6,0.777031807,0.709102041,0.739862859,49.9,0.995744681,0.975,0.985057946,48.2
TRUE,TRUE,TRUE,5000,(1 3),FALSE,TRUE,97.35821941,0.911061445,0.88898325,0.89398389,0.971238404,0.978204962,0.974675967,527.5,0.733809524,0.666666667,0.667965368,3.3,0.998259175,0.999418605,0.998835509,171.7,0.999630996,0.999260626,0.999444785,270.6,0.769772959,0.715306122,0.738909871,49.9,0.993657611,0.975042517,0.984071841,48.2
TRUE,TRUE,TRUE,7363,(1 1),FALSE,FALSE,97.56356523,0.895914158,0.897222079,0.891341366,0.97105058,0.983510149,0.977215363,527.5,0.59452381,0.725,0.636428571,3.3,0.994814259,0.998833809,0.996809889,171.7,0.999632353,0.999260626,0.999445466,270.6,0.815463948,0.687102041,0.743412754,49.9,1,0.98962585,0.994736149,48.2
TRUE,TRUE,TRUE,7363,(1 1),TRUE,FALSE,97.43284627,0.915126108,0.886234443,0.893665175,0.971647877,0.979337732,0.975461258,527.5,0.758333333,0.641666667,0.660714286,3.3,0.996541528,0.998833809,0.997677721,171.7,0.999630996,0.999260626,0.999444785,270.6,0.768684545,0.72122449,0.742494192,49.9,0.995918367,0.977083333,0.986198808,48.2
TRUE,TRUE,TRUE,7363,(1 1),FALSE,TRUE,97.35813231,0.920370288,0.881243161,0.891959603,0.971445875,0.978390044,0.974880707,527.5,0.791666667,0.616666667,0.654047619,3.3,0.993125421,0.998833809,0.99595185,171.7,0.998528055,0.999260626,0.998892299,270.6,0.76958337,0.719265306,0.741807343,49.9,0.99787234,0.975042517,0.986177797,48.2
TRUE,TRUE,TRUE,7363,(1 2),FALSE,FALSE,97.7035777,0.905524337,0.876971746,0.88354705,0.968025562,0.989384236,0.978525344,527.5,0.581666667,0.625,0.580396825,3.3,0.995967007,0.999418605,0.997679455,171.7,1,0.999260626,0.999629628,270.6,0.887486786,0.66122449,0.751367529,49.9,1,0.987542517,0.993683518,48.2
TRUE,TRUE,TRUE,7363,(1 2),TRUE,FALSE,97.56354781,0.932334998,0.891141128,0.901473,0.971709512,0.981611178,0.976621088,527.5,0.838333333,0.666666667,0.693888889,3.3,0.997684384,0.998833809,0.99825408,171.7,0.999264706,0.999260626,0.999260625,270.6,0.791142204,0.721265306,0.753539254,49.9,0.99587585,0.979209184,0.987274062,48.2
TRUE,TRUE,TRUE,7363,(1 2),FALSE,TRUE,97.35817586,0.910992192,0.887439679,0.890036114,0.970555138,0.979147619,0.974805307,527.5,0.727857143,0.666666667,0.646666667,3.3,0.997109749,0.999418605,0.998257475,171.7,0.998895702,0.999260626,0.999076461,270.6,0.775703899,0.705102041,0.73633182,49.9,0.995831524,0.975042517,0.985078957,48.2
TRUE,TRUE,TRUE,7363,(1 3),FALSE,FALSE,97.70360383,0.903314119,0.871448295,0.877272855,0.967460321,0.989576864,0.978352916,527.5,0.576666667,0.591666667,0.54452381,3.3,0.995382251,0.999418605,0.997387914,171.7,1,0.999260626,0.999629628,270.6,0.882416291,0.66122449,0.751090271,49.9,0.997959184,0.987542517,0.99265259,48.2
TRUE,TRUE,TRUE,7363,(1 3),TRUE,FALSE,97.39554155,0.919734729,0.882666179,0.886913805,0.97040582,0.979715801,0.97500711,527.5,0.776190476,0.633333333,0.623888889,3.3,0.998259175,0.999418605,0.998835509,171.7,0.998897059,0.999260626,0.999076463,270.6,0.778779994,0.705102041,0.737421026,49.9,0.99587585,0.979166667,0.987253835,48.2
TRUE,TRUE,TRUE,7363,(1 3),FALSE,TRUE,97.22750045,0.890317848,0.887305284,0.883122001,0.970996979,0.976303835,0.973623162,527.5,0.626666667,0.666666667,0.615238095,3.3,0.998259175,0.999418605,0.998835509,171.7,0.998898396,0.999260626,0.999077138,270.6,0.753295167,0.711306122,0.730060851,49.9,0.993790708,0.97087585,0.981897251,48.2
