Lower Case,Remove Stop Words,Stem,Test Size,Max Features,N-gram Range,TF,IDF,TFIDF,Accuracy,Functional Precision,Functional Recall,Functional F1-Score,Functional Support,Code Precision,Code Recall,Code F1-Score,Code Support,IDE Precision,IDE Recall,IDE F1-Score,IDE Support,General Precision,General Recall,General F1-Score,General Support,Notice Precision,Notice Recall,Notice F1-Score,Notice Support
True,False,False,0.25,1000,(1 1),False,False,False,97.23674383868558,0.9669992325402916,0.980544747081712,0.9737248840803711,1285,0.45454545454545453,0.7142857142857143,0.5555555555555556,7,0.9930394431554525,1.0,0.9965075669383004,428,1.0,0.9985652797704447,0.9992821249102656,697,0.8070175438596491,0.6715328467153284,0.7330677290836652,137
True,False,False,0.25,1000,(1 1),True,False,False,97.31142643764002,0.9645817633760362,0.9861325115562404,0.9752380952380953,1298,0.625,0.5555555555555556,0.5882352941176471,9,0.9907621247113164,1.0,0.9953596287703016,429,0.9985632183908046,1.0,0.9992810927390366,695,0.8229166666666666,0.6220472440944882,0.7085201793721972,127
True,False,False,0.25,1000,(1 1),False,False,True,97.7595220313667,0.9737827715355806,0.9811320754716981,0.9774436090225566,1325,1.0,0.7777777777777778,0.8750000000000001,9,0.9905882352941177,1.0,0.9952718676122931,421,1.0,1.0,1.0,681,0.8090909090909091,0.7355371900826446,0.7705627705627704,121
True,False,False,0.25,1000,(1 2),False,False,False,97.64749813293503,0.9757575757575757,0.9787234042553191,0.9772382397572079,1316,0.5,0.5714285714285714,0.5333333333333333,7,0.9930715935334873,1.0,0.996523754345307,430,1.0,0.9985119047619048,0.9992553983618765,672,0.7948717948717948,0.7560975609756098,0.7749999999999999,123
True,False,False,0.25,1000,(1 2),True,False,False,97.61015683345781,0.9686783804430863,0.9860031104199067,0.9772639691714836,1286,0.5384615384615384,0.7,0.608695652173913,10,0.9977827050997783,0.995575221238938,0.9966777408637872,452,1.0,1.0,1.0,680,0.8623853211009175,0.7014925373134329,0.7736625514403291,134
True,False,False,0.25,1000,(1 2),False,False,True,97.46079163554892,0.9740356083086054,0.9791200596569725,0.9765712160654519,1341,0.5,0.8571428571428571,0.631578947368421,7,0.9955947136563876,1.0,0.9977924944812362,452,1.0,1.0,1.0,630,0.7706422018348624,0.6885245901639344,0.7272727272727273,122
True,False,False,0.25,1000,(1 3),False,False,False,97.61015683345781,0.9720998531571219,0.9836552748885586,0.9778434268833086,1346,0.7,0.7777777777777778,0.7368421052631577,9,0.9901719901719902,1.0,0.9950617283950617,403,0.9984848484848485,1.0,0.9992418498862775,659,0.8252427184466019,0.6854838709677419,0.7488986784140969,124
True,False,False,0.25,1000,(1 3),True,False,False,97.34876773711724,0.9690036900369003,0.9827844311377245,0.9758454106280192,1336,0.3333333333333333,0.6666666666666666,0.4444444444444444,6,0.9976798143851509,0.9976798143851509,0.9976798143851509,431,1.0,1.0,1.0,650,0.8058252427184466,0.6587301587301587,0.7248908296943231,126
True,False,False,0.25,1000,(1 3),False,False,True,97.98356982823002,0.9765051395007343,0.9859154929577465,0.9811877535964589,1349,0.5,0.7142857142857143,0.588235294117647,7,0.9951456310679612,1.0,0.9975669099756691,410,1.0,1.0,1.0,674,0.8611111111111112,0.744,0.7982832618025751,125
True,False,False,0.25,5000,(1 1),False,False,False,97.19940253920836,0.9637681159420289,0.9837278106508875,0.973645680819912,1352,0.8571428571428571,0.75,0.7999999999999999,8,0.9928400954653938,1.0,0.9964071856287425,416,1.0,0.9984732824427481,0.9992360580595876,655,0.7857142857142857,0.6111111111111112,0.6875000000000001,126
True,False,False,0.25,5000,(1 1),True,False,False,97.49813293502613,0.9746646795827124,0.9790419161676647,0.9768483943241225,1336,0.4,0.8,0.5333333333333333,5,0.9953379953379954,1.0,0.9976635514018692,427,0.9985294117647059,1.0,0.9992641648270787,679,0.7623762376237624,0.6814159292035398,0.719626168224299,113
True,False,False,0.25,5000,(1 1),False,False,True,97.27408513816282,0.9764532744665195,0.975735294117647,0.976094152261861,1360,0.35714285714285715,0.7142857142857143,0.4761904761904762,7,0.9930555555555556,1.0,0.9965156794425087,429,1.0,1.0,1.0,665,0.71,0.6698113207547169,0.6893203883495145,106
True,False,False,0.25,5000,(1 2),False,False,False,97.23674383868558,0.9752994011976048,0.9738415545590433,0.9745699326851159,1338,0.3333333333333333,0.42857142857142855,0.375,7,0.9910714285714286,1.0,0.9955156950672646,444,1.0,1.0,1.0,668,0.71,0.6761904761904762,0.6926829268292682,105
True,False,False,0.25,5000,(1 2),True,False,False,97.01269604182225,0.9621212121212122,0.9799382716049383,0.9709480122324159,1296,0.6,0.9,0.7200000000000001,10,0.9976133651551312,0.9976133651551312,0.9976133651551312,419,1.0,0.9985754985754985,0.9992872416250891,702,0.7850467289719626,0.631578947368421,0.7000000000000001,133
True,False,False,0.25,5000,(1 2),False,False,True,97.68483943241225,0.969811320754717,0.9846743295019157,0.9771863117870724,1305,0.7777777777777778,0.6363636363636364,0.7000000000000001,11,0.9976190476190476,0.9976190476190476,0.9976190476190476,420,1.0,1.0,1.0,695,0.8303571428571429,0.7153846153846154,0.768595041322314,130
True,False,False,0.25,5000,(1 3),False,False,False,97.7595220313667,0.9717341482047365,0.9845201238390093,0.9780853517877741,1292,0.5714285714285714,0.5714285714285714,0.5714285714285714,7,0.9954128440366973,1.0,0.9977011494252873,434,1.0,1.0,1.0,704,0.8235294117647058,0.7,0.7567567567567567,120
True,False,False,0.25,5000,(1 3),True,False,False,97.83420463032112,0.9706546275395034,0.9869931140015302,0.9787556904400607,1307,1.0,0.75,0.8571428571428571,8,0.991130820399113,0.9955456570155902,0.9933333333333333,449,0.9985486211901307,1.0,0.9992737835875091,688,0.86,0.7107438016528925,0.7782805429864253,121
True,False,False,0.25,5000,(1 3),False,False,True,97.61015683345781,0.9736644093303235,0.9817905918057663,0.977710615791462,1318,0.6875,0.7857142857142857,0.7333333333333334,14,0.9876847290640394,0.9975124378109452,0.9925742574257426,402,1.0,0.9985611510791367,0.9992800575953923,695,0.8288288288288288,0.7244094488188977,0.773109243697479,127
True,False,False,0.3,1000,(1 1),False,False,False,97.7595220313667,0.9706103993971364,0.9869731800766284,0.9787234042553192,1305,0.3333333333333333,0.16666666666666666,0.2222222222222222,6,0.9953703703703703,1.0,0.9976798143851509,430,1.0,1.0,1.0,667,0.864406779661017,0.7338129496402878,0.7937743190661479,139
True,False,False,0.3,1000,(1 1),True,False,False,97.7968633308439,0.9760696156635243,0.9831994156318481,0.9796215429403202,1369,0.7777777777777778,0.875,0.823529411764706,8,0.9951100244498777,0.9975490196078431,0.996328029375765,408,1.0,1.0,1.0,657,0.7843137254901961,0.7079646017699115,0.7441860465116279,113
True,False,False,0.3,1000,(1 1),False,False,True,97.31142643764002,0.9707426856714179,0.9773413897280967,0.9740308618742943,1324,0.3333333333333333,0.3333333333333333,0.3333333333333333,6,0.9954022988505747,1.0,0.9976958525345622,433,1.0,1.0,1.0,680,0.7522935779816514,0.6949152542372882,0.7224669603524229,118
True,False,False,0.3,1000,(1 2),False,False,False,97.4234503360717,0.9699021820917983,0.9824695121951219,0.9761453994698976,1312,0.6,0.5,0.5454545454545454,12,0.9904761904761905,0.9976019184652278,0.994026284348865,417,0.9985754985754985,1.0,0.9992872416250891,701,0.8165137614678899,0.6953125,0.7510548523206751,128
True,False,False,0.3,1000,(1 2),True,False,False,97.4234503360717,0.9719557195571956,0.981371087928465,0.9766407119021134,1342,0.375,0.6,0.4615384615384615,5,0.9952038369304557,0.9975961538461539,0.9963985594237696,416,0.9970282317979198,1.0,0.9985119047619048,671,0.7962962962962963,0.688,0.7381974248927038,125
True,False,False,0.3,1000,(1 2),False,False,True,97.53547423450335,0.9719484457922669,0.9823754789272031,0.9771341463414636,1305,0.125,1.0,0.2222222222222222,1,0.9929577464788732,0.9976415094339622,0.9952941176470589,424,1.0,0.9971387696709585,0.9985673352435529,699,0.8288288288288288,0.7076923076923077,0.7634854771784232,130
True,False,False,0.3,1000,(1 3),False,False,False,97.49813293502613,0.975775927327782,0.9750378214826021,0.9754067347710934,1322,0.7777777777777778,0.875,0.823529411764706,8,0.9904534606205251,1.0,0.9952038369304557,415,1.0,0.9985775248933144,0.9992882562277581,703,0.7410714285714286,0.7345132743362832,0.7377777777777778,113
True,False,False,0.3,1000,(1 3),True,False,False,97.4234503360717,0.9690493736182756,0.9820761762509336,0.975519287833828,1339,0.2857142857142857,0.4,0.3333333333333333,5,0.9976190476190476,0.9976190476190476,0.9976190476190476,420,1.0,1.0,1.0,661,0.8148148148148148,0.6821705426356589,0.7426160337552743,129
True,False,False,0.3,1000,(1 3),False,False,True,97.64749813293503,0.9716908951798011,0.98145285935085,0.9765474817377932,1294,0.7142857142857143,0.8333333333333334,0.7692307692307692,6,0.9957716701902748,0.9936708860759493,0.9947201689545934,474,1.0,1.0,1.0,657,0.7904761904761904,0.7033898305084746,0.7443946188340806,118
True,False,False,0.3,5000,(1 1),False,False,False,97.64749813293503,0.9737237237237237,0.981089258698941,0.9773926149208741,1322,0.375,0.42857142857142855,0.39999999999999997,7,0.9953917050691244,1.0,0.997690531177829,432,0.9984871406959153,1.0,0.9992429977289932,660,0.8290598290598291,0.751937984496124,0.7886178861788617,129
True,False,False,0.3,5000,(1 1),True,False,False,97.61015683345781,0.9767964071856288,0.9782608695652174,0.9775280898876404,1334,0.5,0.75,0.6,4,0.9928909952606635,0.9976190476190476,0.995249406175772,420,0.9985141158989599,1.0,0.9992565055762082,672,0.7815126050420168,0.744,0.7622950819672131,125
True,False,False,0.3,5000,(1 1),False,False,True,97.57281553398059,0.96996336996337,0.9843866171003718,0.9771217712177122,1345,0.6923076923076923,0.75,0.7199999999999999,12,1.0,0.9977628635346756,0.9988801791713325,447,1.0,1.0,1.0,629,0.8148148148148148,0.6929133858267716,0.748936170212766,127
True,False,False,0.3,5000,(1 2),False,False,False,97.34876773711724,0.9707016191210486,0.97900466562986,0.9748354626403407,1286,0.5,0.8571428571428571,0.631578947368421,7,0.9976019184652278,0.9976019184652278,0.9976019184652278,417,0.9986168741355463,0.9986168741355463,0.9986168741355463,723,0.7876106194690266,0.689922480620155,0.7355371900826446,129
True,False,False,0.3,5000,(1 2),True,False,False,97.4234503360717,0.9683018867924529,0.9846508058326938,0.9764079147640792,1303,0.6363636363636364,0.6363636363636364,0.6363636363636364,11,0.9954853273137697,1.0,0.9977375565610859,441,0.9984894259818731,0.9984894259818731,0.9984894259818731,662,0.8198198198198198,0.674074074074074,0.7398373983739837,135
True,False,False,0.3,5000,(1 2),False,False,True,97.0873786407767,0.9691497366440933,0.976497346474602,0.9728096676737161,1319,0.375,0.6,0.4615384615384615,10,0.9864864864864865,0.9977220956719818,0.9920724801812004,439,1.0,1.0,1.0,651,0.8189655172413793,0.6985294117647058,0.7539682539682541,136
True,False,False,0.3,5000,(1 3),False,False,False,97.01269604182225,0.9649122807017544,0.9791021671826625,0.9719554360353438,1292,0.375,0.42857142857142855,0.39999999999999997,7,0.9929906542056075,0.9953161592505855,0.9941520467836257,427,1.0,0.9985652797704447,0.9992821249102656,697,0.7706422018348624,0.6511627906976745,0.7058823529411765,129
True,False,False,0.3,5000,(1 3),True,False,False,97.7968633308439,0.9775617053103964,0.9827067669172932,0.980127484064492,1330,0.6,0.8571428571428571,0.7058823529411764,7,0.9975308641975309,0.9975308641975309,0.9975308641975309,405,1.0,0.9985754985754985,0.9992872416250891,702,0.7894736842105263,0.7317073170731707,0.7594936708860759,123
True,False,False,0.3,5000,(1 3),False,False,True,97.0873786407767,0.9635687732342008,0.9803328290468987,0.9718785151856018,1322,1.0,0.46153846153846156,0.631578947368421,13,0.988558352402746,1.0,0.9942462600690449,432,1.0,1.0,1.0,660,0.7692307692307693,0.6451612903225806,0.7017543859649122,124
True,False,False,0.35,1000,(1 1),False,False,False,97.68483943241225,0.975968992248062,0.9767261442979054,0.9763474214811944,1289,0.8333333333333334,0.8333333333333334,0.8333333333333334,6,1.0,0.9977628635346756,0.9988801791713325,447,1.0,1.0,1.0,677,0.781021897810219,0.7867647058823529,0.783882783882784,136
True,False,False,0.35,1000,(1 1),True,False,False,97.64749813293503,0.9715821812596006,0.9806201550387597,0.9760802469135802,1290,0.6,0.42857142857142855,0.5,7,0.9953051643192489,0.9976470588235294,0.9964747356051704,425,0.9985775248933144,0.9985775248933144,0.9985775248933144,703,0.8173913043478261,0.746031746031746,0.7800829875518672,126
True,False,False,0.35,1000,(1 1),False,False,True,97.61015683345781,0.9772058823529411,0.9800884955752213,0.9786450662739323,1356,0.2727272727272727,0.75,0.39999999999999997,4,0.9904306220095693,1.0,0.9951923076923077,414,1.0,0.9985228951255539,0.999260901699926,677,0.8037383177570093,0.7107438016528925,0.7543859649122806,121
True,False,False,0.35,1000,(1 2),False,False,False,97.87154592979836,0.9671104150352389,0.988791032826261,0.9778305621536025,1249,0.875,0.875,0.875,8,0.9935622317596566,1.0,0.9967707212055974,463,1.0,0.9985815602836879,0.9992902767920511,705,0.8962264150943396,0.7037037037037037,0.7883817427385891,135
True,False,False,0.35,1000,(1 2),True,False,False,97.49813293502613,0.9680059523809523,0.9848599545798638,0.9763602251407129,1321,0.8571428571428571,0.6666666666666666,0.75,9,1.0,0.9976019184652278,0.9987995198079231,417,1.0,0.9985052316890882,0.9992520568436799,669,0.8188976377952756,0.7172413793103448,0.7647058823529411,145
True,False,False,0.35,1000,(1 2),False,False,True,97.64749813293503,0.9703422053231939,0.9838087895142636,0.9770290964777947,1297,0.7142857142857143,0.7142857142857143,0.7142857142857143,7,0.9954022988505747,0.9954022988505747,0.9954022988505747,435,1.0,1.0,1.0,706,0.8165137614678899,0.7063492063492064,0.7574468085106384,126
True,False,False,0.35,1000,(1 3),False,False,False,98.02091112770725,0.9745699326851159,0.9878695981804397,0.9811746987951807,1319,0.5,0.6,0.5454545454545454,5,0.9977528089887641,0.9977528089887641,0.9977528089887641,445,1.0,1.0,1.0,662,0.8351648351648352,0.7037037037037037,0.7638190954773868,108
True,False,False,0.35,1000,(1 3),True,False,False,97.98356982823002,0.976401179941003,0.9865871833084948,0.9814677538917718,1342,0.7,0.875,0.7777777777777777,8,0.9928741092636579,0.9952380952380953,0.9940546967895363,420,1.0,0.9985443959243085,0.9992716678805535,687,0.8367346938775511,0.7321428571428571,0.7809523809523811,112
True,False,False,0.35,1000,(1 3),False,False,True,97.57281553398059,0.9770387965162312,0.9754940711462451,0.9762658227848102,1265,0.625,0.5555555555555556,0.5882352941176471,9,0.9906759906759907,1.0,0.9953161592505855,425,0.998587570621469,0.998587570621469,0.998587570621469,708,0.7846153846153846,0.7786259541984732,0.7816091954022988,131
True,False,False,0.35,5000,(1 1),False,False,False,97.53547423450335,0.9645184648805214,0.9888641425389755,0.9765395894428153,1347,0.7,0.6363636363636364,0.6666666666666666,11,0.9952380952380953,0.9976133651551312,0.9964243146603098,419,1.0,0.998468606431853,0.9992337164750957,653,0.8857142857142857,0.6788321167883211,0.7685950413223139,137
True,False,False,0.35,5000,(1 1),True,False,False,97.68483943241225,0.9684287812041116,0.9872754491017964,0.977761304670126,1336,0.8,0.7272727272727273,0.761904761904762,11,0.9927710843373494,1.0,0.9963724304715841,412,1.0,0.9985052316890882,0.9992520568436799,669,0.8627450980392157,0.6929133858267716,0.7685589519650654,127
True,False,False,0.35,5000,(1 1),False,False,True,97.46079163554892,0.9757942511346445,0.9802431610942249,0.9780136467020469,1316,0.4375,0.6363636363636364,0.5185185185185185,11,0.993006993006993,0.9976580796252927,0.9953271028037383,427,1.0,0.9985250737463127,0.9992619926199262,678,0.8,0.736,0.7666666666666666,125
True,False,False,0.35,5000,(1 2),False,False,False,98.13293502613891,0.9750183688464364,0.988822652757079,0.9818719940806512,1342,0.875,0.7777777777777778,0.823529411764706,9,1.0,1.0,1.0,440,1.0,1.0,1.0,642,0.8571428571428571,0.7377049180327869,0.7929515418502203,122
True,False,False,0.35,5000,(1 2),True,False,False,97.53547423450335,0.9742647058823529,0.9807549962990377,0.9774990778310586,1351,0.75,0.6,0.6666666666666665,10,0.9899244332493703,0.9974619289340102,0.9936788874841973,394,0.9985549132947977,1.0,0.9992769342010123,691,0.8,0.7213114754098361,0.7586206896551724,122
True,False,False,0.35,5000,(1 2),False,False,True,97.01269604182225,0.967814371257485,0.973644578313253,0.9707207207207208,1328,0.8571428571428571,0.75,0.7999999999999999,8,0.9812206572769953,1.0,0.990521327014218,418,1.0,1.0,1.0,660,0.7606837606837606,0.6793893129770993,0.717741935483871,131
True,False,False,0.35,5000,(1 3),False,False,False,97.72218073188948,0.9723926380368099,0.984472049689441,0.9783950617283951,1288,0.6,0.6666666666666666,0.631578947368421,9,0.9932279909706546,1.0,0.9966024915062288,440,1.0,0.9985207100591716,0.999259807549963,676,0.853448275862069,0.7333333333333333,0.7888446215139442,135
True,False,False,0.35,5000,(1 3),True,False,False,97.68483943241225,0.9730538922155688,0.982615268329554,0.9778112072207596,1323,0.5833333333333334,0.6363636363636364,0.6086956521739131,11,0.9975124378109452,1.0,0.9987546699875467,401,1.0,0.9985815602836879,0.9992902767920511,705,0.801980198019802,0.7043478260869566,0.7499999999999999,115
True,False,False,0.35,5000,(1 3),False,False,True,97.90888722927558,0.9730517115804806,0.9881656804733728,0.9805504587155964,1352,0.7142857142857143,0.5555555555555556,0.6250000000000001,9,1.0,0.9976133651551312,0.998805256869773,419,1.0,0.9984917043740573,0.999245283018868,663,0.8446601941747572,0.71900826446281,0.7767857142857142,121
True,True,False,0.25,1000,(1 1),False,False,False,97.46079163554892,0.9725433526011561,0.9817651349380014,0.9771324863883847,1371,0.7,0.6363636363636364,0.6666666666666666,11,0.9926289926289926,1.0,0.9963008631319359,404,1.0,1.0,1.0,641,0.7757009345794392,0.680327868852459,0.7248908296943232,122
True,True,False,0.25,1000,(1 1),True,False,False,97.90888722927558,0.9714285714285714,0.9902912621359223,0.9807692307692307,1339,0.7142857142857143,0.625,0.6666666666666666,8,0.9974811083123426,1.0,0.9987389659520807,396,0.9985272459499264,1.0,0.9992630803242447,678,0.8586956521739131,0.6810344827586207,0.7596153846153847,116
True,True,False,0.25,1000,(1 1),False,False,True,97.90888722927558,0.9759217456734387,0.9848139711465452,0.980347694633409,1317,0.6363636363636364,0.6363636363636364,0.6363636363636364,11,0.9952038369304557,0.9975961538461539,0.9963985594237696,416,1.0,1.0,1.0,666,0.8461538461538461,0.7795275590551181,0.8114754098360655,127
True,True,False,0.25,1000,(1 2),False,False,False,97.64749813293503,0.9752252252252253,0.9796380090497737,0.9774266365688488,1326,0.9166666666666666,0.8461538461538461,0.8799999999999999,13,0.9904306220095693,1.0,0.9951923076923077,414,1.0,0.997037037037037,0.9985163204747775,675,0.782608695652174,0.7377049180327869,0.7594936708860759,122
True,True,False,0.25,1000,(1 2),True,False,False,98.24495892457058,0.9810749432248297,0.9840546697038725,0.9825625473843822,1317,0.9,0.75,0.8181818181818182,12,0.9975124378109452,1.0,0.9987546699875467,401,1.0,0.9985632183908046,0.9992810927390366,696,0.8373983739837398,0.824,0.8306451612903225,125
True,True,False,0.25,1000,(1 2),False,False,True,98.02091112770725,0.9729526671675433,0.9923371647509579,0.9825493171471927,1305,0.6363636363636364,0.7,0.6666666666666666,10,0.995260663507109,0.9929078014184397,0.9940828402366864,423,1.0,1.0,1.0,691,0.8952380952380953,0.7230769230769231,0.7999999999999999,130
True,True,False,0.25,1000,(1 3),False,False,False,97.12471994025393,0.9696969696969697,0.9748667174409749,0.9722749715153817,1313,0.6666666666666666,0.7272727272727273,0.6956521739130435,11,0.9884526558891455,0.9976689976689976,0.9930394431554525,429,1.0,0.9971223021582734,0.9985590778097982,695,0.7171717171717171,0.6513761467889908,0.6826923076923077,109
True,True,False,0.25,1000,(1 3),True,False,False,97.9462285287528,0.9749620637329287,0.9854294478527608,0.9801678108314265,1304,0.7777777777777778,0.7,0.7368421052631577,10,0.9928571428571429,0.9976076555023924,0.9952267303102627,418,1.0,1.0,1.0,715,0.8380952380952381,0.7333333333333333,0.7822222222222223,120
True,True,False,0.25,1000,(1 3),False,False,True,97.68483943241225,0.975,0.9800443458980045,0.9775156653151493,1353,0.625,0.8333333333333334,0.7142857142857143,6,0.9976851851851852,1.0,0.9988412514484357,431,1.0,1.0,1.0,646,0.7894736842105263,0.7377049180327869,0.7627118644067797,122
True,True,False,0.25,5000,(1 1),False,False,False,97.72218073188948,0.9720332577475435,0.9861963190184049,0.9790635706128664,1304,0.625,0.45454545454545453,0.5263157894736842,11,1.0,0.9955849889624724,0.997787610619469,453,1.0,0.9970414201183432,0.9985185185185186,676,0.7888888888888889,0.696078431372549,0.7395833333333334,102
True,True,False,0.25,5000,(1 1),True,False,False,97.19940253920836,0.9664634146341463,0.9761354888375674,0.9712753734201455,1299,1.0,0.6,0.7499999999999999,10,0.9955156950672646,1.0,0.9977528089887641,444,1.0,0.9985569985569985,0.9992779783393501,693,0.7387387387387387,0.6833333333333333,0.70995670995671,120
True,True,False,0.25,5000,(1 1),False,False,True,97.46079163554892,0.9697428139183056,0.9801223241590215,0.9749049429657795,1308,0.8333333333333334,0.8333333333333334,0.8333333333333334,6,0.9955357142857143,0.9955357142857143,0.9955357142857143,448,1.0,1.0,1.0,675,0.7948717948717948,0.7099236641221374,0.7499999999999999,131
True,True,False,0.25,5000,(1 2),False,False,False,97.31142643764002,0.9669360764144012,0.9813571961222968,0.9740932642487047,1341,0.625,0.8333333333333334,0.7142857142857143,6,0.9930555555555556,1.0,0.9965156794425087,429,1.0,1.0,1.0,650,0.8018867924528302,0.648854961832061,0.7172995780590717,131
True,True,False,0.25,5000,(1 2),True,False,False,97.4234503360717,0.9687255668491008,0.9825535289452815,0.9755905511811024,1261,0.5555555555555556,0.8333333333333334,0.6666666666666667,6,0.9978768577494692,1.0,0.9989373007438895,470,0.9985029940119761,0.9985029940119761,0.9985029940119761,668,0.8083333333333333,0.6928571428571428,0.7461538461538462,140
True,True,False,0.25,5000,(1 2),False,False,True,97.38610903659448,0.9744168547780286,0.9773584905660377,0.9758854559155992,1325,0.3333333333333333,0.6,0.42857142857142855,5,0.9921671018276762,0.9973753280839895,0.9947643979057592,381,1.0,1.0,1.0,701,0.7890625,0.7481481481481481,0.7680608365019012,135
True,True,False,0.25,5000,(1 3),False,False,False,97.46079163554892,0.9692883895131086,0.9810462471569371,0.9751318764129615,1319,0.7777777777777778,1.0,0.8750000000000001,7,0.9953379953379954,1.0,0.9976635514018692,427,1.0,1.0,1.0,652,0.8017241379310345,0.6888888888888889,0.7410358565737052,135
True,True,False,0.25,5000,(1 3),True,False,False,97.31142643764002,0.9704142011834319,0.981301421091997,0.9758274451468947,1337,0.38461538461538464,0.8333333333333334,0.5263157894736842,6,0.9975961538461539,0.9975961538461539,0.9975961538461539,416,0.9984917043740573,0.9984917043740573,0.9984917043740573,663,0.8,0.6666666666666666,0.7272727272727272,132
True,True,False,0.25,5000,(1 3),False,False,True,97.72218073188948,0.9748667174409749,0.9815950920245399,0.9782193351165457,1304,0.46153846153846156,0.8571428571428571,0.6,7,0.9977064220183486,0.9977064220183486,0.9977064220183486,436,1.0,0.9985380116959064,0.9992684711046086,684,0.803921568627451,0.7068965517241379,0.7522935779816514,116
True,True,False,0.3,1000,(1 1),False,False,False,97.83420463032112,0.9715536105032823,0.9888641425389755,0.9801324503311257,1347,0.6,0.8571428571428571,0.7058823529411764,7,1.0,0.9976133651551312,0.998805256869773,419,1.0,1.0,1.0,675,0.845360824742268,0.6721311475409836,0.7488584474885844,122
True,True,False,0.3,1000,(1 1),True,False,False,97.31142643764002,0.9791021671826625,0.9723289777094543,0.9757038179714616,1301,0.375,0.75,0.5,8,0.9891774891774892,1.0,0.9945593035908596,457,0.9984894259818731,1.0,0.999244142101285,661,0.7661290322580645,0.753968253968254,0.76,126
True,True,False,0.3,1000,(1 1),False,False,True,97.31142643764002,0.9717891610987379,0.9783258594917787,0.9750465549348231,1338,0.7272727272727273,0.6153846153846154,0.6666666666666667,13,0.995249406175772,1.0,0.9976190476190476,419,0.9985207100591716,1.0,0.999259807549963,675,0.7407407407407407,0.6896551724137931,0.7142857142857143,116
True,True,False,0.3,1000,(1 2),False,False,False,97.61015683345781,0.9744360902255639,0.9810749432248297,0.9777442474537911,1321,0.5,1.0,0.6666666666666666,5,0.9951456310679612,0.9975669099756691,0.9963547995139732,411,1.0,1.0,1.0,692,0.7982456140350878,0.7109375,0.7520661157024794,128
True,True,False,0.3,1000,(1 2),True,False,False,97.9462285287528,0.9775280898876404,0.9849056603773585,0.981203007518797,1325,0.5714285714285714,0.5714285714285714,0.5714285714285714,7,0.9953161592505855,0.9976525821596244,0.9964830011723328,426,1.0,0.9985141158989599,0.9992565055762082,673,0.8165137614678899,0.7542372881355932,0.7841409691629957,118
True,True,False,0.3,1000,(1 2),False,False,True,97.4234503360717,0.9705449189985272,0.9813849590469099,0.9759348389485377,1343,0.6,0.8181818181818182,0.6923076923076923,11,0.9951923076923077,1.0,0.9975903614457832,414,0.9984962406015038,1.0,0.9992475545522949,664,0.801980198019802,0.675,0.7330316742081447,120
True,True,False,0.3,1000,(1 3),False,False,False,97.68483943241225,0.978013646702047,0.978013646702047,0.978013646702047,1319,0.5,0.6666666666666666,0.5714285714285715,9,0.990990990990991,0.9977324263038548,0.9943502824858756,441,0.9985294117647059,1.0,0.9992641648270787,679,0.8018018018018018,0.7672413793103449,0.7841409691629956,116
True,True,False,0.3,1000,(1 3),True,False,False,97.57281553398059,0.9712990936555891,0.9824293353705118,0.97683251044436,1309,0.42857142857142855,0.6,0.5,5,0.9977426636568849,1.0,0.9988700564971752,442,1.0,1.0,1.0,655,0.808695652173913,0.7153846153846154,0.7591836734693878,130
True,True,False,0.3,1000,(1 3),False,False,True,97.34876773711724,0.973724884080371,0.973724884080371,0.973724884080371,1294,0.6,0.8571428571428571,0.7058823529411764,7,1.0,0.9978165938864629,0.9989071038251366,458,1.0,1.0,1.0,672,0.7421875,0.7421875,0.7421875,128
True,True,False,0.3,5000,(1 1),False,False,False,97.61015683345781,0.9677661169415293,0.9854961832061069,0.9765506807866868,1310,0.8333333333333334,0.7142857142857143,0.7692307692307692,7,0.9933333333333333,0.9977678571428571,0.9955456570155902,448,1.0,1.0,1.0,651,0.864,0.7248322147651006,0.7883211678832116,149
True,True,False,0.3,5000,(1 1),True,False,False,97.72218073188948,0.9676204819277109,0.9877017678708686,0.9775580068467099,1301,0.7142857142857143,0.5555555555555556,0.6250000000000001,9,0.9977011494252873,0.9977011494252873,0.9977011494252873,435,1.0,0.997037037037037,0.9985163204747775,675,0.8660714285714286,0.7238805970149254,0.7886178861788617,134
True,True,False,0.3,5000,(1 1),False,False,True,97.46079163554892,0.9656786271450858,0.9825396825396825,0.9740361919748229,1260,0.8,1.0,0.888888888888889,4,0.9893390191897654,0.9978494623655914,0.993576017130621,465,1.0,0.9971428571428571,0.9985693848354792,700,0.8378378378378378,0.6888888888888889,0.7560975609756098,135
True,True,False,0.3,5000,(1 2),False,False,False,97.83420463032112,0.9793052475979305,0.9807549962990377,0.9800295857988164,1351,0.6470588235294118,0.8461538461538461,0.7333333333333334,13,0.9977011494252873,0.9977011494252873,0.9977011494252873,435,1.0,1.0,1.0,653,0.7653061224489796,0.7281553398058253,0.7462686567164178,103
True,True,False,0.3,5000,(1 2),True,False,False,97.87154592979836,0.973644578313253,0.9847677075399848,0.979174555092768,1313,0.7777777777777778,0.875,0.823529411764706,8,0.9929577464788732,1.0,0.9964664310954063,423,1.0,1.0,1.0,662,0.859504132231405,0.7482014388489209,0.8,139
True,True,False,0.3,5000,(1 2),False,False,True,97.4234503360717,0.9771341463414634,0.9741641337386018,0.9756468797564687,1316,0.5555555555555556,0.5,0.5263157894736842,10,0.9928741092636579,1.0,0.9964243146603099,418,1.0,0.998587570621469,0.9992932862190813,708,0.6981132075471698,0.7184466019417476,0.7081339712918661,103
True,True,False,0.3,5000,(1 3),False,False,False,97.68483943241225,0.9745173745173745,0.9813374805598756,0.9779155366137156,1286,0.7142857142857143,0.625,0.6666666666666666,8,0.9953051643192489,0.9976470588235294,0.9964747356051704,425,0.9986338797814208,1.0,0.9993164730006835,731,0.7931034482758621,0.7603305785123967,0.7763713080168776,121
True,True,False,0.3,5000,(1 3),True,False,False,97.7968633308439,0.9750733137829912,0.9866468842729971,0.9808259587020649,1348,0.5,0.6666666666666666,0.5714285714285715,9,0.9926829268292683,0.9975490196078431,0.9951100244498777,408,1.0,1.0,1.0,681,0.8279569892473119,0.6754385964912281,0.7439613526570048,114
True,True,False,0.3,5000,(1 3),False,False,True,96.97535474234503,0.9566192969334331,0.9868827160493827,0.9715153816938853,1296,0.45454545454545453,0.8333333333333334,0.5882352941176471,6,0.995260663507109,0.997624703087886,0.9964412811387899,421,1.0,0.996969696969697,0.9984825493171471,660,0.8695652173913043,0.6289308176100629,0.7299270072992701,159
True,True,False,0.35,1000,(1 1),False,False,False,97.16206123973114,0.9683972911963883,0.9779635258358662,0.973156899810964,1316,0.4666666666666667,0.7,0.56,10,0.9977116704805492,1.0,0.9988545246277205,436,1.0,0.9984732824427481,0.9992360580595876,655,0.782608695652174,0.6818181818181818,0.728744939271255,132
True,True,False,0.35,1000,(1 1),True,False,False,97.61015683345781,0.9675425038639877,0.985051140833989,0.9762183235867448,1271,0.4444444444444444,0.6666666666666666,0.5333333333333333,6,0.9933920704845814,0.9977876106194691,0.9955849889624724,452,1.0,0.997134670487106,0.9985652797704447,698,0.8627450980392157,0.6929133858267716,0.7685589519650654,127
True,True,False,0.35,1000,(1 1),False,False,True,97.72218073188948,0.9787234042553191,0.976497346474602,0.9776091081593928,1319,0.6666666666666666,0.6666666666666666,0.6666666666666666,9,0.9906976744186047,1.0,0.9953271028037384,426,1.0,0.9985632183908046,0.9992810927390366,696,0.7815126050420168,0.7815126050420168,0.7815126050420168,119
True,True,False,0.35,1000,(1 2),False,False,False,97.64749813293503,0.9723261032161555,0.983358547655068,0.9778112072207596,1322,0.6666666666666666,0.8888888888888888,0.761904761904762,9,0.9975609756097561,0.9951338199513382,0.9963459196102314,411,1.0,0.998546511627907,0.9992727272727273,688,0.8073394495412844,0.704,0.7521367521367521,125
True,True,False,0.35,1000,(1 2),True,False,False,97.64749813293503,0.972181551976574,0.9844329132690882,0.9782688766114181,1349,0.5714285714285714,0.36363636363636365,0.4444444444444444,11,0.9950124688279302,1.0,0.9974999999999999,399,0.9985029940119761,1.0,0.9992509363295881,667,0.8362068965517241,0.7404580152671756,0.785425101214575,131
True,True,False,0.35,1000,(1 2),False,False,True,97.61015683345781,0.9724770642201835,0.9829984544049459,0.9777094542659494,1294,0.6363636363636364,0.7777777777777778,0.7000000000000001,9,0.9890829694323144,1.0,0.9945115257958288,453,0.9985029940119761,1.0,0.9992509363295881,667,0.8378378378378378,0.7099236641221374,0.7685950413223139,131
True,True,False,0.35,1000,(1 3),False,False,False,97.38610903659448,0.9733637747336378,0.9770817417876242,0.9752192146397256,1309,0.45454545454545453,0.8333333333333334,0.5882352941176471,6,0.9976689976689976,0.9976689976689976,0.9976689976689976,429,0.998533724340176,0.998533724340176,0.998533724340176,682,0.7547169811320755,0.6896551724137931,0.7207207207207208,116
True,True,False,0.35,1000,(1 3),True,False,False,97.31142643764002,0.9688856729377714,0.9816715542521994,0.9752367079388202,1364,0.5714285714285714,0.5714285714285714,0.5714285714285714,7,0.9883449883449883,0.9976470588235294,0.9929742388758782,425,1.0,1.0,1.0,653,0.8,0.6614173228346457,0.7241379310344829,127
True,True,False,0.35,1000,(1 3),False,False,True,97.68483943241225,0.972809667673716,0.9824561403508771,0.9776091081593927,1311,0.625,0.7142857142857143,0.6666666666666666,7,0.9976303317535545,0.9976303317535545,0.9976303317535545,422,1.0,1.0,1.0,691,0.8070175438596491,0.7244094488188977,0.7634854771784233,127
True,True,False,0.35,5000,(1 1),False,False,False,97.72218073188948,0.972993248312078,0.9840667678300455,0.9784986797434931,1318,0.6,0.8571428571428571,0.7058823529411764,7,0.9902439024390244,1.0,0.9950980392156863,406,1.0,1.0,1.0,680,0.8559322033898306,0.7266187050359713,0.7859922178988328,139
True,True,False,0.35,5000,(1 1),True,False,False,97.49813293502613,0.9775112443778111,0.9767790262172285,0.9771449981266392,1335,0.5,0.4444444444444444,0.47058823529411764,9,0.9955555555555555,0.9977728285077951,0.996662958843159,449,1.0,1.0,1.0,644,0.7478260869565218,0.7478260869565218,0.7478260869565218,115
True,True,False,0.35,5000,(1 1),False,False,True,97.31142643764002,0.9731543624161074,0.980465815176559,0.9767964071856288,1331,0.46153846153846156,0.6,0.5217391304347826,10,0.9932584269662922,0.9977426636568849,0.9954954954954955,443,1.0,0.9970282317979198,0.9985119047619048,673,0.7692307692307693,0.6722689075630253,0.7174887892376681,119
True,True,False,0.35,5000,(1 2),False,False,False,97.7595220313667,0.9708029197080292,0.9881129271916791,0.979381443298969,1346,0.5555555555555556,0.7142857142857143,0.6250000000000001,7,0.9975429975429976,1.0,0.998769987699877,406,0.9985294117647059,0.9985294117647059,0.9985294117647059,680,0.8613861386138614,0.6850393700787402,0.763157894736842,127
True,True,False,0.35,5000,(1 2),True,False,False,97.34876773711724,0.9690265486725663,0.9791356184798807,0.9740548554484804,1342,0.75,0.3333333333333333,0.46153846153846156,9,0.9976905311778291,0.9976905311778291,0.9976905311778291,433,1.0,0.9984894259818731,0.999244142101285,662,0.7589285714285714,0.7203389830508474,0.7391304347826085,118
True,True,False,0.35,5000,(1 2),False,False,True,97.49813293502613,0.9723053892215568,0.9803773584905661,0.9763246899661782,1325,0.7272727272727273,0.6153846153846154,0.6666666666666667,13,1.0,1.0,1.0,434,0.9985272459499264,0.9985272459499264,0.9985272459499264,679,0.7523809523809524,0.6929824561403509,0.7214611872146117,114
True,True,False,0.35,5000,(1 3),False,False,False,97.19940253920836,0.9647411852963241,0.981679389312977,0.973136587211502,1310,0.6666666666666666,0.8,0.7272727272727272,5,0.9881235154394299,1.0,0.994026284348865,416,0.9985141158989599,1.0,0.9992565055762082,672,0.8290598290598291,0.6598639455782312,0.7348484848484849,147
True,True,False,0.35,5000,(1 3),True,False,False,97.90888722927558,0.975346687211094,0.9852140077821012,0.9802555168408829,1285,0.6363636363636364,0.875,0.7368421052631579,8,0.9909706546275395,1.0,0.9954648526077097,439,1.0,1.0,1.0,695,0.8446601941747572,0.7073170731707317,0.7699115044247787,123
True,True,False,0.35,5000,(1 3),False,False,True,97.23674383868558,0.972181551976574,0.9757531227038942,0.973964063072974,1361,0.5,0.6,0.5454545454545454,10,0.9837209302325581,1.0,0.9917936694021102,423,1.0,1.0,1.0,646,0.7889908256880734,0.7049180327868853,0.7445887445887446,122
