Lower Case,Remove Stop Words,Stem,Max Features,N-gram Range,TF,IDF,TFIDF,Accuracy,Precision,Recall,F1-Score,Functional Precision,Functional Recall,Functional F1-Score,Functional Support,Code Precision,Code Recall,Code F1-Score,Code Support,IDE Precision,IDE Recall,IDE F1-Score,IDE Support,General Precision,General Recall,General F1-Score,General Support,Notice Precision,Notice Recall,Notice F1-Score,Notice Support,ToDo Precision,ToDo Recall,ToDo F1-Score,ToDo-Support
True,True,True,1000,"(1, 1)",False,false,False,0.9683557004891508,0.8741729245025571,0.8287925883130235,0.8368284197888226,0.9625198019274489,0.9795282042435742,0.9705182324822091,527.5,0.525,0.4083333333333333,0.44857142857142857,3.3,0.986535171567662,0.9982524139806881,0.9922758874620536,171.7,0.9981658047834518,0.9992606259395928,0.9987088180464181,270.6,0.7768167687367795,0.6038775510204082,0.6213587138016126,49.9,0.9960000000000001,0.9835034013605443,0.9895374383692129,48.2
True,True,True,1000,"(1, 1)",True,false,False,0.9660220431456163,0.8695660648568845,0.7680920903150098,0.7883606406509278,0.946285977255234,0.9922276608590648,0.9682741004034163,527.5,0.4333333333333333,0.19999999999999998,0.2633333333333333,3.3,0.9932500222756838,0.9976676186590506,0.9953965316774221,171.7,0.9985454545454544,0.9988902555692224,0.9987114988699355,270.6,0.8501482683982685,0.48987755102040814,0.5446686060608084,49.9,0.9958333333333333,0.9298894557823129,0.959779773560651,48.2
True,True,True,1000,"(1, 1)",False,false,True,0.9647148536031327,0.8324199882055223,0.743507225944396,0.7600886211208285,0.9405233526762764,0.9956407049623367,0.9669530086248586,527.5,0.2,0.06666666666666667,0.1,3.3,0.9988338093295253,0.995923432612539,0.997369243436723,171.7,0.9988689941625506,0.9911288779554461,0.9949172031639687,270.6,0.8604604397314481,0.4838775510204082,0.5428857694234287,49.9,0.9958333333333333,0.9278061224489796,0.9584065020759927,48.2
True,True,True,1000,"(1, 2)",False,false,False,0.970875837897348,0.9009979833188121,0.8415566833449756,0.8510108599030579,0.9643864437355314,0.9819903254556955,0.972695799247667,527.5,0.65,0.4583333333333333,0.5033333333333333,3.3,0.9882279304051778,0.9982524139806881,0.9931339907985002,171.7,0.9992633492511395,0.9992606259395928,0.9992606234133294,270.6,0.8081101765210237,0.6259591836734695,0.6470730464212523,49.9,0.9960000000000001,0.9855442176870749,0.9905683662042645,48.2
True,True,True,1000,"(1, 2)",True,false,False,0.967235426508912,0.838057509242075,0.7576385310566167,0.7716086385308822,0.9492592720972779,0.9914693663389107,0.9694770856183517,527.5,0.25,0.1,0.13999999999999999,3.3,0.9938180908425565,0.9988338093295253,0.9962729071884123,171.7,0.9985293918873255,0.9988902555692224,0.9987074526500231,270.6,0.84073830062529,0.4998775510204081,0.5501068383197298,49.9,0.9960000000000001,0.9567602040816328,0.975087547408776,48.2
True,True,True,1000,"(1, 2)",False,false,True,0.9646218313195926,0.8022838042108145,0.742599052397195,0.7532560112461321,0.9447924295026295,0.992985955379219,0.967910891316396,527.5,0.1,0.03333333333333333,0.05,3.3,0.9948696079630661,0.9924010607915136,0.9934833570535233,171.7,0.9996323529411765,0.9926103594369277,0.9960492467560951,270.6,0.7806159178512121,0.49991836734693873,0.5450072136367574,49.9,0.9937925170068029,0.9443452380952382,0.9670853587140208,48.2
True,True,True,1000,"(1, 3)",False,false,False,0.9645271541452403,0.8894347417029819,0.8232836353188546,0.8360561738526467,0.9562597401291567,0.9778193462135588,0.9664471754415851,527.5,0.6333333333333333,0.4083333333333333,0.47190476190476194,3.3,0.9887460189091428,0.9848259213926289,0.9863872325298209,171.7,0.9996323529411765,0.9992606259395928,0.9994454662968785,270.6,0.7626370049050812,0.5839183673469389,0.6015840407385694,49.9,0.9960000000000001,0.9855442176870749,0.9905683662042645,48.2
True,True,True,1000,"(1, 3)",True,false,False,0.9652751647922851,0.8117871158955093,0.7526787685046614,0.7633050583623664,0.9472467604048044,0.9903330027025472,0.9679481349885795,527.5,0.13333333333333333,0.1,0.11333333333333333,3.3,0.9943927648578811,0.9982524139806881,0.9962695318674619,171.7,0.9992673992673993,0.9988902555692224,0.9990764525437127,270.6,0.8004824375096382,0.4738775510204081,0.5292447728654059,49.9,0.9960000000000001,0.954719387755102,0.9739581245757047,48.2
True,True,True,1000,"(1, 3)",False,false,True,0.9641548908120463,0.8071176646980138,0.7404147590508894,0.7533970275597115,0.9433936603809322,0.9916598384221723,0.966619494888293,527.5,0.1,0.03333333333333333,0.05,3.3,0.9938180908425565,0.9982524139806881,0.995981361998908,171.7,0.9996323529411765,0.9929793631269647,0.9962425627314134,270.6,0.8119843330030097,0.47783673469387755,0.5418115176746103,49.9,0.9938775510204083,0.9484268707482991,0.9697272280650446,48.2
True,True,True,5000,"(1, 1)",False,false,False,0.9677954763995149,0.8808589066967704,0.8247954168915678,0.8349311457759023,0.960007908283985,0.9818020096601691,0.9703436316438558,527.5,0.55,0.4083333333333333,0.4502380952380952,3.3,0.9860063204302516,0.9941622467020264,0.9899110811886886,171.7,0.9981658047834518,0.9992606259395928,0.9987088180464181,270.6,0.7949734066829334,0.5858775510204082,0.6130679766816314,49.9,0.9960000000000001,0.9793367346938776,0.9873172718567245,48.2
True,True,True,5000,"(1, 1)",True,false,False,0.9652751647922851,0.8736691958291303,0.7763666116105307,0.7963656258280819,0.9435748675248897,0.9935541371974008,0.9674559071401291,527.5,0.45,0.2666666666666667,0.32,3.3,0.9943927648578811,0.9912382700938392,0.9926348781735588,171.7,0.9989051094890511,0.9988902555692224,0.99889364088694,270.6,0.859309099769626,0.4758775510204082,0.5382038146556297,49.9,0.9958333333333333,0.9319727891156463,0.9610055141122343,48.2
True,True,True,5000,"(1, 1)",False,false,True,0.9570596771046727,0.8200612348425661,0.7213110817131949,0.7409045467483261,0.9262415306206814,0.9960187740785462,0.9594349074452468,527.5,0.1,0.03333333333333333,0.05,3.3,0.9938079695362436,0.9836563307493538,0.9883557529161925,171.7,0.9996323529411765,0.9826267596009295,0.990845482605244,270.6,0.907255604266474,0.44787755102040816,0.5257464947964917,49.9,0.9934299516908214,0.8843537414965986,0.9310446427267808,48.2
True,True,True,5000,"(1, 2)",False,false,False,0.9697558252156584,0.8966939305140654,0.829057372971573,0.8399166708233008,0.9623940614672701,0.9823705508596401,0.971802132290199,527.5,0.625,0.4083333333333333,0.4652380952380953,3.3,0.9876946015985804,0.9988338093295253,0.9931471427964855,171.7,0.9992633492511395,0.9992606259395928,0.9992606234133294,270.6,0.8098115707674023,0.5999591836734695,0.6194619612535356,49.9,0.9960000000000001,0.9855867346938776,0.9905900699481602,48.2
True,True,True,5000,"(1, 2)",True,false,False,0.9661149783296403,0.8434742945224303,0.7554172717998255,0.7716604930542974,0.9450288478562227,0.9935552153412683,0.9682461865973899,527.5,0.25,0.13333333333333333,0.17,3.3,0.9938180908425565,0.9982490140078879,0.9959779270262594,171.7,0.9992673992673993,0.9992606259395928,0.9992619813006701,270.6,0.8767314291684041,0.47383673469387755,0.5355900865287921,49.9,0.9960000000000001,0.9342687074829931,0.9608867768726729,48.2
True,True,True,5000,"(1, 2)",False,false,True,0.9607011336873057,0.819104786603176,0.7249083775553893,0.7410473890596626,0.9311721098839035,0.9973470473233281,0.9627417067689178,527.5,0.1,0.03333333333333333,0.05,3.3,0.9988439306358382,0.9959200326397388,0.9973691385192545,171.7,0.9996323529411765,0.985951892852262,0.992592562073594,270.6,0.889061958811199,0.43587755102040815,0.5025698179099516,49.9,0.9959183673469388,0.9010204081632652,0.9410111090862575,48.2
True,True,True,5000,"(1, 3)",False,false,False,0.9696621932355031,0.8950821172048948,0.8287759311859617,0.8402516114881442,0.9623489932974352,0.9821804381576676,0.9717021283248609,527.5,0.625,0.4083333333333333,0.4652380952380953,3.3,0.9876946015985804,0.9994186046511627,0.9934403979284504,171.7,0.9992633492511395,0.9992606259395928,0.9992606234133294,270.6,0.8001857590822139,0.5999591836734695,0.6223309856549161,49.9,0.9960000000000001,0.9835034013605443,0.9895374383692129,48.2
True,True,True,5000,"(1, 3)",True,false,False,0.9662084361107628,0.8280967234697911,0.7511902101797874,0.7636814393243034,0.9446080009589206,0.9945036225633948,0.9684736355893314,527.5,0.15,0.1,0.12000000000000002,3.3,0.9982625352870009,0.992985856113151,0.9955156267532252,171.7,0.9989051094890511,0.9992606259395928,0.9990791696438972,270.6,0.8808046950837751,0.47183673469387755,0.5288808117886189,49.9,0.9960000000000001,0.9485544217687073,0.9701393921707469,48.2
True,True,True,5000,"(1, 3)",False,false,True,0.961634927602882,0.8210274526484899,0.7305086055493032,0.7450578421051036,0.9335729611062374,0.9967785061238571,0.9637135849110962,527.5,0.1,0.03333333333333333,0.05,3.3,0.9982625352870009,0.9900754793961648,0.9940329353134658,171.7,0.9996323529411765,0.9874306409730764,0.9933818259838842,270.6,0.8987784992095861,0.4559183673469388,0.5160305507915701,49.9,0.9959183673469388,0.919515306122449,0.9531881556306052,48.2
True,True,False,1000,"(1, 1)",False,false,False,0.9699421310812882,0.8843606859976145,0.8186037000011005,0.8316167743024933,0.9622575935937345,0.9829390920591111,0.9720986102434537,527.5,0.55,0.3416666666666667,0.4038095238095238,3.3,0.9844550818708517,0.9982524139806881,0.9911761891984359,171.7,0.9988970588235293,0.9992606259395928,0.9990764626068416,270.6,0.8145543816975718,0.6019183673469387,0.6318754546857004,49.9,0.9960000000000001,0.9875850340136054,0.9916644052710035,48.2
True,True,False,1000,"(1, 1)",True,false,False,0.9678891954791868,0.846654100937694,0.7671466173855661,0.7850908082099997,0.948520562767888,0.9939372376516589,0.970367993967377,527.5,0.35,0.16666666666666666,0.22000000000000003,3.3,0.9976944667201282,0.9970828233374132,0.9973725384920546,171.7,0.9992673992673993,0.9988902555692224,0.9990764525437127,270.6,0.7886088435374151,0.4979183673469388,0.5528714303461075,49.9,0.9958333333333333,0.9483843537414967,0.9708564339107454,48.2
True,True,False,1000,"(1, 1)",False,false,True,0.9636879503044999,0.8217175291268772,0.7435815003314503,0.7599376849829897,0.940165744982173,0.9960212897475706,0.9669691007181003,527.5,0.2,0.06666666666666667,0.1,3.3,0.9976944667201282,0.990656874745002,0.994036335286266,171.7,0.9992366412213741,0.9881713817138171,0.993571686224908,270.6,0.7973749885042547,0.4859591836734694,0.5429460491443354,49.9,0.9958333333333333,0.9340136054421768,0.9621029385243285,48.2
True,True,False,1000,"(1, 2)",False,false,False,0.9680751529467508,0.8962384482369783,0.8323196242068965,0.8464517331775039,0.9603361275257584,0.9823705508596401,0.9708676274775352,527.5,0.65,0.4333333333333333,0.4966666666666667,3.3,0.988809325754015,0.985407316741466,0.9867007207132215,171.7,0.9992633492511395,0.9992606259395928,0.9992606234133294,270.6,0.7830218868909571,0.6059183673469388,0.6335937630110577,49.9,0.9960000000000001,0.9876275510204081,0.9916209977832118,48.2
True,True,False,1000,"(1, 2)",True,false,False,0.967328971389551,0.8198108411106846,0.752635720304949,0.7652612757865831,0.949159389499545,0.9931760680811912,0.9703180687049491,527.5,0.15,0.06666666666666667,0.09,3.3,0.9943927648578811,0.9924044607643138,0.9932395241595475,171.7,1.0,0.9988902555692224,0.9994440996025362,270.6,0.8293128923066811,0.5059183673469387,0.5623565704071755,49.9,0.9960000000000001,0.9587585034013605,0.9762093918452901,48.2
True,True,False,1000,"(1, 2)",False,false,True,0.9654621674540463,0.8026292706567286,0.7450814147970654,0.7570572135386217,0.9459384315369987,0.9931764274624804,0.9686750815070384,527.5,0.1,0.03333333333333333,0.05,3.3,0.9938180908425565,0.9924044607643138,0.9929513542909936,171.7,1.0,0.992980729807298,0.9964224248850758,270.6,0.7800191015608171,0.5019183673469387,0.5591376602822792,49.9,0.9960000000000001,0.9566751700680272,0.9751567602663427,48.2
True,True,False,1000,"(1, 3)",False,false,False,0.9666744185236285,0.8793651907276413,0.8135544016972005,0.8302340217498017,0.95663794753919,0.9829376545339544,0.9693077083230375,527.5,0.55,0.3416666666666667,0.41,3.3,0.9909679388678005,0.9819155446756426,0.9860587860349292,171.7,0.9996323529411765,0.9992606259395928,0.9994454662968785,270.6,0.7829529050176808,0.5879183673469388,0.6249711720607543,49.9,0.9960000000000001,0.9876275510204081,0.9916209977832118,48.2
True,True,False,1000,"(1, 3)",True,false,False,0.9671417074292403,0.8209760183541104,0.7514688280636909,0.7650043475993064,0.9480813034516391,0.9920393450635385,0.9692470969412922,527.5,0.15,0.06666666666666667,0.09,3.3,0.9943927648578811,0.9982490140078879,0.9962660968948134,171.7,1.0,0.9988902555692224,0.9994440996025362,270.6,0.8373820418151418,0.4859183673469388,0.5543439786933438,49.9,0.9960000000000001,0.9670493197278912,0.9807248134638525,48.2
True,True,False,1000,"(1, 3)",False,false,True,0.9643412837771926,0.8056443330105092,0.7417661500977483,0.7550629801396256,0.9445225083037947,0.9924177735610371,0.9676113059652451,527.5,0.1,0.03333333333333333,0.05,3.3,0.9938180908425565,0.992985856113151,0.9932412191897191,171.7,1.0,0.9933497334973349,0.9966157408603943,270.6,0.7996920655833699,0.4839183673469387,0.548706543724027,49.9,0.9958333333333333,0.9545918367346939,0.9742030710983679,48.2
True,True,False,5000,"(1, 1)",False,false,False,0.9694758873698733,0.8810821924592291,0.8218013559183868,0.8321600301686003,0.9597761137286923,0.9852132568569951,0.9719282336751138,527.5,0.5083333333333333,0.3833333333333333,0.4216666666666667,3.3,0.9854754755615007,0.9935808513531891,0.9893376245569488,171.7,0.9985334518422754,0.9992606259395928,0.9988929801090333,270.6,0.8383747802895728,0.5839183673469387,0.6206378056663772,49.9,0.9960000000000001,0.9855017006802722,0.9904968703374623,48.2
True,True,False,5000,"(1, 1)",True,false,False,0.9663955258720403,0.8561889404970946,0.7713917517818433,0.7890487263344632,0.9441688044319436,0.9954505922603645,0.9686833905540999,527.5,0.35,0.23333333333333334,0.27,3.3,0.9943927648578811,0.9929926560587514,0.9935685391072197,171.7,0.9996323529411765,0.9988902555692224,0.9992599375399213,270.6,0.8531063874182341,0.4798775510204082,0.5444433767859429,49.9,0.9958333333333333,0.9278061224489796,0.9583371140195963,48.2
True,True,False,5000,"(1, 1)",False,false,True,0.9583673021447385,0.8435260359971105,0.737377133769537,0.7603166186102922,0.9271690125439772,0.9977261945834052,0.9607495673704227,527.5,0.3,0.13333333333333333,0.18,3.3,0.9988439306358382,0.9894974840201277,0.9940586600146812,171.7,1.0,0.9815170151701516,0.9904865116899655,270.6,0.839309939469514,0.4399183673469388,0.5061377251279351,49.9,0.9958333333333333,0.8822704081632654,0.9304672474587494,48.2
True,True,False,5000,"(1, 2)",False,false,False,0.9711560370416823,0.8851719918379048,0.8248653597237501,0.8363717239692867,0.9623662107766556,0.9855945604048072,0.9734526085744045,527.5,0.5333333333333333,0.3833333333333333,0.43,3.3,0.9871394067933854,0.9994186046511627,0.9931555451024104,171.7,0.9992633492511395,0.9992606259395928,0.9992606234133294,270.6,0.8329296508729145,0.594,0.6306971614545726,49.9,0.9960000000000001,0.9875850340136054,0.9916644052710035,48.2
True,True,False,5000,"(1, 2)",True,false,False,0.9680759368423988,0.8537716689472894,0.7578660481634519,0.77588026898004,0.9455794953884216,0.9965894715657523,0.9700357399305914,527.5,0.3,0.13333333333333333,0.18,3.3,0.9982625352870009,0.9976642186862504,0.9979539338408919,171.7,0.9996323529411765,0.9992606259395928,0.9994454662968785,270.6,0.8831556300671386,0.4738775510204082,0.5389732906418947,49.9,0.9960000000000001,0.9464710884353741,0.9688731831699842,48.2
True,True,False,5000,"(1, 2)",False,false,True,0.9607942430703623,0.8159723694115218,0.7271129734317096,0.742163018252119,0.932369537533974,0.997915588522799,0.9636406298046676,527.5,0.1,0.03333333333333333,0.05,3.3,0.9988439306358382,0.9906534747722018,0.9945942716798163,171.7,1.0,0.9852125187918546,0.9923926649440231,270.6,0.868702380952381,0.4379183673469388,0.5017832832314622,49.9,0.9959183673469388,0.9176445578231291,0.9505672598527444,48.2
True,True,False,5000,"(1, 3)",False,false,False,0.9708759249968644,0.8819663994697716,0.8241670675036363,0.8346795431590351,0.9621604143801907,0.9854048070841241,0.9732678041180666,527.5,0.525,0.3833333333333333,0.42523809523809525,3.3,0.9871394067933854,0.9994186046511627,0.9931555451024104,171.7,0.9992633492511395,0.9992606259395928,0.9992606234133294,270.6,0.8222352263939131,0.5900000000000001,0.6254907858113053,49.9,0.9960000000000001,0.9875850340136054,0.9916644052710035,48.2
True,True,False,5000,"(1, 3)",True,false,False,0.9681693075240048,0.8361398873632009,0.75466904772585,0.7692275358023918,0.9461299805651429,0.9965894715657523,0.9703162941400952,527.5,0.2,0.1,0.13,3.3,0.9982625352870009,0.9935706514347885,0.9958268414003333,171.7,0.9996323529411765,0.9992606259395928,0.9994454662968785,270.6,0.8768144553858839,0.4798775510204082,0.5437118634220645,49.9,0.9960000000000001,0.9587159863945578,0.9760647495549788,48.2
True,True,False,5000,"(1, 3)",False,false,True,0.9629416816477836,0.8169796250392602,0.7329480998466431,0.7478375747335001,0.9364024468626019,0.9979159479040882,0.9658176422506053,527.5,0.1,0.03333333333333333,0.05,3.3,0.9982625352870009,0.9912416700666393,0.9946392862420833,171.7,1.0,0.9874306409730764,0.9935659880464993,270.6,0.871294400739019,0.4599183673469388,0.5250057904661454,49.9,0.9959183673469388,0.9278486394557822,0.9579967413956675,48.2
True,False,True,1000,"(1, 1)",False,false,False,0.9722759626238556,0.8797180637988605,0.8439544748230665,0.8499526291670254,0.968678964436446,0.9810422776148583,0.9744699380899512,527.5,0.515,0.4333333333333333,0.45968253968253975,3.3,0.9904124738515311,0.9988338093295253,0.9945471709684807,171.7,0.9981658047834518,0.9992606259395928,0.9987088180464181,270.6,0.8120919560482646,0.6739183673469388,0.6871181625245187,49.9,0.9939591836734696,0.9773384353741497,0.9851891456902445,48.2
True,False,True,1000,"(1, 1)",True,false,False,0.9698489345987152,0.8743156093699126,0.7916397103485434,0.8126003760651432,0.9533009551855445,0.9922265827151975,0.9720991819650555,527.5,0.4333333333333333,0.2666666666666667,0.31333333333333335,3.3,0.9988372093023254,0.9982524139806881,0.9985422591401891,171.7,0.9985454545454544,0.9992606259395928,0.9988970276268929,270.6,0.8660433705194845,0.5719183673469388,0.6372989739077252,49.9,0.9958333333333333,0.921513605442177,0.9554314804176632,48.2
True,False,True,1000,"(1, 1)",False,false,True,0.9677956505985479,0.8431061208913533,0.7630687252429669,0.7815680262020501,0.947632361009271,0.9935537778161118,0.9697550318673439,527.5,0.25,0.1,0.13999999999999999,3.3,0.9976944667201282,0.9965048279613763,0.997084463628512,171.7,0.9996323529411765,0.9907585075850758,0.9950998313539442,270.6,0.8678442113442113,0.5679183673469387,0.6270235134995039,49.9,0.9958333333333333,0.9296768707482993,0.9604453168629972,48.2
True,False,True,1000,"(1, 2)",False,false,False,0.9703154396086793,0.8851815222342523,0.8343207067508324,0.8451385645858878,0.9649181578901145,0.9802821861882582,0.9722080618223103,527.5,0.5583333333333333,0.4083333333333333,0.45499999999999996,3.3,0.9904397374105626,0.9988338093295253,0.9945568273171569,171.7,0.9992633492511395,0.9992606259395928,0.9992606234133294,270.6,0.8021345555203638,0.6419183673469389,0.6636985210365071,49.9,0.9960000000000001,0.9772959183673467,0.9861073539260232,48.2
True,False,True,1000,"(1, 2)",True,false,False,0.9701290466435332,0.8719150786614973,0.783184365405092,0.8060801849610835,0.9548084598942757,0.9916594790408831,0.972617159251055,527.5,0.4333333333333333,0.19999999999999998,0.2633333333333333,3.3,0.9982625352870009,0.9982524139806881,0.9982540892716351,171.7,0.9989051094890511,0.9992606259395928,0.9990791696438972,270.6,0.8501810339653224,0.5758775510204082,0.6408904505327319,49.9,0.9960000000000001,0.9340561224489796,0.962306907733848,48.2
True,False,True,1000,"(1, 2)",False,false,True,0.9687294445141241,0.821894308439988,0.7613893392866833,0.7743644474741165,0.9534290372316038,0.9899520585360243,0.9710423037341576,527.5,0.13333333333333333,0.06666666666666667,0.08333333333333333,3.3,0.9938180908425565,0.9982524139806881,0.995981361998908,171.7,1.0,0.9974087740877409,0.9986950489202414,270.6,0.8569503552188298,0.5758775510204082,0.6321405892683103,49.9,0.9938350340136056,0.9401785714285713,0.9649940475897486,48.2
True,False,True,1000,"(1, 3)",False,false,False,0.9710623179620107,0.8859296842995115,0.8369873135206177,0.8472130835117163,0.9664889961848226,0.9802818268069693,0.9730166409364711,527.5,0.5583333333333333,0.4083333333333333,0.45499999999999996,3.3,0.9904397374105626,0.9988338093295253,0.9945568273171569,171.7,0.9992633492511395,0.9992606259395928,0.9992606234133294,270.6,0.8070935059437417,0.6579183673469389,0.6763679833123686,49.9,0.9939591836734696,0.9772959183673467,0.9850764260909717,48.2
True,False,True,1000,"(1, 3)",True,false,False,0.9698491958972644,0.873231658052509,0.7830313845755277,0.8062137635733491,0.954624675585656,0.9912803317808061,0.9723326627088669,527.5,0.4333333333333333,0.19999999999999998,0.2633333333333333,3.3,0.9982625352870009,0.9982524139806881,0.9982540892716351,171.7,0.9989051094890511,0.9988902555692224,0.99889364088694,270.6,0.8583459272730728,0.5799183673469388,0.6445171321712513,49.9,0.9959183673469388,0.9298469387755102,0.959951723068067,48.2
True,False,True,1000,"(1, 3)",False,false,True,0.9690096436584584,0.8395620293003707,0.7672864937116117,0.7829220665330834,0.9534385835403805,0.9903312057961013,0.9712320608365917,527.5,0.225,0.1,0.1285714285714286,3.3,0.9938180908425565,0.9982524139806881,0.995981361998908,171.7,1.0,0.9970384037173705,0.9985060328538756,270.6,0.8691971340723494,0.5779183673469387,0.6370341482083732,49.9,0.9959183673469388,0.9401785714285713,0.9662073667293235,48.2
True,False,True,5000,"(1, 1)",False,false,False,0.9728360125144585,0.8853379739535221,0.8378898308814232,0.8470613685486642,0.9679003328982599,0.98369523029153,0.9753912347961846,527.5,0.5333333333333333,0.4083333333333333,0.44547619047619047,3.3,0.9898410832462556,0.9988338093295253,0.9942589913588634,171.7,0.9981658047834518,0.9992606259395928,0.9987088180464181,270.6,0.826787289459831,0.6619183673469389,0.6834339280261179,49.9,0.9960000000000001,0.975297619047619,0.9850990485882105,48.2
True,False,True,5000,"(1, 1)",True,false,False,0.9692888847081121,0.8746476241267486,0.7884959063382837,0.8105153912972776,0.9508502776589666,0.9933647432580068,0.9713485168633221,527.5,0.4333333333333333,0.2666666666666667,0.31333333333333335,3.3,0.9988372093023254,0.9964980280157759,0.9976520823194912,171.7,0.9989051094890511,0.9992606259395928,0.9990791696438972,270.6,0.8700414476298759,0.5639183673469388,0.6324475287525015,49.9,0.9959183673469388,0.911267006802721,0.9492317168711202,48.2
True,False,True,5000,"(1, 1)",False,false,True,0.9604204990453894,0.8328045586374099,0.7395063691225744,0.7628363709965216,0.9326424297772009,0.9950703668564198,0.9624980464479769,527.5,0.2,0.06666666666666667,0.1,3.3,0.9982591353142007,0.9842411260709912,0.9909286919517692,171.7,0.9996323529411765,0.9829971299712998,0.9910425255022124,270.6,0.8704601004585477,0.5238367346938775,0.5986189311300705,49.9,0.9958333333333333,0.8842261904761906,0.9339300309471001,48.2
True,False,True,5000,"(1, 2)",False,false,False,0.9730225796786376,0.8933037635533344,0.8491717823716968,0.8548523734540062,0.9664425289085024,0.9842644902535795,0.9749365664347364,527.5,0.5654761904761905,0.4833333333333333,0.49320346320346325,3.3,0.9887677714454931,0.9988338093295253,0.9937022546035136,171.7,0.9992633492511395,0.9992606259395928,0.9992606234133294,270.6,0.8438727412386798,0.6519999999999999,0.6818598789825021,49.9,0.9960000000000001,0.9773384353741497,0.9861514540864924,48.2
True,False,True,5000,"(1, 2)",True,false,False,0.9691952527279568,0.8783645019396598,0.7764003079404639,0.8026920810425213,0.9501082838686521,0.993744249899373,0.971167979549087,527.5,0.45,0.19999999999999998,0.27,3.3,0.9982625352870009,0.9982524139806881,0.9982540892716351,171.7,0.9992673992673993,0.9992606259395928,0.9992619813006701,270.6,0.8767154598815727,0.5558775510204081,0.6279988318962075,49.9,0.9958333333333333,0.9112670068027212,0.9494696042375284,48.2
True,False,True,5000,"(1, 2)",False,false,True,0.9645281122399207,0.8136033223930511,0.7379488401239709,0.7557383866077683,0.9389826033574259,0.9962074492553619,0.9664572445636408,527.5,0.05,0.03333333333333333,0.04,3.3,0.9988372093023254,0.9976710186318508,0.9982507139506849,171.7,1.0,0.9881700150334837,0.9939512742559031,270.6,0.8980554408474912,0.5239183673469388,0.5997386638335754,49.9,0.9957446808510639,0.8883928571428573,0.9360324230428055,48.2
True,False,True,5000,"(1, 3)",False,false,False,0.9727422934347869,0.8939106442410436,0.8496734147939715,0.855668968839393,0.9669329249708289,0.9833168017940315,0.97470407785408,527.5,0.5738095238095238,0.4833333333333333,0.497965367965368,3.3,0.9882188500279276,0.9988338093295253,0.9934206618755222,171.7,0.9992633492511395,0.9992606259395928,0.9992606234133294,270.6,0.8392392173868413,0.656,0.6825557280020347,49.9,0.9960000000000001,0.9772959183673467,0.9861073539260232,48.2
True,False,True,5000,"(1, 3)",True,false,False,0.9691019691458674,0.8777278071293674,0.7775894622923316,0.8031119798049826,0.9509408768815822,0.9927958426772469,0.9711403708385165,527.5,0.45,0.19999999999999998,0.27,3.3,0.9982625352870009,0.9982524139806881,0.9982540892716351,171.7,0.9989051094890511,0.9992606259395928,0.9990791696438972,270.6,0.8724249877852361,0.5618775510204082,0.6295819654307683,49.9,0.9958333333333333,0.9133503401360545,0.9506162836450773,48.2
True,False,True,5000,"(1, 3)",False,false,True,0.9646211345234612,0.8102908090356529,0.7431138495174834,0.7589330159106502,0.9405985174650253,0.9948802541544476,0.9666378825581747,527.5,0.05,0.03333333333333333,0.04,3.3,0.9988372093023254,0.9912382700938392,0.9949076054462859,171.7,1.0,0.9881700150334837,0.9939477869464948,270.6,0.8765644465955026,0.5439183673469389,0.610797592001164,49.9,0.9957446808510639,0.9071428571428571,0.947307228511782,48.2
True,False,False,1000,"(1, 1)",False,false,False,0.9718092834148585,0.8838174227718303,0.8499676770247679,0.8527815800499191,0.9673927301564728,0.98104155885228,0.9738156364305073,527.5,0.5321428571428571,0.4833333333333333,0.48796536796536805,3.3,0.9898508974968513,0.9988338093295253,0.9942623181424407,171.7,0.9985334518422754,0.9992606259395928,0.9988929801090333,270.6,0.8189845999925252,0.658,0.674413749890213,49.9,0.9960000000000001,0.9793367346938776,0.9873394277619514,48.2
True,False,False,1000,"(1, 1)",True,false,False,0.9705025293699571,0.8725821562691392,0.7923915183842716,0.8126492915800286,0.9541304295481629,0.993364743258007,0.9730677682736711,527.5,0.4333333333333333,0.2666666666666667,0.31333333333333335,3.3,0.9988372093023254,0.9976676186590507,0.9982472789780363,171.7,0.9992673992673993,0.9992606259395928,0.9992619813006701,270.6,0.8541798853125512,0.5759183673469387,0.6361623052125673,49.9,0.9957446808510639,0.9214710884353743,0.9558230823818927,48.2
True,False,False,1000,"(1, 1)",False,false,True,0.9677953892999988,0.8411720877843496,0.7641004255131231,0.7824934101156205,0.9482229360896524,0.9950696480938417,0.9707882090955348,527.5,0.25,0.1,0.13999999999999999,3.3,0.9976944667201282,0.990656874745002,0.994036335286266,171.7,1.0,0.9892824928249283,0.9945033650971785,270.6,0.8553704430452533,0.5820000000000001,0.6362703546141997,49.9,0.9957446808510639,0.927593537414966,0.9593621966005431,48.2
True,False,False,1000,"(1, 2)",False,false,False,0.9715295197681062,0.8969657760151735,0.836857398847026,0.8498486905592854,0.9664461913193587,0.9814207061123568,0.973603008972658,527.5,0.625,0.4083333333333333,0.4683333333333334,3.3,0.9898508974968513,0.9988338093295253,0.9942623181424407,171.7,0.9992633492511395,0.9992606259395928,0.9992606234133294,270.6,0.8052342180236918,0.6519183673469389,0.6752846598021744,49.9,0.9960000000000001,0.9813775510204081,0.988348199691776,48.2
True,False,False,1000,"(1, 2)",True,false,False,0.9671441462157002,0.8689072531296415,0.7906968368322421,0.811632685271167,0.9489259856585542,0.9924174141797482,0.969855067906629,527.5,0.4333333333333333,0.2666666666666667,0.31333333333333335,3.3,0.9988372093023254,0.9982524139806881,0.9985422591401891,171.7,0.9992673992673993,0.9870384037173704,0.992753105561025,270.6,0.8371612238692985,0.5658775510204082,0.632519703057725,49.9,0.9959183673469388,0.9339285714285713,0.9627926426281006,48.2
True,False,False,1000,"(1, 2)",False,false,True,0.9696627158326017,0.8191163380946849,0.7637856466177306,0.7779605246026108,0.9546661118790096,0.9907089155310217,0.9721146839472409,527.5,0.13333333333333333,0.06666666666666667,0.08333333333333333,3.3,0.9938180908425565,0.9976676186590507,0.9956847015459761,171.7,1.0,0.9974087740877409,0.9986950489202414,270.6,0.839087975506408,0.5818775510204082,0.648038222381151,49.9,0.9937925170068029,0.9483843537414967,0.9698971574877222,48.2
True,False,False,1000,"(1, 3)",False,false,False,0.9709694698775033,0.8934730968992147,0.8296212278390331,0.8446628792436555,0.9657552166771035,0.9814203467310678,0.9732375413344652,527.5,0.625,0.375,0.44833333333333336,3.3,0.9898508974968513,0.9988338093295253,0.9942623181424407,171.7,0.9996323529411765,0.9992606259395928,0.9994454662968785,270.6,0.7866001142801562,0.6439183673469389,0.6664355456686604,49.9,0.9940000000000001,0.9792942176870749,0.9862630706861543,48.2
True,False,False,1000,"(1, 3)",True,false,False,0.9671441462157002,0.8704706041234347,0.7907273064549044,0.8123009865962165,0.949405280464555,0.9922280202403542,0.9700200493298791,527.5,0.4333333333333333,0.2666666666666667,0.31333333333333335,3.3,0.9988372093023254,0.9988338093295253,0.9988338043296936,171.7,0.9992673992673993,0.9870384037173704,0.992753105561025,270.6,0.8460620350260571,0.5719183673469388,0.6396439062270595,49.9,0.9959183673469388,0.9276785714285714,0.9592217207963092,48.2
True,False,False,1000,"(1, 3)",False,false,True,0.969942914976936,0.8195470572519191,0.7645053405724633,0.7778750467436556,0.9555742021637748,0.9908993876142832,0.9726675702771337,527.5,0.125,0.06666666666666667,0.07857142857142858,3.3,0.9938180908425565,0.9982490140078879,0.9959762467354805,171.7,1.0,0.9970384037173705,0.9985060328538756,270.6,0.8469716831582452,0.5899183673469388,0.6529432985315339,49.9,0.9959183673469388,0.9442602040816326,0.9685857034924814,48.2
True,False,False,5000,"(1, 1)",False,false,False,0.9732093210418495,0.8975125175448365,0.847101564890765,0.8539351390371296,0.9660381635001155,0.9859690357081249,0.9755500670719801,527.5,0.5821428571428571,0.4833333333333333,0.497965367965368,3.3,0.9898410832462556,0.9988338093295253,0.9942589913588634,171.7,0.9985334518422754,0.9992606259395928,0.9988929801090333,270.6,0.8525195495375163,0.6399999999999999,0.6717535893546106,49.9,0.9960000000000001,0.9752125850340135,0.985189838362922,48.2
True,False,False,5000,"(1, 1)",True,false,False,0.9693826037877837,0.877092076482438,0.7871436313506703,0.8098850655001811,0.9503439903152401,0.9941223190155826,0.9714185215501805,527.5,0.45,0.2666666666666667,0.32,3.3,0.9988372093023254,0.9976676186590507,0.9982472789780363,171.7,0.9992673992673993,0.9992606259395928,0.9992619813006701,270.6,0.8682705266763296,0.5559183673469388,0.6226642278994992,49.9,0.9958333333333333,0.9092261904761905,0.9477183832727007,48.2
True,False,False,5000,"(1, 1)",False,false,True,0.961261009378876,0.8699404073960431,0.7561964261135364,0.7845788946950396,0.9330914799552966,0.9956385486746017,0.9629823877059742,527.5,0.4,0.16666666666666666,0.22999999999999998,3.3,0.9994186046511627,0.9895008839929279,0.9943629252411705,171.7,1.0,0.9815170151701516,0.9904865116899655,270.6,0.8913876789187348,0.5258367346938775,0.6000116129449671,49.9,0.9957446808510639,0.8780187074829933,0.9296299305881603,48.2
True,False,False,5000,"(1, 2)",False,false,False,0.9736760002508467,0.9074284242577771,0.8496873197205561,0.8580473953880381,0.9672076049316182,0.9854019320338108,0.9758774990959009,527.5,0.6404761904761905,0.4833333333333333,0.5093939393939394,3.3,0.987127174849174,0.9988338093295253,0.9928558534066984,171.7,0.9992633492511395,0.9992606259395928,0.9992606234133294,270.6,0.8544962260385406,0.6519999999999999,0.6836232853221044,49.9,0.9960000000000001,0.9792942176870749,0.9872731716962553,48.2
True,False,False,5000,"(1, 2)",True,false,False,0.9695687354543807,0.8747551343874012,0.7765123982311255,0.8030142098489896,0.9506888252200956,0.9945018256569489,0.9718337268666792,527.5,0.45,0.19999999999999998,0.27,3.3,0.9988372093023254,0.9982524139806881,0.9985422591401891,171.7,0.9992673992673993,0.9992606259395928,0.9992619813006701,270.6,0.8539040392012527,0.5579183673469388,0.6298925865669135,49.9,0.9958333333333333,0.9091411564625851,0.9485547052194854,48.2
True,False,False,5000,"(1, 2)",False,false,True,0.9635944925233776,0.802834313613376,0.7378921932954714,0.7548091533780956,0.9393724592889325,0.9958275832327065,0.9664646645580435,527.5,0.05,0.03333333333333333,0.04,3.3,0.9988372093023254,0.992407860737114,0.9955319208898785,171.7,1.0,0.9874306409730764,0.9935659880464993,270.6,0.8331440391759541,0.5319591836734694,0.5985861329561816,49.9,0.9956521739130435,0.8863945578231294,0.9347062138179709,48.2
True,False,False,5000,"(1, 3)",False,false,False,0.9736762615493959,0.9076737639399812,0.85001680527822,0.8580140507945158,0.9670456475390529,0.9852121787131276,0.9756881825343724,527.5,0.6404761904761905,0.4833333333333333,0.5093939393939394,3.3,0.987127174849174,0.9988338093295253,0.9928574625080012,171.7,0.9992633492511395,0.9992606259395928,0.9992606234133294,270.6,0.8561302215243313,0.65,0.6814832656467295,49.9,0.9960000000000001,0.9834608843537416,0.9894008312707234,48.2
True,False,False,5000,"(1, 3)",True,false,False,0.9701291337430495,0.8741377235154264,0.7791501707399335,0.8043769821687213,0.9523744445451117,0.9941226783968717,0.9725361590415031,527.5,0.45,0.19999999999999998,0.27,3.3,0.9988372093023254,0.9982524139806881,0.9985422591401891,171.7,0.9992673992673993,0.9992606259395928,0.9992619813006701,270.6,0.8485139546443893,0.5659183673469388,0.6322217801693896,49.9,0.9958333333333333,0.9173469387755102,0.953699713360576,48.2
True,False,False,5000,"(1, 3)",False,false,True,0.9651813586130971,0.8089010235875529,0.7440449351238787,0.759671698433375,0.9415118144757118,0.9952597607958138,0.9672909633728484,527.5,0.05,0.03333333333333333,0.04,3.3,0.9988372093023254,0.9924044607643138,0.9955122514322747,171.7,1.0,0.9881700150334837,0.9939477869464948,270.6,0.8673124368962171,0.5479591836734694,0.6142555467953411,49.9,0.9957446808510639,0.9071428571428571,0.9470236420532908,48.2
False,True,True,1000,"(1, 1)",False,false,False,0.9707820317181598,0.8917294547082733,0.8374419843918988,0.8471367777161879,0.9651400425952517,0.9818023690414582,0.9729572991448366,527.5,0.5916666666666666,0.4333333333333333,0.48238095238095235,3.3,0.9876313232453107,0.9988338093295253,0.9931307699422287,171.7,0.9981658047834518,0.9992606259395928,0.9987088180464181,270.6,0.8117728909589585,0.6279183673469386,0.6461053884134786,49.9,0.9960000000000001,0.9835034013605443,0.9895374383692129,48.2
False,True,True,1000,"(1, 1)",True,false,False,0.96695566286216,0.8708985929429801,0.7693791897288694,0.7903824355910862,0.9468715135360876,0.9933654620205852,0.9691854770509035,527.5,0.4333333333333333,0.19999999999999998,0.2633333333333333,3.3,0.9976944667201282,0.9982524139806881,0.9979642391123023,171.7,0.9985454545454544,0.9988902555692224,0.9987114988699355,270.6,0.8531134561895432,0.4958775510204081,0.5533202916193914,49.9,0.9958333333333333,0.9298894557823129,0.959779773560651,48.2
False,True,True,1000,"(1, 1)",False,false,True,0.9643412837771926,0.8270036623318298,0.7436272640446975,0.761813012700157,0.9412445255686821,0.9962088867805186,0.9676441695939865,527.5,0.2,0.06666666666666667,0.1,3.3,0.997691066747328,0.9900754793961649,0.9937430950665901,171.7,0.9988689941625506,0.9911288779554461,0.9949172031639687,270.6,0.8283840541790852,0.48987755102040814,0.5561671063004046,49.9,0.9958333333333333,0.9278061224489796,0.9584065020759927,48.2
False,True,True,1000,"(1, 2)",False,false,False,0.9681683494293241,0.8963433175596058,0.831979603246074,0.8448492804729634,0.9612787579908906,0.9795278448622853,0.9699029555823035,527.5,0.65,0.4333333333333333,0.49333333333333335,3.3,0.9893174380060209,0.9982524139806881,0.993697342743365,171.7,0.9992633492511395,0.9992606259395928,0.9992606234133294,270.6,0.7822003601095845,0.5959591836734695,0.6223330615611846,49.9,0.9960000000000001,0.9855442176870749,0.9905683662042645,48.2
False,True,True,1000,"(1, 2)",True,false,False,0.9664882868570315,0.8375752250621398,0.7555781280477971,0.7727617668424289,0.9483885709895997,0.990901543902018,0.9688382647901461,527.5,0.25,0.1,0.13999999999999999,3.3,0.9938180908425565,0.9988338093295253,0.9962729071884123,171.7,0.9981671021089774,0.9992606259395928,0.9987101697502077,270.6,0.8390775864317053,0.49183673469387756,0.559937814157651,49.9,0.9960000000000001,0.9526360544217687,0.9728114451681558,48.2
False,True,True,1000,"(1, 2)",False,false,True,0.9635013831403209,0.8110244552036828,0.7392476327181781,0.7538778006336082,0.9430222382768854,0.9924184923236157,0.9668049541559292,527.5,0.1,0.03333333333333333,0.05,3.3,0.9932500222756838,0.992985856113151,0.9929563953337274,171.7,0.9996323529411765,0.9926103594369277,0.9960492467560951,270.6,0.8364070837147457,0.48191836734693877,0.5512033575234677,49.9,0.9938350340136056,0.9422193877551021,0.9662528500324308,48.2
False,True,True,1000,"(1, 3)",False,false,False,0.9665814833396045,0.8772201481796517,0.8245499348977962,0.8334625961622057,0.9605057757184261,0.9781981340923467,0.9688498951068532,527.5,0.545,0.4083333333333333,0.44746031746031745,3.3,0.9899003290879186,0.9982524139806881,0.9939886484405134,171.7,0.9992633492511395,0.9992606259395928,0.9992606234133294,270.6,0.7746922513469553,0.5839183673469387,0.6049297485305482,49.9,0.9939591836734696,0.9793367346938776,0.9862863440216729,48.2
False,True,True,1000,"(1, 3)",True,false,False,0.9665817446381538,0.833506079822541,0.7608526075365625,0.7737387161802041,0.9489242364354059,0.9910909378414121,0.9692043025506779,527.5,0.2166666666666667,0.13333333333333333,0.1522222222222222,3.3,0.9943927648578811,0.9988338093295253,0.9965610770569663,171.7,0.9992673992673993,0.9992606259395928,0.9992619813006701,270.6,0.8457854117078927,0.4878775510204082,0.5511221436503952,49.9,0.9960000000000001,0.954719387755102,0.9740605703002922,48.2
False,True,True,1000,"(1, 3)",False,false,True,0.9661155009267389,0.8086574548830473,0.7471370666444154,0.7597811483492275,0.9464300196831326,0.9922290983842217,0.9684499933020441,527.5,0.08333333333333333,0.05833333333333333,0.06857142857142857,3.3,0.9932500222756838,0.9988338093295253,0.9959864030416418,171.7,1.0,0.9970384037173705,0.9985060328538756,270.6,0.8350538029857251,0.48587755102040814,0.556393172682383,49.9,0.9938775510204083,0.9505102040816326,0.970779859643992,48.2
False,True,True,5000,"(1, 1)",False,false,False,0.9704091586883509,0.8875265405372985,0.8306083339115424,0.8405045430209735,0.9635405957559415,0.9831299235236616,0.9728042094526748,527.5,0.55,0.4083333333333333,0.4502380952380952,3.3,0.9870900265888294,0.9976710186318508,0.9922691661285411,171.7,0.9981658047834518,0.9992606259395928,0.9987088180464181,270.6,0.8303628160955684,0.6159183673469387,0.6416896974033868,49.9,0.9960000000000001,0.9793367346938776,0.9873172718567245,48.2
False,True,True,5000,"(1, 1)",True,false,False,0.965741844001282,0.8778922221843624,0.7768494477937711,0.797985682198856,0.9438929367730984,0.9941216002530042,0.9679066856571577,527.5,0.45,0.2666666666666667,0.32,3.3,0.9943927648578811,0.9912382700938392,0.9926348781735588,171.7,0.9985454545454544,0.9992606259395928,0.9988970276268929,270.6,0.8846038095828013,0.47783673469387755,0.5476218450133644,49.9,0.9959183673469388,0.9319727891156461,0.960853656722163,48.2
False,True,True,5000,"(1, 1)",False,false,True,0.9582735830650669,0.854033857950631,0.7378744743010226,0.7624233898304348,0.9268260899897633,0.9975360818814328,0.9604828626637799,527.5,0.3,0.13333333333333333,0.18,3.3,0.9982591353142007,0.9848225214198287,0.9912219420839025,171.7,0.9996323529411765,0.9833661336613367,0.9912273683857615,270.6,0.9060556177678238,0.44387755102040816,0.5208996095594521,49.9,0.9934299516908214,0.8843112244897959,0.9307085562897125,48.2
False,True,True,5000,"(1, 2)",False,false,False,0.9710624050615271,0.901796552970376,0.8367041411796367,0.8477511087924778,0.9642951896605189,0.9827496981197171,0.9729821543107393,527.5,0.6416666666666666,0.4333333333333333,0.48904761904761906,3.3,0.9876946015985804,0.9994186046511627,0.9934403979284504,171.7,0.9992633492511395,0.9992606259395928,0.9992606234133294,270.6,0.8218595106453499,0.6219591836734695,0.6422384196855156,49.9,0.9960000000000001,0.9835034013605443,0.9895374383692129,48.2
False,True,True,5000,"(1, 2)",True,false,False,0.968449071170757,0.867557456676461,0.764192702646651,0.7843838959749376,0.9463316553049206,0.9965887528031739,0.970453876556736,527.5,0.35,0.16666666666666666,0.22000000000000003,3.3,0.9982625352870009,0.9982490140078879,0.9982506542989867,171.7,0.9989051094890511,0.9992606259395928,0.9990791696438972,270.6,0.9158454399777931,0.47583673469387755,0.5486463510507156,49.9,0.9960000000000001,0.9485544217687073,0.9698733242992897,48.2
False,True,True,5000,"(1, 2)",False,false,True,0.9614478378416044,0.8210852369577228,0.7287103332563521,0.7446192918551009,0.9325656798079935,0.9973470473233281,0.9635083903799913,527.5,0.1,0.03333333333333333,0.05,3.3,0.9982625352870009,0.9959200326397388,0.9970775933297501,171.7,0.9996323529411765,0.9844745114117808,0.9918091512751598,270.6,0.9001324863632268,0.4519183673469388,0.5190184254273804,49.9,0.9959183673469388,0.909268707482993,0.9463021907183246,48.2
False,True,True,5000,"(1, 3)",False,false,False,0.971342517106345,0.8991156468414838,0.8329655647128817,0.8445509850277579,0.9644722782645431,0.9833182393191882,0.9733645886739403,527.5,0.625,0.4083333333333333,0.4652380952380953,3.3,0.9876946015985804,0.9994186046511627,0.9934403979284504,171.7,0.9992633492511395,0.9992606259395928,0.9992606234133294,270.6,0.8222636519346389,0.6239591836734694,0.6464647665435186,49.9,0.9960000000000001,0.9835034013605443,0.9895374383692129,48.2
False,True,True,5000,"(1, 3)",True,false,False,0.967422167872124,0.8463241811029245,0.758324777740927,0.7758319251661819,0.9453968334192787,0.9960202116037029,0.9696643422763236,527.5,0.25,0.13333333333333333,0.17,3.3,0.9982625352870009,0.992985856113151,0.9955156267532252,171.7,0.9989051094890511,0.9992606259395928,0.9990791696438972,270.6,0.8893806084222173,0.47983673469387755,0.5506651381569387,49.9,0.9960000000000001,0.9485119047619046,0.9700672741667067,48.2
False,True,True,5000,"(1, 3)",False,false,True,0.9625680247223268,0.822672439815266,0.7318458129588583,0.7482492016210802,0.9343896839700745,0.997725835202116,0.9646611052779633,527.5,0.1,0.03333333333333333,0.05,3.3,0.9982625352870009,0.990656874745002,0.994326185445599,171.7,1.0,0.9878010113434467,0.9937550041128649,270.6,0.9074640522875816,0.45791836734693875,0.5311227970322288,49.9,0.9959183673469388,0.9236394557823129,0.9556301178578254,48.2
False,True,False,1000,"(1, 1)",False,false,False,0.9709693827779867,0.8842704057249327,0.8210495268655705,0.8334168612847994,0.9635984917224361,0.9836973865792652,0.9731794812534469,527.5,0.5233333333333333,0.3416666666666667,0.39111111111111113,3.3,0.9850297558861764,0.9982524139806881,0.9914660393577688,171.7,0.9988970588235293,0.9992606259395928,0.9990764626068416,270.6,0.8387637945841213,0.6179183673469387,0.6551712030421657,49.9,0.9960000000000001,0.9855017006802722,0.9904968703374623,48.2
False,True,False,1000,"(1, 1)",True,false,False,0.9687294445141241,0.8562108724653434,0.7704550679896591,0.7886862409649769,0.9499003685502739,0.9937471249496866,0.9709838597293381,527.5,0.35,0.16666666666666666,0.22000000000000003,3.3,0.9976944667201282,0.9970828233374132,0.9973725384920546,171.7,0.9992673992673993,0.9988902555692224,0.9990764525437127,270.6,0.8445696669209255,0.5159183673469387,0.5726315799174296,49.9,0.9958333333333333,0.9504251700680273,0.9720530151073266,48.2
False,True,False,1000,"(1, 1)",False,false,True,0.9646214829215267,0.8258341839011918,0.7463314230278018,0.7635282402679509,0.9416494089880132,0.9964000776263584,0.9679806005935525,527.5,0.2,0.06666666666666667,0.1,3.3,0.9976944667201282,0.990656874745002,0.994036335286266,171.7,0.9992366412213741,0.9881713817138171,0.993571686224908,270.6,0.8206799056265714,0.4939591836734694,0.5580687884530358,49.9,0.9957446808510639,0.9421343537414966,0.9675120310499425,48.2
False,True,False,1000,"(1, 2)",False,false,False,0.969849108797748,0.9101696725584496,0.8301228260979968,0.8487820854213588,0.9609067256775242,0.9829401702029786,0.9714787789522866,527.5,0.7,0.4083333333333333,0.48666666666666664,3.3,0.989930212448377,0.9947402420780633,0.9921865652334946,171.7,0.9992633492511395,0.9992606259395928,0.9992606234133294,270.6,0.8149177479736578,0.6099183673469387,0.6525315120581111,49.9,0.9960000000000001,0.9855442176870749,0.9905683662042645,48.2
False,True,False,1000,"(1, 2)",True,false,False,0.9679818693646614,0.823676925962458,0.7541625827296715,0.7686086973558636,0.9496029602177207,0.9920389856822492,0.9700386391942258,527.5,0.15,0.06666666666666667,0.09,3.3,0.9938180908425565,0.9982490140078879,0.9959779270262594,171.7,1.0,0.9992606259395928,0.9996296283594936,270.6,0.8526405047144717,0.5079183673469387,0.5787464563308242,49.9,0.9960000000000001,0.9608418367346939,0.9772595332243789,48.2
False,True,False,1000,"(1, 2)",False,false,True,0.9654617319564641,0.8115385655994711,0.7454106169080171,0.7589547088718007,0.9454080216004238,0.9929866741417973,0.968342656316605,527.5,0.1,0.03333333333333333,0.05,3.3,0.9938180908425565,0.9924044607643138,0.9929513542909936,171.7,1.0,0.992980729807298,0.9964224248850758,270.6,0.8340052811538451,0.4979183673469388,0.5675559293978358,49.9,0.9960000000000001,0.9628401360544216,0.9784558883402944,48.2
False,True,False,1000,"(1, 3)",False,false,False,0.9669547918669956,0.8843829098170948,0.8139421120526567,0.8309151548162864,0.9578852113578462,0.9825610229429016,0.9697224872192687,527.5,0.575,0.3416666666666667,0.4083333333333333,3.3,0.9904415871160465,0.9848259213926289,0.987240255239134,171.7,0.9992633492511395,0.9992606259395928,0.9992606234133294,270.6,0.7877073111775372,0.5939183673469388,0.6325643262569809,49.9,0.9960000000000001,0.9814200680272108,0.9883699034356719,48.2
False,True,False,1000,"(1, 3)",True,false,False,0.9669550531655448,0.8317149034539723,0.763029477983483,0.7761882273727695,0.9494119708787208,0.990901543902018,0.9693787224075473,527.5,0.22000000000000003,0.13333333333333333,0.155,3.3,0.9938180908425565,0.9982490140078879,0.9959762467354805,171.7,1.0,0.9988902555692224,0.9994440996025362,270.6,0.8310593590025561,0.49591836734693884,0.5598499438533586,49.9,0.9960000000000001,0.9608843537414966,0.9774803516376938,48.2
False,True,False,1000,"(1, 3)",False,false,True,0.965742018200315,0.7979184706994529,0.7452752376577056,0.7560804837796216,0.9482313264410316,0.991659479040883,0.9691318685393353,527.5,0.05,0.03333333333333333,0.04,3.3,0.9938180908425565,0.992985856113151,0.9932412191897191,171.7,1.0,0.9970384037173705,0.9985060328538756,270.6,0.7995430395661899,0.4979183673469388,0.5591562592730472,49.9,0.9959183673469388,0.9587159863945578,0.976447522821753,48.2
False,True,False,5000,"(1, 1)",False,false,False,0.9707828156138077,0.8829087464355864,0.8254053442504038,0.836650489784566,0.9618338972005797,0.9855927634983613,0.9731894289787604,527.5,0.5083333333333333,0.3833333333333333,0.4216666666666667,3.3,0.9865791193260034,0.9947436420508635,0.9904909536969599,171.7,0.9985334518422754,0.9992606259395928,0.9988929801090333,270.6,0.8461726769113265,0.604,0.6451660389185131,49.9,0.9960000000000001,0.9855017006802722,0.9904968703374623,48.2
False,True,False,5000,"(1, 1)",True,false,False,0.9677027154145239,0.8617802908916339,0.7717007010805189,0.7900477063939267,0.9450822995812972,0.996967900063251,0.969956806744964,527.5,0.35,0.23333333333333334,0.27,3.3,0.9988372093023254,0.9970828233374134,0.9979505585199415,171.7,0.9992673992673993,0.9992606259395928,0.9992619813006701,270.6,0.8816615038654477,0.4798775510204082,0.5471311206857805,49.9,0.9958333333333333,0.9236819727891158,0.9559857711122044,48.2
False,True,False,5000,"(1, 1)",False,false,True,0.9583671279457058,0.8562849779912819,0.7359344790627846,0.7606105943420742,0.9262715766339843,0.9984837703409809,0.9606568390314154,527.5,0.3,0.13333333333333333,0.18,3.3,0.9994186046511627,0.9900822793417652,0.9946561753733034,171.7,1.0,0.9815170151701516,0.9904865116899655,270.6,0.9161863533292104,0.42987755102040814,0.506928777632996,49.9,0.9958333333333333,0.8823129251700681,0.9309352623247653,48.2
False,True,False,5000,"(1, 2)",False,false,False,0.9724630523851332,0.8908080664042973,0.8295387692146239,0.8422859040290012,0.9644230360369905,0.9855942010235179,0.9745300258424934,527.5,0.55,0.3833333333333333,0.43666666666666665,3.3,0.9876946015985804,0.9994186046511627,0.9934403979284504,171.7,0.9992633492511395,0.9992606259395928,0.9992606234133294,270.6,0.8474674115390732,0.62,0.6571223772170116,49.9,0.9960000000000001,0.9896258503401361,0.9926953331060551,48.2
False,True,False,5000,"(1, 2)",True,false,False,0.9691028401410315,0.8542656728645508,0.7607000548543963,0.779566994483199,0.947191443733652,0.996967900063251,0.9710970254100231,527.5,0.3,0.13333333333333333,0.18,3.3,0.9982625352870009,0.9982490140078879,0.9982506542989867,171.7,0.9996323529411765,0.9992606259395928,0.9994454662968785,270.6,0.8845077052254752,0.4878775510204082,0.5586610763198131,49.9,0.9960000000000001,0.9485119047619047,0.969947744573493,48.2
False,True,False,5000,"(1, 2)",False,false,True,0.9616344921052999,0.8156069463531657,0.7287333722749704,0.7443851687019822,0.9336085205161355,0.9981053418434822,0.96442012577652,527.5,0.1,0.03333333333333333,0.05,3.3,0.9988439306358382,0.9912416700666393,0.9949308314315879,171.7,1.0,0.9863236299029656,0.9929726656600735,270.6,0.8652708596200818,0.44991836734693874,0.5155709079470601,49.9,0.9959183673469388,0.9134778911564625,0.9484164813966522,48.2
False,True,False,5000,"(1, 3)",False,false,False,0.9717162611313181,0.9029520766804723,0.8316106191178305,0.8451929473055435,0.9638841150765016,0.9850253004427578,0.973969312426673,527.5,0.6333333333333334,0.4083333333333333,0.47000000000000003,3.3,0.9871394067933854,0.9994186046511627,0.9931555451024104,171.7,0.9992633492511395,0.9992606259395928,0.9992606234133294,270.6,0.8380922556284738,0.6079999999999999,0.6420768697847928,49.9,0.9960000000000001,0.9896258503401361,0.9926953331060551,48.2
False,True,False,5000,"(1, 3)",True,false,False,0.9690092081608764,0.8277084868591784,0.757394938033097,0.770763965344413,0.9477210171490205,0.9967781467425679,0.9712770673135376,527.5,0.15,0.1,0.12000000000000002,3.3,0.9982625352870009,0.9935706514347885,0.9958268414003333,171.7,0.9996323529411765,0.9992606259395928,0.9994454662968785,270.6,0.8746350157778728,0.4918775510204082,0.5596508269210402,49.9,0.9960000000000001,0.9628826530612244,0.9783835901346889,48.2
False,True,False,5000,"(1, 3)",False,false,True,0.9637816693841718,0.8197889311389897,0.7351235304565975,0.7502095378516623,0.9372814626679069,0.9981053418434822,0.9664101205092013,527.5,0.1,0.03333333333333333,0.05,3.3,0.9982625352870009,0.9912416700666393,0.9946392862420833,171.7,1.0,0.9881713817138171,0.9939405328698223,270.6,0.8872712215320911,0.46591836734693876,0.5344599433865318,49.9,0.9959183673469388,0.933971088435374,0.9618073441023351,48.2
False,False,True,1000,"(1, 1)",False,false,False,0.9722759626238556,0.8797180637988605,0.8439544748230665,0.8499526291670254,0.968678964436446,0.9810422776148583,0.9744699380899512,527.5,0.515,0.4333333333333333,0.45968253968253975,3.3,0.9904124738515311,0.9988338093295253,0.9945471709684807,171.7,0.9981658047834518,0.9992606259395928,0.9987088180464181,270.6,0.8120919560482646,0.6739183673469388,0.6871181625245187,49.9,0.9939591836734696,0.9773384353741497,0.9851891456902445,48.2
False,False,True,1000,"(1, 1)",True,false,False,0.9698489345987152,0.8743156093699126,0.7916397103485434,0.8126003760651432,0.9533009551855445,0.9922265827151975,0.9720991819650555,527.5,0.4333333333333333,0.2666666666666667,0.31333333333333335,3.3,0.9988372093023254,0.9982524139806881,0.9985422591401891,171.7,0.9985454545454544,0.9992606259395928,0.9988970276268929,270.6,0.8660433705194845,0.5719183673469388,0.6372989739077252,49.9,0.9958333333333333,0.921513605442177,0.9554314804176632,48.2
False,False,True,1000,"(1, 1)",False,false,True,0.9677956505985479,0.8431061208913533,0.7630687252429669,0.7815680262020501,0.947632361009271,0.9935537778161118,0.9697550318673439,527.5,0.25,0.1,0.13999999999999999,3.3,0.9976944667201282,0.9965048279613763,0.997084463628512,171.7,0.9996323529411765,0.9907585075850758,0.9950998313539442,270.6,0.8678442113442113,0.5679183673469387,0.6270235134995039,49.9,0.9958333333333333,0.9296768707482993,0.9604453168629972,48.2
False,False,True,1000,"(1, 2)",False,false,False,0.9703154396086793,0.8851815222342523,0.8343207067508324,0.8451385645858878,0.9649181578901145,0.9802821861882582,0.9722080618223103,527.5,0.5583333333333333,0.4083333333333333,0.45499999999999996,3.3,0.9904397374105626,0.9988338093295253,0.9945568273171569,171.7,0.9992633492511395,0.9992606259395928,0.9992606234133294,270.6,0.8021345555203638,0.6419183673469389,0.6636985210365071,49.9,0.9960000000000001,0.9772959183673467,0.9861073539260232,48.2
False,False,True,1000,"(1, 2)",True,false,False,0.9701290466435332,0.8719150786614973,0.783184365405092,0.8060801849610835,0.9548084598942757,0.9916594790408831,0.972617159251055,527.5,0.4333333333333333,0.19999999999999998,0.2633333333333333,3.3,0.9982625352870009,0.9982524139806881,0.9982540892716351,171.7,0.9989051094890511,0.9992606259395928,0.9990791696438972,270.6,0.8501810339653224,0.5758775510204082,0.6408904505327319,49.9,0.9960000000000001,0.9340561224489796,0.962306907733848,48.2
False,False,True,1000,"(1, 2)",False,false,True,0.9687294445141241,0.821894308439988,0.7613893392866833,0.7743644474741165,0.9534290372316038,0.9899520585360243,0.9710423037341576,527.5,0.13333333333333333,0.06666666666666667,0.08333333333333333,3.3,0.9938180908425565,0.9982524139806881,0.995981361998908,171.7,1.0,0.9974087740877409,0.9986950489202414,270.6,0.8569503552188298,0.5758775510204082,0.6321405892683103,49.9,0.9938350340136056,0.9401785714285713,0.9649940475897486,48.2
False,False,True,1000,"(1, 3)",False,false,False,0.9710623179620107,0.8859296842995115,0.8369873135206177,0.8472130835117163,0.9664889961848226,0.9802818268069693,0.9730166409364711,527.5,0.5583333333333333,0.4083333333333333,0.45499999999999996,3.3,0.9904397374105626,0.9988338093295253,0.9945568273171569,171.7,0.9992633492511395,0.9992606259395928,0.9992606234133294,270.6,0.8070935059437417,0.6579183673469389,0.6763679833123686,49.9,0.9939591836734696,0.9772959183673467,0.9850764260909717,48.2
False,False,True,1000,"(1, 3)",True,false,False,0.9698491958972644,0.873231658052509,0.7830313845755277,0.8062137635733491,0.954624675585656,0.9912803317808061,0.9723326627088669,527.5,0.4333333333333333,0.19999999999999998,0.2633333333333333,3.3,0.9982625352870009,0.9982524139806881,0.9982540892716351,171.7,0.9989051094890511,0.9988902555692224,0.99889364088694,270.6,0.8583459272730728,0.5799183673469388,0.6445171321712513,49.9,0.9959183673469388,0.9298469387755102,0.959951723068067,48.2
False,False,True,1000,"(1, 3)",False,false,True,0.9690096436584584,0.8395620293003707,0.7672864937116117,0.7829220665330834,0.9534385835403805,0.9903312057961013,0.9712320608365917,527.5,0.225,0.1,0.1285714285714286,3.3,0.9938180908425565,0.9982524139806881,0.995981361998908,171.7,1.0,0.9970384037173705,0.9985060328538756,270.6,0.8691971340723494,0.5779183673469387,0.6370341482083732,49.9,0.9959183673469388,0.9401785714285713,0.9662073667293235,48.2
False,False,True,5000,"(1, 1)",False,false,False,0.9728360125144585,0.8853379739535221,0.8378898308814232,0.8470613685486642,0.9679003328982599,0.98369523029153,0.9753912347961846,527.5,0.5333333333333333,0.4083333333333333,0.44547619047619047,3.3,0.9898410832462556,0.9988338093295253,0.9942589913588634,171.7,0.9981658047834518,0.9992606259395928,0.9987088180464181,270.6,0.826787289459831,0.6619183673469389,0.6834339280261179,49.9,0.9960000000000001,0.975297619047619,0.9850990485882105,48.2
False,False,True,5000,"(1, 1)",True,false,False,0.9692888847081121,0.8746476241267486,0.7884959063382837,0.8105153912972776,0.9508502776589666,0.9933647432580068,0.9713485168633221,527.5,0.4333333333333333,0.2666666666666667,0.31333333333333335,3.3,0.9988372093023254,0.9964980280157759,0.9976520823194912,171.7,0.9989051094890511,0.9992606259395928,0.9990791696438972,270.6,0.8700414476298759,0.5639183673469388,0.6324475287525015,49.9,0.9959183673469388,0.911267006802721,0.9492317168711202,48.2
False,False,True,5000,"(1, 1)",False,false,True,0.9604204990453894,0.8328045586374099,0.7395063691225744,0.7628363709965216,0.9326424297772009,0.9950703668564198,0.9624980464479769,527.5,0.2,0.06666666666666667,0.1,3.3,0.9982591353142007,0.9842411260709912,0.9909286919517692,171.7,0.9996323529411765,0.9829971299712998,0.9910425255022124,270.6,0.8704601004585477,0.5238367346938775,0.5986189311300705,49.9,0.9958333333333333,0.8842261904761906,0.9339300309471001,48.2
False,False,True,5000,"(1, 2)",False,false,False,0.9730225796786376,0.8933037635533344,0.8491717823716968,0.8548523734540062,0.9664425289085024,0.9842644902535795,0.9749365664347364,527.5,0.5654761904761905,0.4833333333333333,0.49320346320346325,3.3,0.9887677714454931,0.9988338093295253,0.9937022546035136,171.7,0.9992633492511395,0.9992606259395928,0.9992606234133294,270.6,0.8438727412386798,0.6519999999999999,0.6818598789825021,49.9,0.9960000000000001,0.9773384353741497,0.9861514540864924,48.2
False,False,True,5000,"(1, 2)",True,false,False,0.9691952527279568,0.8783645019396598,0.7764003079404639,0.8026920810425213,0.9501082838686521,0.993744249899373,0.971167979549087,527.5,0.45,0.19999999999999998,0.27,3.3,0.9982625352870009,0.9982524139806881,0.9982540892716351,171.7,0.9992673992673993,0.9992606259395928,0.9992619813006701,270.6,0.8767154598815727,0.5558775510204081,0.6279988318962075,49.9,0.9958333333333333,0.9112670068027212,0.9494696042375284,48.2
False,False,True,5000,"(1, 2)",False,false,True,0.9645281122399207,0.8136033223930511,0.7379488401239709,0.7557383866077683,0.9389826033574259,0.9962074492553619,0.9664572445636408,527.5,0.05,0.03333333333333333,0.04,3.3,0.9988372093023254,0.9976710186318508,0.9982507139506849,171.7,1.0,0.9881700150334837,0.9939512742559031,270.6,0.8980554408474912,0.5239183673469388,0.5997386638335754,49.9,0.9957446808510639,0.8883928571428573,0.9360324230428055,48.2
False,False,True,5000,"(1, 3)",False,false,False,0.9727422934347869,0.8939106442410436,0.8496734147939715,0.855668968839393,0.9669329249708289,0.9833168017940315,0.97470407785408,527.5,0.5738095238095238,0.4833333333333333,0.497965367965368,3.3,0.9882188500279276,0.9988338093295253,0.9934206618755222,171.7,0.9992633492511395,0.9992606259395928,0.9992606234133294,270.6,0.8392392173868413,0.656,0.6825557280020347,49.9,0.9960000000000001,0.9772959183673467,0.9861073539260232,48.2
False,False,True,5000,"(1, 3)",True,false,False,0.9691019691458674,0.8777278071293674,0.7775894622923316,0.8031119798049826,0.9509408768815822,0.9927958426772469,0.9711403708385165,527.5,0.45,0.19999999999999998,0.27,3.3,0.9982625352870009,0.9982524139806881,0.9982540892716351,171.7,0.9989051094890511,0.9992606259395928,0.9990791696438972,270.6,0.8724249877852361,0.5618775510204082,0.6295819654307683,49.9,0.9958333333333333,0.9133503401360545,0.9506162836450773,48.2
False,False,True,5000,"(1, 3)",False,false,True,0.9646211345234612,0.8102908090356529,0.7431138495174834,0.7589330159106502,0.9405985174650253,0.9948802541544476,0.9666378825581747,527.5,0.05,0.03333333333333333,0.04,3.3,0.9988372093023254,0.9912382700938392,0.9949076054462859,171.7,1.0,0.9881700150334837,0.9939477869464948,270.6,0.8765644465955026,0.5439183673469389,0.610797592001164,49.9,0.9957446808510639,0.9071428571428571,0.947307228511782,48.2
False,False,False,1000,"(1, 1)",False,false,False,0.9718092834148585,0.8838174227718303,0.8499676770247679,0.8527815800499191,0.9673927301564728,0.98104155885228,0.9738156364305073,527.5,0.5321428571428571,0.4833333333333333,0.48796536796536805,3.3,0.9898508974968513,0.9988338093295253,0.9942623181424407,171.7,0.9985334518422754,0.9992606259395928,0.9988929801090333,270.6,0.8189845999925252,0.658,0.674413749890213,49.9,0.9960000000000001,0.9793367346938776,0.9873394277619514,48.2
False,False,False,1000,"(1, 1)",True,false,False,0.9705025293699571,0.8725821562691392,0.7923915183842716,0.8126492915800286,0.9541304295481629,0.993364743258007,0.9730677682736711,527.5,0.4333333333333333,0.2666666666666667,0.31333333333333335,3.3,0.9988372093023254,0.9976676186590507,0.9982472789780363,171.7,0.9992673992673993,0.9992606259395928,0.9992619813006701,270.6,0.8541798853125512,0.5759183673469387,0.6361623052125673,49.9,0.9957446808510639,0.9214710884353743,0.9558230823818927,48.2
False,False,False,1000,"(1, 1)",False,false,True,0.9677953892999988,0.8411720877843496,0.7641004255131231,0.7824934101156205,0.9482229360896524,0.9950696480938417,0.9707882090955348,527.5,0.25,0.1,0.13999999999999999,3.3,0.9976944667201282,0.990656874745002,0.994036335286266,171.7,1.0,0.9892824928249283,0.9945033650971785,270.6,0.8553704430452533,0.5820000000000001,0.6362703546141997,49.9,0.9957446808510639,0.927593537414966,0.9593621966005431,48.2
False,False,False,1000,"(1, 2)",False,false,False,0.9715295197681062,0.8969657760151735,0.836857398847026,0.8498486905592854,0.9664461913193587,0.9814207061123568,0.973603008972658,527.5,0.625,0.4083333333333333,0.4683333333333334,3.3,0.9898508974968513,0.9988338093295253,0.9942623181424407,171.7,0.9992633492511395,0.9992606259395928,0.9992606234133294,270.6,0.8052342180236918,0.6519183673469389,0.6752846598021744,49.9,0.9960000000000001,0.9813775510204081,0.988348199691776,48.2
False,False,False,1000,"(1, 2)",True,false,False,0.9671441462157002,0.8689072531296415,0.7906968368322421,0.811632685271167,0.9489259856585542,0.9924174141797482,0.969855067906629,527.5,0.4333333333333333,0.2666666666666667,0.31333333333333335,3.3,0.9988372093023254,0.9982524139806881,0.9985422591401891,171.7,0.9992673992673993,0.9870384037173704,0.992753105561025,270.6,0.8371612238692985,0.5658775510204082,0.632519703057725,49.9,0.9959183673469388,0.9339285714285713,0.9627926426281006,48.2
False,False,False,1000,"(1, 2)",False,false,True,0.9696627158326017,0.8191163380946849,0.7637856466177306,0.7779605246026108,0.9546661118790096,0.9907089155310217,0.9721146839472409,527.5,0.13333333333333333,0.06666666666666667,0.08333333333333333,3.3,0.9938180908425565,0.9976676186590507,0.9956847015459761,171.7,1.0,0.9974087740877409,0.9986950489202414,270.6,0.839087975506408,0.5818775510204082,0.648038222381151,49.9,0.9937925170068029,0.9483843537414967,0.9698971574877222,48.2
False,False,False,1000,"(1, 3)",False,false,False,0.9709694698775033,0.8934730968992147,0.8296212278390331,0.8446628792436555,0.9657552166771035,0.9814203467310678,0.9732375413344652,527.5,0.625,0.375,0.44833333333333336,3.3,0.9898508974968513,0.9988338093295253,0.9942623181424407,171.7,0.9996323529411765,0.9992606259395928,0.9994454662968785,270.6,0.7866001142801562,0.6439183673469389,0.6664355456686604,49.9,0.9940000000000001,0.9792942176870749,0.9862630706861543,48.2
False,False,False,1000,"(1, 3)",True,false,False,0.9671441462157002,0.8704706041234347,0.7907273064549044,0.8123009865962165,0.949405280464555,0.9922280202403542,0.9700200493298791,527.5,0.4333333333333333,0.2666666666666667,0.31333333333333335,3.3,0.9988372093023254,0.9988338093295253,0.9988338043296936,171.7,0.9992673992673993,0.9870384037173704,0.992753105561025,270.6,0.8460620350260571,0.5719183673469388,0.6396439062270595,49.9,0.9959183673469388,0.9276785714285714,0.9592217207963092,48.2
False,False,False,1000,"(1, 3)",False,false,True,0.969942914976936,0.8195470572519191,0.7645053405724633,0.7778750467436556,0.9555742021637748,0.9908993876142832,0.9726675702771337,527.5,0.125,0.06666666666666667,0.07857142857142858,3.3,0.9938180908425565,0.9982490140078879,0.9959762467354805,171.7,1.0,0.9970384037173705,0.9985060328538756,270.6,0.8469716831582452,0.5899183673469388,0.6529432985315339,49.9,0.9959183673469388,0.9442602040816326,0.9685857034924814,48.2
False,False,False,5000,"(1, 1)",False,false,False,0.9732093210418495,0.8975125175448365,0.847101564890765,0.8539351390371296,0.9660381635001155,0.9859690357081249,0.9755500670719801,527.5,0.5821428571428571,0.4833333333333333,0.497965367965368,3.3,0.9898410832462556,0.9988338093295253,0.9942589913588634,171.7,0.9985334518422754,0.9992606259395928,0.9988929801090333,270.6,0.8525195495375163,0.6399999999999999,0.6717535893546106,49.9,0.9960000000000001,0.9752125850340135,0.985189838362922,48.2
False,False,False,5000,"(1, 1)",True,false,False,0.9693826037877837,0.877092076482438,0.7871436313506703,0.8098850655001811,0.9503439903152401,0.9941223190155826,0.9714185215501805,527.5,0.45,0.2666666666666667,0.32,3.3,0.9988372093023254,0.9976676186590507,0.9982472789780363,171.7,0.9992673992673993,0.9992606259395928,0.9992619813006701,270.6,0.8682705266763296,0.5559183673469388,0.6226642278994992,49.9,0.9958333333333333,0.9092261904761905,0.9477183832727007,48.2
False,False,False,5000,"(1, 1)",False,false,True,0.961261009378876,0.8699404073960431,0.7561964261135364,0.7845788946950396,0.9330914799552966,0.9956385486746017,0.9629823877059742,527.5,0.4,0.16666666666666666,0.22999999999999998,3.3,0.9994186046511627,0.9895008839929279,0.9943629252411705,171.7,1.0,0.9815170151701516,0.9904865116899655,270.6,0.8913876789187348,0.5258367346938775,0.6000116129449671,49.9,0.9957446808510639,0.8780187074829933,0.9296299305881603,48.2
False,False,False,5000,"(1, 2)",False,false,False,0.9736760002508467,0.9074284242577771,0.8496873197205561,0.8580473953880381,0.9672076049316182,0.9854019320338108,0.9758774990959009,527.5,0.6404761904761905,0.4833333333333333,0.5093939393939394,3.3,0.987127174849174,0.9988338093295253,0.9928558534066984,171.7,0.9992633492511395,0.9992606259395928,0.9992606234133294,270.6,0.8544962260385406,0.6519999999999999,0.6836232853221044,49.9,0.9960000000000001,0.9792942176870749,0.9872731716962553,48.2
False,False,False,5000,"(1, 2)",True,false,False,0.9695687354543807,0.8747551343874012,0.7765123982311255,0.8030142098489896,0.9506888252200956,0.9945018256569489,0.9718337268666792,527.5,0.45,0.19999999999999998,0.27,3.3,0.9988372093023254,0.9982524139806881,0.9985422591401891,171.7,0.9992673992673993,0.9992606259395928,0.9992619813006701,270.6,0.8539040392012527,0.5579183673469388,0.6298925865669135,49.9,0.9958333333333333,0.9091411564625851,0.9485547052194854,48.2
False,False,False,5000,"(1, 2)",False,false,True,0.9635944925233776,0.802834313613376,0.7378921932954714,0.7548091533780956,0.9393724592889325,0.9958275832327065,0.9664646645580435,527.5,0.05,0.03333333333333333,0.04,3.3,0.9988372093023254,0.992407860737114,0.9955319208898785,171.7,1.0,0.9874306409730764,0.9935659880464993,270.6,0.8331440391759541,0.5319591836734694,0.5985861329561816,49.9,0.9956521739130435,0.8863945578231294,0.9347062138179709,48.2
False,False,False,5000,"(1, 3)",False,false,False,0.9736762615493959,0.9076737639399812,0.85001680527822,0.8580140507945158,0.9670456475390529,0.9852121787131276,0.9756881825343724,527.5,0.6404761904761905,0.4833333333333333,0.5093939393939394,3.3,0.987127174849174,0.9988338093295253,0.9928574625080012,171.7,0.9992633492511395,0.9992606259395928,0.9992606234133294,270.6,0.8561302215243313,0.65,0.6814832656467295,49.9,0.9960000000000001,0.9834608843537416,0.9894008312707234,48.2
False,False,False,5000,"(1, 3)",True,false,False,0.9701291337430495,0.8741377235154264,0.7791501707399335,0.8043769821687213,0.9523744445451117,0.9941226783968717,0.9725361590415031,527.5,0.45,0.19999999999999998,0.27,3.3,0.9988372093023254,0.9982524139806881,0.9985422591401891,171.7,0.9992673992673993,0.9992606259395928,0.9992619813006701,270.6,0.8485139546443893,0.5659183673469388,0.6322217801693896,49.9,0.9958333333333333,0.9173469387755102,0.953699713360576,48.2
False,False,False,5000,"(1, 3)",False,false,True,0.9651813586130971,0.8089010235875529,0.7440449351238787,0.759671698433375,0.9415118144757118,0.9952597607958138,0.9672909633728484,527.5,0.05,0.03333333333333333,0.04,3.3,0.9988372093023254,0.9924044607643138,0.9955122514322747,171.7,1.0,0.9881700150334837,0.9939477869464948,270.6,0.8673124368962171,0.5479591836734694,0.6142555467953411,49.9,0.9957446808510639,0.9071428571428571,0.9470236420532908,48.2
