Lower Case,Remove Stop Words,Stem,Max Features,N-gram Range,TF,IDF,TFIDF,Accuracy,Precision,Recall,F1-Score,Functional-Method Precision,Functional-Method Recall,Functional-Method F1-Score,Functional-Method Support,Functional-Module Precision,Functional-Module Recall,Functional-Module F1-Score,Functional-Module Support,Functional-Inline Precision,Functional-Inline Recall,Functional-Inline F1-Score,Functional-Inline Support,Code Precision,Code Recall,Code F1-Score,Code Support,IDE Precision,IDE Recall,IDE F1-Score,IDE Support,General Precision,General Recall,General F1-Score,General Support,Notice Precision,Notice Recall,Notice F1-Score,Notice Support,ToDo Precision,ToDo Recall,ToDo F1-Score,ToDo-Support
True,True,True,1000,"(1, 1)",False,false,False,0.9047799343618046,0.8200089720016841,0.7999223017979438,0.8016086254388682,0.9503898515332289,0.9268055739880557,0.9375578211029639,274.7,0.672652959425984,0.6468047825190683,0.652563793395671,98.8,0.7633283589653214,0.8389610389610389,0.7973004141091157,154.0,0.465,0.3833333333333333,0.403015873015873,3.3,0.9858749924501101,0.9988372093023254,0.9922499325674418,171.7,0.9992633492511395,0.9992606259395928,0.9992606234133294,270.6,0.7275622643876888,0.622,0.6415204073085045,49.9,0.9960000000000001,0.9833758503401361,0.9894001385980458,48.2
True,True,True,1000,"(1, 1)",True,false,False,0.9045931058990762,0.8235403676616497,0.7795942573695996,0.7871941689115033,0.9469612690531604,0.9351745189117452,0.9405003923040957,274.7,0.6792223181614611,0.6833127190270047,0.6728425810890287,98.8,0.7518287861138508,0.8344155844155846,0.7879744337096072,154.0,0.4666666666666666,0.2833333333333333,0.3371428571428572,3.3,0.9943712962260651,0.9988372093023254,0.9965514901034803,171.7,0.997796811032105,0.9992606259395928,0.9985253406149385,270.6,0.7555574266929492,0.546,0.5889138185642314,49.9,0.9959183673469388,0.9564200680272108,0.9751024377637872,48.2
True,True,True,1000,"(1, 1)",False,false,True,0.9010458909932133,0.8133152194887472,0.7696447789502914,0.7758880628270445,0.9365737148004651,0.9348082282680823,0.9351041312873057,274.7,0.682904048709838,0.6711502782931353,0.6681319044819789,98.8,0.7371964555678236,0.8350649350649352,0.7798511647636948,154.0,0.4,0.225,0.27,3.3,0.9971164320380472,0.9970896232830138,0.997089588718201,171.7,0.9992492111787243,0.9914992483258166,0.9952952810219274,270.6,0.7576485602817457,0.5439999999999999,0.5851610966921127,49.9,0.9958333333333333,0.9585459183673469,0.9764713356511358,48.2
True,True,True,1000,"(1, 2)",False,false,False,0.9048722598492134,0.8316871388032115,0.8099553196973537,0.8117601688905791,0.9608902820097066,0.9253457199734573,0.9417573467329934,274.7,0.6766119540478138,0.643805400948258,0.6518230916576655,98.8,0.7509793611891871,0.8422077922077923,0.7920080659043556,154.0,0.55,0.45,0.47603174603174603,3.3,0.9881229568138062,0.9936046511627905,0.9907006311112301,171.7,1.0,0.9992606259395928,0.9996296283594936,270.6,0.7308925563651782,0.6419999999999999,0.6526866025686352,49.9,0.9960000000000001,0.9834183673469388,0.989444238758515,48.2
True,True,True,1000,"(1, 2)",True,false,False,0.9055259417199716,0.7964348513454964,0.7752857561876627,0.7765017213382587,0.9652458627384167,0.9355341738553419,0.9495143045176488,274.7,0.6670387916640184,0.683323026180169,0.6661406298821222,98.8,0.7510712388950083,0.82987012987013,0.7853947233050858,154.0,0.26666666666666666,0.21666666666666665,0.23714285714285718,3.3,0.9937999056207897,0.9988372093023254,0.9962633104938631,171.7,0.9981617647058822,0.9992606259395928,0.9987088256111469,270.6,0.7334945804731887,0.572,0.598129593098903,49.9,0.9960000000000001,0.966794217687075,0.9807195266544421,48.2
True,True,True,1000,"(1, 2)",False,false,True,0.901325132042867,0.7985821216555846,0.7691246462638988,0.7729533819860305,0.955085489335828,0.9369900464499004,0.9452604901413627,274.7,0.6637106762158754,0.6620387548958978,0.6544706608339131,98.8,0.7376932034043019,0.8246753246753247,0.7762325500881396,154.0,0.3,0.19166666666666665,0.22000000000000003,3.3,0.992092302611663,0.9930232558139535,0.9923903597326996,171.7,0.9996323529411765,0.9937255705890392,0.9966226638132396,270.6,0.7464837650623629,0.5820000000000001,0.6177895712873371,49.9,0.9939591836734696,0.9688775510204082,0.9808607599915516,48.2
True,True,True,1000,"(1, 3)",False,false,False,0.9015110895104312,0.8201208684097795,0.7969854954869795,0.7999298536710863,0.9614335644785432,0.9246171201061711,0.9416890728093368,274.7,0.6725554556693041,0.6407750979179551,0.6462242514419254,98.8,0.7457220539310815,0.8344155844155843,0.7852934979230847,154.0,0.5166666666666666,0.39166666666666666,0.43,3.3,0.9886718782313716,0.9936046511627905,0.9909822238392214,171.7,0.9996323529411765,0.9992606259395928,0.9994454662968785,270.6,0.6823257916866223,0.6019183673469388,0.6141399117872404,49.9,0.9939591836734696,0.9896258503401361,0.9916644052710033,48.2
True,True,True,1000,"(1, 3)",True,false,False,0.901137345485458,0.7910439277455563,0.7682770598268067,0.770443786003111,0.9637269895567068,0.9351705374917054,0.9486188147853097,274.7,0.6565920540475431,0.6661100803957948,0.6510926247933887,98.8,0.7430268999487358,0.8272727272727274,0.7797099020325469,154.0,0.26666666666666666,0.21666666666666665,0.23714285714285718,3.3,0.9921458773784355,0.9930232558139535,0.9924017734964006,171.7,0.9988943355119826,0.9992606259395928,0.9990764626208503,270.6,0.7112985988543798,0.5419183673469388,0.5747883264990934,49.9,0.9960000000000001,0.966794217687075,0.9807195266544421,48.2
True,True,True,1000,"(1, 3)",False,false,True,0.9008581044358042,0.7970519772391814,0.7664243090149758,0.7705341236155565,0.9581015359196965,0.9369887193098873,0.9467748385420712,274.7,0.6561892004248376,0.6751700680272108,0.6559221354757775,98.8,0.7414886222968173,0.824025974025974,0.7777481882533867,154.0,0.3,0.19166666666666665,0.22000000000000003,3.3,0.9932658959537572,0.9930232558139535,0.9929731738427392,171.7,0.9996323529411765,0.9937255705890392,0.9966226638132396,270.6,0.733779026703696,0.55,0.5943977244708024,49.9,0.9939591836734696,0.966794217687075,0.9798342645264352,48.2
True,True,True,5000,"(1, 1)",False,false,False,0.9075806193124016,0.820216131384995,0.7966551049805971,0.7992417007512951,0.9489673934224403,0.933717319177173,0.9404720649866605,274.7,0.6979197675108303,0.6599773242630386,0.6716627322848441,98.8,0.7633846177713742,0.8441558441558442,0.7995569397008192,154.0,0.44000000000000006,0.35,0.37444444444444447,3.3,0.9858783531168663,0.9988372093023254,0.9922499374805727,171.7,0.9992633492511395,0.9992606259395928,0.9992606234133294,270.6,0.7303155700073098,0.606,0.6279393566805915,49.9,0.9960000000000001,0.9812925170068028,0.9883475070190985,48.2
True,True,True,5000,"(1, 1)",True,false,False,0.9042198844712015,0.8152621215817344,0.7714045371390847,0.777648059845893,0.9505939558373733,0.9351705374917053,0.94219743513976,274.7,0.6757861578827901,0.6893630179344465,0.6731359743451769,98.8,0.7467705369100296,0.8337662337662337,0.7846399234589183,154.0,0.4,0.225,0.27,3.3,0.9932185875286595,0.9982558139534883,0.9956802150303294,171.7,0.9985293818382054,0.9992606259395928,0.9988929776246419,270.6,0.7612799853098792,0.534,0.5813896451108179,49.9,0.9959183673469388,0.9564200680272108,0.975248308057499,48.2
True,True,True,5000,"(1, 1)",False,false,True,0.8995523955850999,0.8022955798275946,0.7623125589766074,0.7673329110355125,0.939127382648891,0.9318978102189781,0.9347794826050506,274.7,0.6766383012084535,0.6782106782106784,0.6675435778118871,98.8,0.7329524829379638,0.8318181818181818,0.7763543449107038,154.0,0.3,0.19166666666666665,0.22000000000000003,3.3,0.9926471969233841,0.9889534883720928,0.9904865087944354,171.7,0.9996323529411765,0.9977818778187784,0.9987019654655885,270.6,0.7814485546139499,0.5279591836734694,0.578976253054658,49.9,0.9959183673469388,0.9502125850340134,0.971821155641776,48.2
True,True,True,5000,"(1, 2)",False,false,False,0.9091671370040555,0.8207989615430726,0.8001397417814783,0.8015593356650909,0.962564161697388,0.932258792302588,0.9462543011583516,274.7,0.7047457495498282,0.6579880437023293,0.6720078740207273,98.8,0.7533732170232338,0.8506493506493508,0.7971012054069261,154.0,0.44000000000000006,0.35,0.37444444444444447,3.3,0.9875803843821599,0.9994186046511627,0.9934045030558549,171.7,0.9996323529411765,0.9992606259395928,0.9994454662968785,270.6,0.7224958267507942,0.6239999999999999,0.6381741894104355,49.9,0.9960000000000001,0.9875425170068027,0.9916427015271075,48.2
True,True,True,5000,"(1, 2)",True,false,False,0.9072060913917808,0.8031854968112262,0.7720376887788809,0.775122006956012,0.9658194972384646,0.9366250829462508,0.9504231672566755,274.7,0.6805371037301083,0.6863533292104721,0.6749104079765251,98.8,0.7421091051294617,0.8448051948051948,0.7868501832352692,154.0,0.3,0.19166666666666665,0.22000000000000003,3.3,0.9943712962260651,0.9988372093023254,0.9965514901034803,171.7,0.9996323529411765,0.9992606259395928,0.9994454662968785,270.6,0.7470146192245334,0.554,0.5932285746186214,49.9,0.9960000000000001,0.9647534013605442,0.979566766160646,48.2
True,True,True,5000,"(1, 2)",False,false,True,0.9029127820282342,0.8046098953346597,0.7656483387260654,0.7698431123357233,0.9487531124216682,0.9369927007299269,0.9420840745696598,274.7,0.6798028401633797,0.6903731189445474,0.6760053208869059,98.8,0.7292911486679394,0.8383116883116883,0.7774955736047036,154.0,0.3,0.19166666666666665,0.22000000000000003,3.3,0.9994186046511627,0.997093023255814,0.9982472940657638,171.7,0.9996323529411765,0.9926185595189285,0.996040514946389,270.6,0.786064437165283,0.5299591836734694,0.5793478176610097,49.9,0.9939166666666666,0.9481717687074829,0.9695243029513545,48.2
True,True,True,5000,"(1, 3)",False,false,False,0.9102868883871957,0.822181088098894,0.8019640161052312,0.8033623258426346,0.9635466263591634,0.9329873921698738,0.9471696888293415,274.7,0.7037066660271695,0.655957534528963,0.6706431447962327,98.8,0.7571695943822293,0.8545454545454545,0.8007973723118835,154.0,0.44000000000000006,0.35,0.37444444444444447,3.3,0.9875803843821599,0.9994186046511627,0.9934045030558549,171.7,0.9996323529411765,0.9992606259395928,0.9994454662968785,270.6,0.7298130806992547,0.636,0.6493512854793326,49.9,0.9960000000000001,0.9875425170068027,0.9916427015271075,48.2
True,True,True,5000,"(1, 3)",True,false,False,0.9072065268893628,0.8024593726623775,0.7725418825018247,0.7751650783007131,0.962965120425649,0.9366250829462508,0.9490230972771283,274.7,0.6831629462657627,0.689383632240775,0.6778622169883557,98.8,0.7461230906452748,0.8415584415584416,0.7879336258496907,154.0,0.3,0.19166666666666665,0.22000000000000003,3.3,0.9943712962260651,0.9988372093023254,0.9965514901034803,171.7,0.9988997522085757,0.9992606259395928,0.9990778192380549,270.6,0.7381527755276943,0.552,0.5879794493412211,49.9,0.9960000000000001,0.9710034013605442,0.9828929276077731,48.2
True,True,True,5000,"(1, 3)",False,false,True,0.8999250073163594,0.799542344123672,0.7596991852793946,0.7652589119442995,0.9473492393132329,0.9366277372262772,0.9411864426170578,274.7,0.6707279528032047,0.6751803751803751,0.6626963691469099,98.8,0.7250564349804755,0.8350649350649352,0.7730293491910986,154.0,0.3,0.15833333333333333,0.2,3.3,0.9988405699690818,0.9918570651434788,0.9952406459539265,171.7,0.9996323529411765,0.9900232335656689,0.9947280841420483,270.6,0.7608155363155363,0.5339591836734694,0.5809690154896126,49.9,0.9939166666666666,0.956547619047619,0.9742213890137427,48.2
True,True,False,1000,"(1, 1)",False,false,False,0.9106609808102346,0.8370977067054488,0.8129232923097203,0.8151778150048781,0.9603012596470342,0.9311758460517584,0.9449895339790342,274.7,0.7156699327138115,0.6762007833436405,0.6874947935566179,98.8,0.7634417350176251,0.8564935064935065,0.8047565180565417,154.0,0.5416666666666666,0.45,0.47523809523809524,3.3,0.987573663048647,0.9988372093023254,0.9931112726624407,171.7,0.9996323529411765,0.9992606259395928,0.9994454662968785,270.6,0.734536859935159,0.6079999999999999,0.6279735293259541,49.9,0.9939591836734696,0.9834183673469388,0.9884133109234634,48.2
True,True,False,1000,"(1, 1)",True,false,False,0.9102872367852614,0.8176441351950059,0.7830731750958156,0.7877772610199345,0.9532553387971585,0.9369940278699402,0.9446055120624525,274.7,0.7096990796695205,0.6985260770975057,0.695577239064262,98.8,0.7586068004431499,0.8545454545454547,0.8004202297762945,154.0,0.36666666666666664,0.25,0.2871428571428572,3.3,0.9932350451938603,0.9982558139534883,0.9956835417296899,171.7,0.9992619825708061,0.9992606259395928,0.9992606246834654,270.6,0.7645098008719476,0.556,0.5964888259853136,49.9,0.9959183673469388,0.9710034013605442,0.9830392577151412,48.2
True,True,False,1000,"(1, 1)",False,false,True,0.909260420586145,0.8208819202636013,0.7773725634097756,0.7834226355636466,0.9476636002808629,0.9409966821499669,0.9438915184141627,274.7,0.7126923072536476,0.702576788291074,0.7002170192470725,98.8,0.7519077323532808,0.8623376623376625,0.800615578397285,154.0,0.4,0.225,0.27,3.3,0.9977043189368769,0.9906908744730041,0.9940598130220943,171.7,0.9996296296296296,0.9948325816591499,0.9971806358026845,270.6,0.7616244403211786,0.5419591836734694,0.5839222404496714,49.9,0.9958333333333333,0.9605867346938777,0.9774942791762016,48.2
True,True,False,1000,"(1, 2)",False,false,False,0.9116875357108019,0.8394100472334441,0.8109649182807598,0.8153880737127821,0.9670464621278747,0.9308055739880556,0.9479683767930862,274.7,0.7171773316687381,0.6782106782106783,0.688685948450554,98.8,0.7662456849581775,0.8655844155844157,0.8102053155250367,154.0,0.5666666666666667,0.41666666666666663,0.46333333333333326,3.3,0.9887043521626435,0.9936046511627905,0.9909921763007346,171.7,0.9996323529411765,0.9992606259395928,0.9994454662968785,270.6,0.7138075273422769,0.6139183673469388,0.6297569361526814,49.9,0.9960000000000001,0.9896683673469389,0.9927170368499508,48.2
True,True,False,1000,"(1, 2)",True,false,False,0.9119670380590048,0.8045686547960962,0.7821312329354442,0.7840726409158503,0.968332609603243,0.9366250829462508,0.9516979174923927,274.7,0.7184327697738688,0.7035765821480108,0.702747517678748,98.8,0.757115536077605,0.864935064935065,0.8047680872651881,154.0,0.26666666666666666,0.21666666666666665,0.23714285714285718,3.3,0.9921264367816092,0.9930232558139535,0.9923984900863514,171.7,0.9985294117647058,0.9992606259395928,0.9988929876737622,270.6,0.7393458077010708,0.5699183673469388,0.6008422711744037,49.9,0.9960000000000001,0.9730442176870749,0.9840909988130996,48.2
True,True,False,1000,"(1, 2)",False,false,True,0.9101003212230167,0.7959721336691233,0.7646545664996299,0.7673006772332006,0.9597091923243068,0.9413563370935634,0.9499080662341617,274.7,0.7141224662521386,0.6954236239950526,0.6971723510037127,98.8,0.7529293659565861,0.8603896103896105,0.8000517067793407,154.0,0.2,0.09166666666666666,0.12000000000000002,3.3,0.9909755314517884,0.992438460492316,0.991529036033862,171.7,1.0,0.9948325816591499,0.9973654774160975,270.6,0.7540405133681676,0.5639183673469388,0.5960676150728428,49.9,0.9960000000000001,0.9772108843537414,0.9863111653255879,48.2
True,True,False,1000,"(1, 3)",False,false,False,0.9058068376604375,0.8227772855655022,0.7931718508502087,0.7984476311802051,0.965651731146717,0.9297133377571333,0.9466797797446487,274.7,0.6940896873874711,0.6611008039579468,0.6680910329791916,98.8,0.7466274425866262,0.8603896103896105,0.7973239768649457,154.0,0.4666666666666666,0.3333333333333333,0.37666666666666665,3.3,0.9914485190299,0.9819495444036448,0.9863509562435839,171.7,0.9996323529411765,0.9992606259395928,0.9994454662968785,270.6,0.7221018847654603,0.5879183673469388,0.6192752059607233,49.9,0.9960000000000001,0.9917091836734695,0.9937479646850024,48.2
True,True,False,1000,"(1, 3)",True,false,False,0.9093537041682346,0.8020228175937785,0.7785794913775816,0.7814211763788509,0.9676226799460175,0.9355315195753151,0.9507630956460478,274.7,0.7067179370473389,0.6934446505875076,0.6916271280723513,98.8,0.7480795952160952,0.8525974025974028,0.7938349474034152,154.0,0.26666666666666666,0.21666666666666665,0.23714285714285718,3.3,0.9921458773784355,0.9982558139534883,0.9951202814780663,171.7,0.9992619825708061,0.9992606259395928,0.9992606246834654,270.6,0.7396878019248689,0.5619183673469388,0.6006306419008551,49.9,0.9960000000000001,0.9709608843537414,0.9829898347037481,48.2
True,True,False,1000,"(1, 3)",False,false,True,0.9058996857449448,0.8036260097094502,0.7637186519520276,0.7698667165442428,0.9607581485130942,0.9333523556735235,0.9463313501358144,274.7,0.7061365623873762,0.689383632240775,0.6888647786726583,98.8,0.7418716357888796,0.8551948051948053,0.7915067444460688,154.0,0.3,0.125,0.17,3.3,0.9915615763546798,0.9930232558139535,0.9921119714543112,171.7,1.0,0.9948325816591499,0.9973654774160975,270.6,0.7326801546315728,0.5459183673469388,0.5886168961176954,49.9,0.9960000000000001,0.9730442176870749,0.9841365141112972,48.2
True,True,False,5000,"(1, 1)",False,false,False,0.9154223629750409,0.832257391785722,0.8031228162245727,0.8070239382257094,0.9575543848938578,0.936264100862641,0.9462542945045442,274.7,0.7319737896674254,0.6873840445269017,0.7022320589734261,98.8,0.772974323614438,0.8818181818181818,0.8216294991690738,154.0,0.45,0.35,0.38,3.3,0.9881550583974843,0.9988372093023254,0.9934028178519452,171.7,0.9992633492511395,0.9992606259395928,0.9992606234133294,270.6,0.7641790447879613,0.588,0.6249989009698927,49.9,0.9939591836734696,0.9834183673469388,0.9884133109234634,48.2
True,True,False,5000,"(1, 1)",True,false,False,0.91103394093956,0.8257939365402198,0.7800458507557929,0.7853360590806672,0.9564451079300103,0.9358978102189781,0.9455365640214429,274.7,0.7056656210983664,0.7086683158111728,0.6981190786482656,98.8,0.7577491292601477,0.8597402597402597,0.8018491444677356,154.0,0.4,0.225,0.27,3.3,0.9937932615439842,0.9988372093023254,0.9962616350310165,171.7,0.9996296296296296,0.9992606259395928,0.9994447867460806,270.6,0.7991911918392114,0.5419591836734694,0.5894689338507069,49.9,0.9938775510204081,0.9710034013605442,0.9820083298800897,48.2
True,True,False,5000,"(1, 1)",False,false,True,0.9079539278397928,0.8113370202395211,0.7689448923307636,0.7732026185953712,0.9478657626729315,0.9388122096881221,0.9427474004980428,274.7,0.7013288881914178,0.6995877138734281,0.691783073100394,98.8,0.7485684818416727,0.8629870129870131,0.7989827440698087,154.0,0.3,0.19166666666666665,0.22000000000000003,3.3,0.9932350451938603,0.9918536651706786,0.9923945445916574,171.7,1.0,0.9985226185595188,0.9992592579891232,270.6,0.8058629500026806,0.5179591836734694,0.5698096069256104,49.9,0.9938350340136054,0.9501700680272108,0.9706443215883335,48.2
True,True,False,5000,"(1, 2)",False,false,False,0.9175690176568141,0.8467670277191506,0.8173255491889357,0.8210525838885923,0.9670638849084264,0.9366264100862642,0.9510274187194202,274.7,0.736295886427099,0.686353329210472,0.7041548838278163,98.8,0.7706376869962765,0.8896103896103895,0.8240257633982313,154.0,0.5533333333333333,0.4416666666666666,0.47603174603174603,3.3,0.9870219428237184,0.9994186046511627,0.9931196310826195,171.7,0.9996323529411765,0.9992606259395928,0.9994454662968785,270.6,0.7641511343231736,0.596,0.6278987249020754,49.9,0.9960000000000001,0.9896683673469389,0.9927170368499508,48.2
True,True,False,5000,"(1, 2)",True,false,False,0.9127145261089511,0.81208859735447,0.7786707096830857,0.7804239892719667,0.9712118331662178,0.9369860650298607,0.9532586115185137,274.7,0.7076967520997676,0.7116573902288187,0.700335814400334,98.8,0.7538203623557184,0.8642857142857142,0.801511958814954,154.0,0.3,0.19166666666666665,0.22000000000000003,3.3,0.9926978273868846,0.9982558139534883,0.9954051776776345,171.7,0.9996323529411765,0.9992606259395928,0.9994454662968785,270.6,0.777690467212526,0.5479591836734694,0.5871490080377576,49.9,0.9939591836734692,0.9792942176870749,0.986285877429661,48.2
True,True,False,5000,"(1, 2)",False,false,True,0.9087007190936077,0.8076029587405031,0.7702717907905438,0.7740052343866559,0.9587519671362414,0.9409940278699404,0.9492313192690703,274.7,0.7134755838789917,0.7076066790352504,0.7006326003724508,98.8,0.737872460111604,0.8655844155844156,0.7938878665962308,154.0,0.3,0.19166666666666665,0.22000000000000003,3.3,0.9976978273868845,0.9912756697946415,0.9943333279842796,171.7,1.0,0.9948325816591499,0.9973654774160975,270.6,0.7590666477368341,0.5199591836734694,0.5659873363265581,49.9,0.9939591836734692,0.9502551020408163,0.9706039471285605,48.2
True,True,False,5000,"(1, 3)",False,false,False,0.9166354850397871,0.840222064946819,0.8133569602382039,0.8160901058224072,0.9656068611522064,0.9369900464499004,0.9505345159363878,274.7,0.7345303461357369,0.6883838383838384,0.7038824648077274,98.8,0.7721918382913631,0.8824675324675324,0.8215468131104913,154.0,0.5166666666666666,0.41666666666666663,0.44666666666666666,3.3,0.9870219428237184,0.9994186046511627,0.9931196310826195,171.7,0.9996323529411765,0.9992606259395928,0.9994454662968785,270.6,0.7501265115636828,0.594,0.6208082518285349,49.9,0.9960000000000001,0.9896683673469389,0.9927170368499508,48.2
True,True,False,5000,"(1, 3)",True,false,False,0.9125276976462228,0.8110044776958085,0.7783663307587873,0.7805139988869826,0.9683769639878989,0.9380809555408096,0.9524685440851253,274.7,0.7096512632953976,0.7035868893011752,0.6983644235247116,98.8,0.7527590708415655,0.8642857142857142,0.801542746914019,154.0,0.3,0.19166666666666665,0.22000000000000003,3.3,0.9932185875286595,0.9988372093023254,0.9959734651624625,171.7,0.9996323529411765,0.9992606259395928,0.9994454662968785,270.6,0.7683975829717709,0.5539591836734694,0.5900529453462326,49.9,0.9960000000000001,0.9772534013605443,0.9862643997664309,48.2
True,True,False,5000,"(1, 3)",False,false,True,0.908700370695542,0.7966137453262825,0.7606694755135456,0.7632707429057377,0.9581097693395672,0.9409953550099537,0.94903283590948,274.7,0.7160224252738971,0.7045763760049474,0.7018666468418623,98.8,0.7372073086062603,0.8655844155844157,0.7929317362708647,154.0,0.2,0.09166666666666666,0.12000000000000002,3.3,0.9976978273868845,0.992438460492316,0.9949575171281063,171.7,1.0,0.9911302446357798,0.9954708977449063,270.6,0.7678726320036502,0.5299591836734694,0.5701327359795648,49.9,0.9960000000000001,0.9690051020408162,0.9817735733711176,48.2
True,False,True,1000,"(1, 1)",False,false,False,0.9134614915617989,0.8334546706716844,0.8213130701905695,0.8203131011371088,0.9500816192934968,0.9286303915063039,0.9384906230148466,274.7,0.7122998721903923,0.6994331065759638,0.6980254052999373,98.8,0.7918243425200482,0.8435064935064936,0.8139899166727773,154.0,0.45499999999999996,0.4416666666666666,0.43944444444444447,3.3,0.9909161851320241,0.9988372093023254,0.9948156863680582,171.7,0.9996323529411765,0.9992606259395928,0.9994454662968785,270.6,0.774010652870805,0.6799183673469388,0.6920293193948288,49.9,0.9938723404255321,0.9792517006802722,0.9862639476050996,48.2
True,False,True,1000,"(1, 1)",True,false,False,0.9159828483632261,0.8436849081036494,0.8123874846389413,0.8179522990428317,0.9508036574576731,0.936269409422694,0.9428996922290495,274.7,0.7187963473755743,0.7480004122861266,0.7254495892173491,98.8,0.7873738818941187,0.8337662337662339,0.8066811863820755,154.0,0.475,0.375,0.40499999999999997,3.3,0.9982625352870009,0.9988372093023254,0.9985473493167308,171.7,0.9981644580909286,0.9992606259395928,0.9987095026775537,270.6,0.8250783847238994,0.6618775510204081,0.697361511581607,49.9,0.9960000000000001,0.9460884353741497,0.9689695609382877,48.2
True,False,True,1000,"(1, 1)",False,false,True,0.9119679090541691,0.8358681974193314,0.7958298191446984,0.8037393038618228,0.9453115275370887,0.9329860650298608,0.9383968486586725,274.7,0.7226532874447356,0.736837765409194,0.7210842134764918,98.8,0.7715733133130043,0.840909090909091,0.8010315015366067,154.0,0.45,0.25833333333333336,0.31333333333333335,3.3,0.9977043189368769,0.991860465116279,0.9946480483162121,171.7,0.9996323529411765,0.9914992483258166,0.9954800516576094,270.6,0.8040707791817671,0.6619591836734694,0.6932093235970129,49.9,0.9960000000000001,0.9522534013605443,0.9727311103186433,48.2
True,False,True,1000,"(1, 2)",False,false,False,0.9145816784425215,0.8327696149595185,0.8107532580911002,0.814324081405054,0.9609588125206973,0.9308108825481087,0.9449092771984517,274.7,0.7283101597462742,0.7156153370439085,0.7144164101439567,98.8,0.7761489454914182,0.8422077922077923,0.8059333674687899,154.0,0.4583333333333333,0.35,0.38357142857142856,3.3,0.990968402786922,0.9988372093023254,0.9948289702745695,171.7,1.0,0.9992606259395928,0.9996296283594936,270.6,0.7534780821240343,0.6659183673469388,0.6829798737589436,49.9,0.9939591836734696,0.983375850340136,0.9883236954647968,48.2
True,False,True,1000,"(1, 2)",True,false,False,0.9160755222487005,0.8353080891232862,0.8093129896894464,0.8145313648350175,0.9609524548913078,0.9366330457863304,0.9480707668993802,274.7,0.7133438307623512,0.7500000000000001,0.7235890839267458,98.8,0.784627569605543,0.8337662337662339,0.8055712545652787,154.0,0.45,0.35,0.38,3.3,0.9982625352870009,0.9988372093023254,0.9985473493167308,171.7,0.9985294117647058,0.9992606259395928,0.9988929876737622,270.6,0.7807489106753813,0.6578775510204082,0.6909730797947253,49.9,0.9960000000000001,0.9481292517006803,0.9706063965035179,48.2
True,False,True,1000,"(1, 2)",False,false,True,0.913835235586772,0.8207477325489577,0.7914005387102289,0.7974746876059817,0.9553085616272942,0.9373603185136032,0.9457258551982971,274.7,0.7198614145150863,0.7328076685219542,0.7180236726830448,98.8,0.7778792209128067,0.8331168831168831,0.8012057376226436,154.0,0.35,0.225,0.2633333333333333,3.3,0.9932218709387088,0.9988372093023254,0.9959734554213993,171.7,0.9996323529411765,0.9977846111794451,0.9987019718730867,270.6,0.7761192557831212,0.6519183673469389,0.6839381517673685,49.9,0.9939591836734696,0.9543792517006804,0.9728953229486809,48.2
True,False,True,1000,"(1, 3)",False,false,False,0.9154216661789094,0.8444514934422447,0.8236145850317417,0.8264691392008501,0.96007483585671,0.9311771731917717,0.9447297443676481,274.7,0.7281732924802127,0.7176458462172748,0.7144040061313103,98.8,0.7836869177351636,0.840909090909091,0.8088646783596115,154.0,0.5416666666666666,0.4416666666666666,0.4716666666666667,3.3,0.9903870074380847,0.9988372093023254,0.9945374250850652,171.7,1.0,0.9992606259395928,0.9996296283594936,270.6,0.7576640436876505,0.6739183673469389,0.688476499797825,49.9,0.9939591836734696,0.985501700680272,0.9894444648391806,48.2
True,False,True,1000,"(1, 3)",True,false,False,0.9152357087113453,0.8342666946708673,0.807579329771708,0.8130903417578506,0.9608431139070565,0.9373629727936297,0.9484555344226427,274.7,0.7106840579525407,0.744949494949495,0.7197173148504611,98.8,0.7820973500679138,0.8324675324675326,0.8035356647938892,154.0,0.45,0.35,0.38,3.3,0.9982625352870009,0.9988372093023254,0.9985473493167308,171.7,0.9985294117647058,0.9992606259395928,0.9988929876737622,270.6,0.7777170883877221,0.655877551020408,0.6885920680419182,49.9,0.9960000000000001,0.9418792517006803,0.9669818149633999,48.2
True,False,True,1000,"(1, 3)",False,false,True,0.9136484071240437,0.8326233126497737,0.7983552258881302,0.8054918286700724,0.9573119300853655,0.9377239548772396,0.9469734487925155,274.7,0.7107215882101086,0.7328282828282828,0.7136665998358661,98.8,0.7774960991228672,0.8298701298701298,0.7995337752501015,154.0,0.45,0.2833333333333333,0.32999999999999996,3.3,0.9932218709387088,0.9988372093023254,0.9959734554213993,171.7,1.0,0.9977846111794451,0.9988861339357019,270.6,0.7762350128411392,0.6479183673469388,0.6826741967941585,49.9,0.9960000000000001,0.9585459183673469,0.9762270193308364,48.2
True,False,True,5000,"(1, 1)",False,false,False,0.9143956338754409,0.841023611169885,0.8222851039969037,0.8227498058620538,0.949203105564093,0.9289953550099534,0.9382421102309214,274.7,0.7191284145242364,0.7034735106163679,0.7033595064849443,98.8,0.7891348511012041,0.8467532467532468,0.8143311298971678,154.0,0.505,0.4416666666666666,0.4494444444444444,3.3,0.9909161851320241,0.9988372093023254,0.9948156863680582,171.7,0.9996323529411765,0.9992606259395928,0.9994454662968785,270.6,0.7813016396708141,0.68,0.6960735330716786,49.9,0.9938723404255321,0.9792942176870749,0.9862865701023384,48.2
True,False,True,5000,"(1, 1)",True,false,False,0.9142086312136796,0.837565821002652,0.8028273922902345,0.8095512714887627,0.9498942697685482,0.9348108825481087,0.9417179197150795,274.7,0.7186248181827359,0.7439703153988867,0.72226956127367,98.8,0.7813921467512742,0.8350649350649352,0.8039797349033547,154.0,0.45,0.325,0.3633333333333333,3.3,0.9982625352870009,0.9988372093023254,0.9985473493167308,171.7,0.9981644580909286,0.9992606259395928,0.9987095026775537,270.6,0.8081883399407273,0.6478775510204081,0.6834442155221104,49.9,0.9960000000000001,0.9377976190476189,0.9644085551682693,48.2
True,False,True,5000,"(1, 1)",False,false,True,0.9119685187507841,0.8179483334492079,0.7835623854401438,0.7891493217238643,0.9451841464300188,0.9322627737226277,0.9380352320393854,274.7,0.7166576870930865,0.7328282828282828,0.7143556125319568,98.8,0.7740026137082244,0.85,0.806966135037983,154.0,0.3,0.19166666666666665,0.22000000000000003,3.3,0.9976911446817255,0.9901162790697674,0.9936726661161301,171.7,0.9996323529411765,0.9977832444991117,0.9987033499847483,270.6,0.816459539065962,0.6318775510204081,0.6750888267746061,49.9,0.9939591836734696,0.9419642857142858,0.9663727513061044,48.2
True,False,True,5000,"(1, 2)",False,false,False,0.9186899013336678,0.8444000973525435,0.8265663523981661,0.8275928848070402,0.9623896870516269,0.9362694094226942,0.9485771514752261,274.7,0.7352361368517858,0.7124922696351267,0.716295743471833,98.8,0.7849762059757398,0.8545454545454545,0.8160081055057361,154.0,0.515,0.4416666666666666,0.45499999999999996,3.3,0.9909391389224197,0.9988372093023254,0.9948206645541559,171.7,0.9996323529411765,0.9992606259395928,0.9994454662968785,270.6,0.7730680734041306,0.6839999999999999,0.7011741048105484,49.9,0.9939591836734696,0.9854591836734695,0.9894218423419415,48.2
True,False,True,5000,"(1, 2)",True,false,False,0.9168223135025155,0.8381920278779266,0.7990710508912346,0.8073948788551215,0.9613578861467662,0.935907100199071,0.9478502767220551,274.7,0.7241030870028043,0.7479901051329623,0.7269432225278807,98.8,0.7782604224549415,0.8428571428571431,0.8061903071841117,154.0,0.45,0.25833333333333336,0.31333333333333335,3.3,0.9982625352870009,0.9982558139534883,0.9982558041272265,171.7,0.9992673992673993,0.9992606259395928,0.9992619813006701,270.6,0.7982848928645007,0.6659591836734694,0.6990240331357571,49.9,0.9960000000000001,0.9440051020408162,0.9683000725099383,48.2
True,False,True,5000,"(1, 2)",False,false,True,0.9144884819599483,0.8213499408703736,0.7882953736718568,0.7939470509700728,0.9497990505611369,0.935901791639018,0.9421859865550284,274.7,0.7327285885127854,0.740878169449598,0.7281618635652874,98.8,0.7662768441506467,0.8506493506493508,0.8027349122546376,154.0,0.3,0.19166666666666665,0.22000000000000003,3.3,0.9988405699690818,0.9982558139534883,0.9985456591996902,171.7,1.0,0.9911302446357798,0.9954708977449063,270.6,0.8312361064223992,0.6559591836734693,0.6998701517199519,49.9,0.9919183673469387,0.941921768707483,0.9646069367210807,48.2
True,False,True,5000,"(1, 3)",False,false,False,0.9186899013336678,0.8462114125335647,0.8305759734109156,0.8295972388239987,0.9610612660183209,0.9348069011280691,0.947103484751171,274.7,0.7331430918409928,0.7114924757781902,0.7149226381774755,98.8,0.7893698162374054,0.8577922077922079,0.8199080854353366,154.0,0.525,0.475,0.4716666666666667,3.3,0.9909391389224197,0.9988372093023254,0.9948206645541559,171.7,0.9996323529411765,0.9992606259395928,0.9994454662968785,270.6,0.7765864506347331,0.6839999999999999,0.7005414678666446,49.9,0.9939591836734696,0.9834183673469388,0.9883694368436599,48.2
True,False,True,5000,"(1, 3)",True,false,False,0.9174759953732737,0.8385069616742493,0.8083357272992894,0.8144792334187709,0.962479586665111,0.9369966821499668,0.9489756933971126,274.7,0.7239395185872114,0.7509894867037724,0.7289654598800155,98.8,0.7823072836483528,0.8402597402597403,0.8073545337645737,154.0,0.45,0.325,0.3633333333333333,3.3,0.9982625352870009,0.9982558139534883,0.9982558041272265,171.7,0.9981644580909286,0.9992606259395928,0.9987095026775537,270.6,0.79690231111539,0.6719183673469388,0.7021475190554299,49.9,0.9960000000000001,0.9440051020408162,0.9680920211149218,48.2
True,False,True,5000,"(1, 3)",False,false,True,0.9149550740694288,0.8130274492950471,0.7885869143953388,0.7928668861577859,0.952948374915023,0.9399057730590575,0.9458404387849697,274.7,0.7374436773926456,0.7418779633065347,0.7305560515929371,98.8,0.7703034433694964,0.8512987012987013,0.8050104189840862,154.0,0.25,0.19166666666666665,0.21333333333333332,3.3,0.9988405699690818,0.9924418604651162,0.9955339010858912,171.7,1.0,0.9914992483258166,0.9956642137202246,270.6,0.7986835287141316,0.6519183673469386,0.6868067391253362,49.9,0.9960000000000001,0.9480867346938776,0.9701899926355084,48.2
True,False,False,1000,"(1, 1)",False,false,False,0.9203702252045097,0.8372986536243641,0.8281164161501655,0.8257746950458771,0.9571042780466141,0.9319031187790312,0.9437075152512694,274.7,0.7391564736054403,0.7277468563182848,0.727622406067523,98.8,0.8066985758542777,0.8681818181818184,0.8340352681748453,154.0,0.44833333333333336,0.4416666666666666,0.43388888888888894,3.3,0.990968402786922,0.9988372093023254,0.9948289702745695,171.7,0.9992647058823529,0.9992606259395928,0.9992613042342633,270.6,0.7608634594859722,0.6759999999999999,0.6844839967126626,49.9,0.9960000000000001,0.9813350340136054,0.9883692107629942,48.2
True,False,False,1000,"(1, 1)",True,false,False,0.9206508598464263,0.842804803863635,0.8040877155718367,0.811457740273711,0.9548990435418853,0.9377226277372263,0.9457193851016072,274.7,0.7391617265254695,0.7632034632034632,0.7433324442575269,98.8,0.8053575738363566,0.8623376623376624,0.8301106422448686,154.0,0.4666666666666666,0.2833333333333333,0.3371428571428572,3.3,0.9982625352870009,0.9988372093023254,0.9985473493167308,171.7,0.9981644580909286,0.9992606259395928,0.9987095026775537,270.6,0.7839264269607711,0.6419183673469387,0.668798655238102,49.9,0.9960000000000001,0.9460884353741497,0.9693010862104428,48.2
True,False,False,1000,"(1, 1)",False,false,True,0.9191569289407306,0.8358665773226577,0.7980745690796205,0.8037821502498638,0.9494369049881695,0.9399110816191107,0.9442121677103679,274.7,0.7442771884920182,0.7490414347557204,0.7393598214700464,98.8,0.7974123386087688,0.8707792207792208,0.829301402902556,154.0,0.4,0.225,0.27,3.3,0.9977043189368769,0.991860465116279,0.9946480483162121,171.7,0.9996168582375479,0.9914992483258166,0.9954794430845426,270.6,0.8025666419709397,0.6599999999999999,0.6820292178171969,49.9,0.9959183673469388,0.9565051020408163,0.9752271006979882,48.2
True,False,False,1000,"(1, 2)",False,false,False,0.9195304116671545,0.8402214497908457,0.8225922668006447,0.824879967719616,0.9688735697352981,0.9322654280026542,0.9496852498201829,274.7,0.7351605117928839,0.7348278705421561,0.7288768931543521,98.8,0.792224294571836,0.8655844155844157,0.8254560155650361,154.0,0.4916666666666666,0.41666666666666663,0.445,3.3,0.9909717634536784,0.9988372093023254,0.9948306554784793,171.7,0.9996323529411765,0.9992606259395928,0.9994454662968785,270.6,0.747242439165227,0.6519183673469389,0.66737602459834,49.9,0.9960000000000001,0.9813775510204081,0.9883694368436599,48.2
True,False,False,1000,"(1, 2)",True,false,False,0.9213039320205695,0.838359234732974,0.8143902949369158,0.818688713279833,0.9683923100532837,0.9377226277372264,0.9523302790494215,274.7,0.7373641324893873,0.7712842712842713,0.7470732902746022,98.8,0.796971702535597,0.8558441558441559,0.8228847781159082,154.0,0.45,0.35,0.38,3.3,0.9959768210012866,0.9988372093023254,0.997391279952569,171.7,0.9985294117647058,0.9992606259395928,0.9988929876737622,270.6,0.763639500019531,0.6519183673469386,0.6791382738824703,49.9,0.9960000000000001,0.9502551020408163,0.9717988172899299,48.2
True,False,False,1000,"(1, 2)",False,false,True,0.9209311460902769,0.8187856275787666,0.7942121371870561,0.7981449702612681,0.9627968408246244,0.9417292634372927,0.9517331627137988,274.7,0.7376716938279843,0.7560812203669347,0.7400300874650054,98.8,0.7966134863778218,0.8584415584415584,0.8235904908463654,154.0,0.3,0.19166666666666665,0.22000000000000003,3.3,0.9932350451938603,0.9982558139534883,0.9956835417296899,171.7,1.0,0.9988916222495557,0.9994447854759446,270.6,0.7660087707323732,0.6459183673469389,0.67710946297711,49.9,0.9939591836734696,0.9627125850340136,0.9775682308822307,48.2
True,False,False,1000,"(1, 3)",False,false,False,0.9185032470699724,0.8436433531338304,0.8250846765603903,0.8281385684461865,0.9668294148158317,0.9319031187790312,0.9486206208268364,274.7,0.7324422361331191,0.7226860441146156,0.7207054867976669,98.8,0.7878438181230895,0.862987012987013,0.8216280386245238,154.0,0.5083333333333333,0.4416666666666666,0.46880952380952384,3.3,0.9915238949380134,0.9988372093023254,0.99511389494757,171.7,0.9996323529411765,0.9992606259395928,0.9994454662968785,270.6,0.7685825911126097,0.6599183673469389,0.6824160794228329,49.9,0.9939591836734696,0.9834183673469388,0.9883694368436599,48.2
True,False,False,1000,"(1, 3)",True,false,False,0.92018391933888,0.8379441283367706,0.8123647895760676,0.8169545456868572,0.9679787691196674,0.9377239548772396,0.9521430211229835,274.7,0.7307763638305406,0.763162234590806,0.7390806979811443,98.8,0.7929710719258165,0.855844155844156,0.8207134050984439,154.0,0.45,0.35,0.38,3.3,0.9976811399381637,0.9988372093023254,0.9982558041272265,171.7,0.9988970588235293,0.9992606259395928,0.9990771497363772,270.6,0.7692486230564475,0.6459183673469389,0.6758112827229426,49.9,0.9960000000000001,0.9481717687074831,0.9705550047057405,48.2
True,False,False,1000,"(1, 3)",False,false,True,0.9175703241495604,0.8227950189855578,0.7978359438237344,0.8023877489569056,0.9632141460951885,0.9370033178500332,0.9494627184116492,274.7,0.7194877678705722,0.740909090909091,0.722400211959403,98.8,0.7917361640072125,0.8532467532467531,0.8185329792178189,154.0,0.35,0.25,0.27999999999999997,3.3,0.9932350451938603,0.9982558139534883,0.9956835417296899,171.7,1.0,0.9988916222495557,0.9994447854759446,270.6,0.768687028717629,0.6479183673469388,0.678299926765297,49.9,0.9960000000000001,0.9564625850340136,0.9752778280954422,48.2
True,False,False,5000,"(1, 1)",False,false,False,0.9235447412795965,0.8481036134820521,0.8297027546863542,0.830082686353065,0.9576945935248984,0.937360318513603,0.9469173175610907,274.7,0.762120709847111,0.7328076685219542,0.7408674400574023,98.8,0.8034016761037609,0.8805194805194805,0.8380107771714094,154.0,0.49833333333333335,0.4416666666666666,0.4438888888888889,3.3,0.991520534271257,0.9988372093023254,0.9951122097436602,171.7,0.9992647058823529,0.9992606259395928,0.9992613042342633,270.6,0.7764933548937025,0.672,0.6914373002785188,49.9,0.9960000000000001,0.9751700680272108,0.9851662528892859,48.2
True,False,False,5000,"(1, 1)",True,false,False,0.9202778126175843,0.8406670823299744,0.8005784133661058,0.8082152049641425,0.9548102854207781,0.93735899137359,0.9455063057008205,274.7,0.7433662234706986,0.7631828488971346,0.7441181490178257,98.8,0.7992442778245151,0.8616883116883116,0.8264742012821454,154.0,0.45,0.25833333333333336,0.31333333333333335,3.3,0.9988405699690818,0.9988372093023254,0.9988372043891947,171.7,0.9981644580909286,0.9992606259395928,0.9987095026775537,270.6,0.7849108438637933,0.6398775510204081,0.6694649759834475,49.9,0.9960000000000001,0.9460884353741497,0.9692779673288185,48.2
True,False,False,5000,"(1, 1)",False,false,True,0.9188784717867247,0.837680152542133,0.7941787157171923,0.801533430953375,0.9516614422379048,0.9402747179827472,0.9454559371506572,274.7,0.7414886953750883,0.7551020408163265,0.7397002653869782,98.8,0.7844201221612599,0.8714285714285716,0.8227485402515924,154.0,0.4,0.225,0.27,3.3,0.9982691793638064,0.9936046511627905,0.9958748222664922,171.7,1.0,0.9940945742790761,0.9969937340287744,270.6,0.8316425975255347,0.6298775510204081,0.6741203835358975,49.9,0.9939591836734692,0.944047619047619,0.9673737650066089,48.2
True,False,False,5000,"(1, 2)",False,false,False,0.9299862731162116,0.8567706503186143,0.844175128365421,0.8416886477439386,0.9722591170215411,0.9417319177173192,0.9562903111724378,274.7,0.77201888302627,0.7621212121212121,0.7609835271714882,98.8,0.8153317213235477,0.8941558441558441,0.8511742975253215,154.0,0.5328571428571428,0.5,0.4844444444444444,3.3,0.9897963963402224,0.9988372093023254,0.9942459905388313,171.7,0.9996323529411765,0.9992606259395928,0.9994454662968785,270.6,0.7762695890390138,0.6779999999999999,0.6996538548355924,49.9,0.9960000000000001,0.9792942176870749,0.9872712899665151,48.2
True,False,False,5000,"(1, 2)",True,false,False,0.9256918314589517,0.8459569455110036,0.8155192503069426,0.8215527069539696,0.968788527887002,0.9388135368281354,0.9530789389480135,274.7,0.7519292780515803,0.7823953823953824,0.759151653179581,98.8,0.8011135181230191,0.8779220779220781,0.8352823087075303,154.0,0.45,0.325,0.3633333333333333,3.3,0.9982625352870009,0.9988372093023254,0.9985473493167308,171.7,0.9992673992673993,0.9992606259395928,0.9992619813006701,270.6,0.8022943054720276,0.657877551020408,0.6954403638654968,49.9,0.9960000000000001,0.9440476190476191,0.968325726980402,48.2
True,False,False,5000,"(1, 2)",False,false,True,0.9218647658068203,0.820031292694247,0.7937457266981951,0.7981913519065488,0.9597949442663627,0.9431811546118116,0.950949891351663,274.7,0.7601649910392088,0.7672747887033602,0.7556621542436825,98.8,0.7820597328177896,0.8837662337662338,0.8268042389549194,154.0,0.25,0.19166666666666665,0.21333333333333332,3.3,0.9988405699690818,0.9930232558139535,0.9958431924131468,171.7,1.0,0.9911302446357798,0.9954708977449063,270.6,0.8154309197880625,0.6379591836734695,0.6812911216117379,49.9,0.9939591836734692,0.9419642857142858,0.9661759855990004,48.2
True,False,False,5000,"(1, 3)",False,false,False,0.9288654765388744,0.8533805154472631,0.839698838062195,0.837709334008497,0.9709311754815095,0.9428254810882549,0.9562022990749082,274.7,0.7735735821128856,0.7540300968872398,0.7573020192398119,98.8,0.8149593512600436,0.8902597402597404,0.8487819687677034,154.0,0.5178571428571429,0.475,0.465,3.3,0.9892656700832392,0.9988372093023254,0.9939676022604429,171.7,0.9996323529411765,0.9992606259395928,0.9994454662968785,270.6,0.764824848842108,0.6759999999999999,0.6926058795845711,49.9,0.9960000000000001,0.9813775510204081,0.9883694368436599,48.2
True,False,False,5000,"(1, 3)",True,false,False,0.9251315202697995,0.8472671787346808,0.8187582248975531,0.8244783951900894,0.9680433062157615,0.938816191108162,0.9527527295752272,274.7,0.7490932984130065,0.7783343640486498,0.7550475634001999,98.8,0.8039700970533541,0.8727272727272727,0.8340658600597302,154.0,0.4666666666666666,0.35,0.3871428571428572,3.3,0.9982625352870009,0.9988372093023254,0.9985473493167308,171.7,0.9981644580909286,0.9992606259395928,0.9987095026775537,270.6,0.7979370681507274,0.6659591836734694,0.6999816538727164,49.9,0.9960000000000001,0.9461309523809524,0.9695796454756997,48.2
True,False,False,5000,"(1, 3)",False,false,True,0.9231709972546233,0.819918878032676,0.7960702097616146,0.8001962973891843,0.9608034414513685,0.9460955540809554,0.9530165094414738,274.7,0.7673267365544807,0.7702741702741702,0.7608588525273047,98.8,0.7889421960774926,0.8798701298701299,0.8287773110100524,154.0,0.25,0.19166666666666665,0.21333333333333332,3.3,0.9988405699690818,0.9930232558139535,0.9958431924131468,171.7,1.0,0.9914992483258166,0.9956642137202246,270.6,0.7974380802089855,0.6499591836734695,0.68436833387407,49.9,0.9960000000000001,0.946173469387755,0.9697086327938683,48.2
False,True,True,1000,"(1, 1)",False,false,False,0.9086073484120017,0.8368284740740266,0.8148136933689496,0.8171526372100851,0.9529348603178354,0.9253483742534838,0.9380673754921945,274.7,0.6961026355888209,0.6741290455576169,0.6763661114570746,98.8,0.7663852144255123,0.8415584415584416,0.800039818166723,154.0,0.5316666666666666,0.45,0.4696825396825397,3.3,0.9881298566381277,0.9988372093023254,0.9933978860632214,171.7,0.9996323529411765,0.9992606259395928,0.9994454662968785,270.6,0.765817022340605,0.6459999999999999,0.6718526897590554,49.9,0.9939591836734696,0.9833758503401361,0.9883692107629942,48.2
False,True,True,1000,"(1, 1)",True,false,False,0.9082335172875121,0.8270050469016568,0.7831208417370338,0.7910442424163031,0.9492629186870365,0.9344432647644327,0.9413027013159001,274.7,0.6986935467506911,0.6974644403215833,0.6892870518701356,98.8,0.755515826845241,0.8422077922077923,0.7933883601974959,154.0,0.45,0.25833333333333336,0.31333333333333335,3.3,0.9943712962260651,0.9988372093023254,0.9965514901034803,171.7,0.997796811032105,0.9992606259395928,0.9985253406149385,270.6,0.7744816083251764,0.578,0.620817708833156,49.9,0.9959183673469388,0.9564200680272108,0.9751479530619847,48.2
False,True,True,1000,"(1, 1)",False,false,True,0.904780021461321,0.8173498596700316,0.7775032436121265,0.7837225684493397,0.9409334843885494,0.9333497013934972,0.9365408764258982,274.7,0.7024521346997084,0.7015048443619871,0.6923982397666564,98.8,0.748834175020286,0.8383116883116883,0.7875127513860011,154.0,0.4,0.225,0.27,3.3,0.9977043189368769,0.9918570651434788,0.9946463383737516,171.7,0.9992492111787243,0.9914992483258166,0.9952952810219274,270.6,0.7537922198027731,0.58,0.6170133247380007,49.9,0.9958333333333333,0.9585034013605442,0.9763737358824833,48.2
False,True,True,1000,"(1, 2)",False,false,False,0.9082337785860615,0.8396217891857678,0.8066234777037546,0.8126094183174928,0.9622825044688718,0.9271665560716654,0.9433010826599908,274.7,0.7034642076137804,0.6822716965574108,0.683179565296709,98.8,0.7555651079965803,0.8415584415584416,0.7939570230022005,154.0,0.5666666666666667,0.39166666666666666,0.43666666666666665,3.3,0.9880756483887086,0.9936046511627905,0.9906891643171546,171.7,1.0,0.9992606259395928,0.9996296283594936,270.6,0.7449201783515349,0.6319999999999999,0.6629770496441604,49.9,0.9960000000000001,0.9854591836734693,0.9904751665935665,48.2
False,True,True,1000,"(1, 2)",True,false,False,0.9095400971333808,0.814723033495096,0.7844525839035974,0.789310805368056,0.9658571656857582,0.9351705374917054,0.9496677620710399,274.7,0.6974443056195333,0.7065656565656566,0.6931161640034177,98.8,0.7544968107309223,0.840909090909091,0.7924714082714374,154.0,0.36666666666666664,0.25,0.2871428571428572,3.3,0.9937999056207897,0.9988372093023254,0.9962633104938631,171.7,0.9981617647058822,0.9992606259395928,0.9987088256111469,270.6,0.7453576489312151,0.5760000000000001,0.6152699428222799,49.9,0.9960000000000001,0.9688775510204083,0.9818461725284058,48.2
False,True,True,1000,"(1, 2)",False,false,True,0.9050597851080731,0.8037213303653854,0.7726018094776692,0.7774487528699895,0.9564531448852567,0.938444591904446,0.9467259443690104,274.7,0.6919563043045585,0.6933828076685219,0.6827752454248996,98.8,0.7461632410203137,0.831818181818182,0.7834141781674908,154.0,0.3,0.19166666666666665,0.22000000000000003,3.3,0.992092302611663,0.9930232558139535,0.9923903597326996,171.7,0.9996323529411765,0.9937255705890392,0.9966226638132396,270.6,0.7495141134866451,0.5719591836734694,0.617853503039971,49.9,0.9939591836734696,0.966794217687075,0.9798081284126043,48.2
False,True,True,1000,"(1, 3)",False,false,False,0.906273429769918,0.8338466425941459,0.8031892151685787,0.8075933485182253,0.9634251894444557,0.9271665560716655,0.9440186328585739,274.7,0.6934720531853903,0.6720882292310864,0.6725597757254971,98.8,0.7529040407733365,0.8331168831168831,0.7886915570265332,154.0,0.5666666666666667,0.39166666666666666,0.43666666666666665,3.3,0.9887087384448632,0.9988372093023254,0.9936861843164311,171.7,1.0,0.9992606259395928,0.9996296283594936,270.6,0.7116372685649859,0.6179183673469387,0.6360501044340909,49.9,0.9939591836734696,0.9854591836734693,0.989444238758515,48.2
False,True,True,1000,"(1, 3)",True,false,False,0.9081396240088075,0.8102892502514498,0.779194793011406,0.784152412341813,0.962477016495588,0.935535500995355,0.9482949939834013,274.7,0.6924549219024871,0.6994537208822924,0.6873191343532884,98.8,0.7531295271868477,0.8389610389610389,0.7909708026051598,154.0,0.35,0.225,0.2633333333333333,3.3,0.9926766036354188,0.9988372093023254,0.9956919198885877,171.7,0.9988943355119826,0.9988916222495557,0.9988916197373016,270.6,0.7366815972792747,0.5659183673469388,0.6057731754278806,49.9,0.9960000000000001,0.9709608843537415,0.9829443194055507,48.2
False,True,True,1000,"(1, 3)",False,false,True,0.907859773262539,0.8045281884616445,0.774589932602601,0.7783498767511839,0.9573348333786594,0.9384459190444592,0.9472334760431764,274.7,0.6895939288784547,0.7044733044733044,0.6878682071041726,98.8,0.7601846358510587,0.8324675324675326,0.7916709158558921,154.0,0.3,0.19166666666666665,0.22000000000000003,3.3,0.9926603711785358,0.9988372093023254,0.9956886219932691,171.7,0.9996323529411765,0.9977846111794451,0.9987019718730867,270.6,0.7428602017918017,0.5599999999999999,0.6025063621054303,49.9,0.9939591836734696,0.9730442176870749,0.9831294590344444,48.2
False,True,True,5000,"(1, 1)",False,false,False,0.9109404831584376,0.8352257008288942,0.8086767193441041,0.8125946372727182,0.9520588882461569,0.9264379562043796,0.9381483561378827,274.7,0.7112950326820762,0.6913213770356628,0.6928100935283212,98.8,0.7717543069025529,0.8525974025974026,0.8080437783969183,154.0,0.4916666666666666,0.39166666666666666,0.4216666666666667,3.3,0.9881298566381277,0.9988372093023254,0.9933978860632214,171.7,0.9992633492511395,0.9992606259395928,0.9992606234133294,270.6,0.7716375062444353,0.6279999999999999,0.6590821869563067,49.9,0.9960000000000001,0.9812925170068028,0.9883475070190985,48.2
False,True,True,5000,"(1, 1)",True,false,False,0.9083270621681508,0.8238080021782679,0.7786412988892394,0.7855894363725177,0.9512079776768356,0.9351705374917053,0.9425334629606036,274.7,0.7010850190161854,0.6954854669140383,0.6882935859822299,98.8,0.750512516620371,0.8454545454545453,0.792157873215833,154.0,0.4,0.225,0.27,3.3,0.9932185875286595,0.9982558139534883,0.9956802150303294,171.7,0.9985293818382054,0.9992606259395928,0.9988929776246419,270.6,0.7999921673989471,0.5720000000000001,0.6209343951089971,49.9,0.9959183673469388,0.958503401360544,0.9762229810575054,48.2
False,True,True,5000,"(1, 1)",False,false,True,0.9037533794612373,0.8084759588954356,0.7671403284924929,0.7725534728357842,0.9406580447504433,0.934810882548109,0.9370454570606764,274.7,0.6979426807542759,0.6893630179344463,0.6835663492706235,98.8,0.7424500576891523,0.8435064935064936,0.7867679181405614,154.0,0.3,0.19166666666666665,0.22000000000000003,3.3,0.9926471969233841,0.9895348837209303,0.9907780539839399,171.7,0.9996323529411765,0.9981522481891487,0.9988888774715697,270.6,0.8005997870846452,0.5419591836734694,0.5939164688595044,49.9,0.9938775510204083,0.9481292517006802,0.9694646578993984,48.2
False,True,True,5000,"(1, 2)",False,false,False,0.915141641233608,0.8511782577611287,0.8236619456558394,0.8282736649671127,0.9620598708010855,0.9333510285335104,0.9466748730097571,274.7,0.7249900520412547,0.6863017934446506,0.6968003777080202,98.8,0.7667842726716767,0.8623376623376624,0.809812659697414,154.0,0.5916666666666666,0.475,0.5116666666666666,3.3,0.9881111106391429,0.9994186046511627,0.9936828913342431,171.7,0.9996323529411765,0.9992606259395928,0.9994454662968785,270.6,0.780181736328027,0.6439999999999999,0.6754110519178667,49.9,0.9960000000000001,0.9896258503401361,0.9926953331060548,48.2
False,True,True,5000,"(1, 2)",True,false,False,0.9125270879496078,0.8125115457450333,0.7804853075161569,0.7838101782385218,0.9640368978668592,0.9362627737226277,0.9493423270457709,274.7,0.7062906793219994,0.7136569779426922,0.6987392926081131,98.8,0.7554995588473714,0.8551948051948053,0.7988932938717226,154.0,0.3,0.19166666666666665,0.22000000000000003,3.3,0.9982625352870009,0.9988372093023254,0.9985473493167308,171.7,0.9992619825708061,0.9992606259395928,0.9992606246834654,270.6,0.7807407120662286,0.578,0.6228056107745985,49.9,0.9960000000000001,0.9710034013605442,0.9828929276077731,48.2
False,True,True,5000,"(1, 2)",False,false,True,0.9068333054614882,0.8108389388694517,0.771970388187254,0.7768243111256604,0.9471313871146186,0.9351718646317186,0.9403794872017484,274.7,0.7009576291993377,0.7025252525252526,0.6909034941819306,98.8,0.7414315044271913,0.8480519480519482,0.787977089725939,154.0,0.3,0.19166666666666665,0.22000000000000003,3.3,0.9988405699690818,0.997093023255814,0.9979574389933001,171.7,0.9996323529411765,0.9948325816591499,0.9971813153534823,270.6,0.8048014006375406,0.5499591836734694,0.6061981396428087,49.9,0.9939166666666666,0.9564625850340136,0.9739975239060733,48.2
False,True,True,5000,"(1, 3)",False,false,False,0.9158882582883902,0.849466091300876,0.8225800923770361,0.827063007235837,0.9651275943815246,0.9326250829462508,0.9478455724818302,274.7,0.7207438630626878,0.6913729128014843,0.697489734432603,98.8,0.7703200937449468,0.8623376623376622,0.8115691166374512,154.0,0.575,0.45,0.49023809523809525,3.3,0.9881111106391429,0.9994186046511627,0.9936828913342431,171.7,0.9996323529411765,0.9992606259395928,0.9994454662968785,270.6,0.7807937156375291,0.6559999999999999,0.68353784835954,49.9,0.9960000000000001,0.9896258503401361,0.9926953331060548,48.2
False,True,True,5000,"(1, 3)",True,false,False,0.9133682950792258,0.8128913020769776,0.782752944033272,0.7859108718366834,0.9633608522748632,0.9369913735899138,0.9494003910543298,274.7,0.709762374639197,0.71566687280973,0.7022296117685437,98.8,0.7603485669211609,0.8525974025974026,0.8006694135014374,154.0,0.3,0.19166666666666665,0.22000000000000003,3.3,0.9976878612716764,0.9988372093023254,0.9982591794481769,171.7,0.9988943355119826,0.9992606259395928,0.9990764626208503,270.6,0.7770764259969413,0.5959999999999999,0.63468497439734,49.9,0.9960000000000001,0.9710034013605442,0.9829669419027895,48.2
False,True,True,5000,"(1, 3)",False,false,True,0.9058061408643061,0.8063681677042058,0.76800729565598,0.7739385570819535,0.9486117830884689,0.9377199734571997,0.9424534350108452,274.7,0.702634963147013,0.6984436198721913,0.6908738654694991,98.8,0.7393496576669092,0.8474025974025974,0.7862627015835091,154.0,0.3,0.15833333333333333,0.2,3.3,0.9988405699690818,0.992438460492316,0.995532191143431,171.7,0.9996323529411765,0.9911302446357798,0.995286735682291,270.6,0.7679593481543318,0.5599591836734694,0.6059489810505013,49.9,0.9939166666666666,0.9586309523809524,0.9751505467155515,48.2
False,True,False,1000,"(1, 1)",False,false,False,0.9169155099850886,0.8465052871714939,0.8262534819613385,0.8271077016072053,0.9606303889397036,0.9322667551426674,0.9457701097810499,274.7,0.7355767923308798,0.7106369820655534,0.7160144204348186,98.8,0.7810140809713533,0.8662337662337662,0.818952113346651,154.0,0.5566666666666666,0.4833333333333333,0.4966666666666667,3.3,0.9897899008772277,0.9988372093023254,0.9942460145991575,171.7,0.9996323529411765,0.9992606259395928,0.9994454662968785,270.6,0.7527321146449426,0.634,0.6552916551388528,49.9,0.9960000000000001,0.9854591836734695,0.9904751665935665,48.2
False,True,False,1000,"(1, 1)",True,false,False,0.9154210564822944,0.829957463685617,0.7906622218065357,0.7963488538961605,0.953957181101126,0.9369966821499668,0.944945058192791,274.7,0.7364652563819546,0.7227994227994229,0.7218909053448421,98.8,0.77057918319872,0.8662337662337662,0.8125049738294157,154.0,0.4,0.25,0.2966666666666667,3.3,0.9926570105117793,0.9988372093023254,0.9956869367893593,171.7,0.9992619825708061,0.9992606259395928,0.9992606246834654,270.6,0.7908207283736105,0.576,0.6145993603167381,49.9,0.9959183673469388,0.9751700680272108,0.9852363053460056,48.2
False,True,False,1000,"(1, 1)",False,false,True,0.9135551235419541,0.8150544807601229,0.7798858813366273,0.7848883612734698,0.9460069839627877,0.9417239548772395,0.9434220747816374,274.7,0.7368589546444151,0.7268604411461554,0.7241352529230195,98.8,0.7645289791456725,0.8681818181818184,0.8102195233122913,154.0,0.3,0.19166666666666665,0.22000000000000003,3.3,0.9977043189368769,0.9912756697946415,0.9943547931842472,171.7,0.9996296296296296,0.9948325816591499,0.9971806358026845,270.6,0.7798736464282683,0.5639591836734694,0.6124462013013896,49.9,0.9958333333333333,0.9605867346938777,0.9773484088824897,48.2
False,True,False,1000,"(1, 2)",False,false,False,0.9145820268405871,0.8488099790373772,0.8114466311716226,0.8184089965122828,0.9701080117285666,0.93335500995355,0.9507812278157622,274.7,0.7413801971222407,0.7025149453720883,0.7126035709154032,98.8,0.7621400669520009,0.8655844155844157,0.8082825132345139,154.0,0.6,0.39166666666666666,0.45,3.3,0.989848575352142,0.9936046511627905,0.9915601346926272,171.7,0.9996323529411765,0.9992606259395928,0.9994454662968785,270.6,0.73137062820289,0.6159183673469387,0.6418820222931261,49.9,0.9960000000000001,0.9896683673469389,0.9927170368499508,48.2
False,True,False,1000,"(1, 2)",True,false,False,0.9165421143581811,0.8093707551278759,0.784802770130025,0.7879631427490902,0.9698760082522707,0.9366277372262773,0.9524147892357385,274.7,0.743588941145249,0.7328695114409399,0.730052992597036,98.8,0.7636511799403831,0.8707792207792208,0.8113654791657854,154.0,0.25,0.19166666666666665,0.21333333333333332,3.3,0.9926571630385924,0.9982558139534883,0.9953953863464056,171.7,0.9985294117647058,0.9992606259395928,0.9988929876737622,270.6,0.7606633368818058,0.5759183673469387,0.6182077073579653,49.9,0.9960000000000001,0.9730442176870749,0.9840424662826954,48.2
False,True,False,1000,"(1, 2)",False,false,True,0.9148616162883064,0.8028283900889163,0.7705294819298935,0.7747486296599513,0.9609100455289482,0.9424499004644991,0.9511559888380156,274.7,0.7444666750716585,0.7329004329004329,0.7312438883408026,98.8,0.7621684568915731,0.8662337662337662,0.8081491600560664,154.0,0.2,0.09166666666666666,0.12000000000000002,3.3,0.9909755314517884,0.9930232558139535,0.9918222911658269,171.7,1.0,0.9948325816591499,0.9973654774160975,270.6,0.7681064117673626,0.5659183673469388,0.6119880577770352,49.9,0.9960000000000001,0.9772108843537414,0.9862641736857652,48.2
False,True,False,1000,"(1, 3)",False,false,False,0.9104749362431541,0.8330653402012838,0.800317118547617,0.806895193259886,0.9715417153081974,0.9289887193098872,0.9491085297529542,274.7,0.7132507351948445,0.6873118944547516,0.6917223934193888,98.8,0.750874392401569,0.8564935064935065,0.798098323411054,154.0,0.5,0.3333333333333333,0.39,3.3,0.9904134357790714,0.9936046511627905,0.9918466533246673,171.7,0.9996323529411765,0.9992606259395928,0.9994454662968785,270.6,0.7428100899854113,0.6139183673469388,0.642359750122684,49.9,0.9960000000000001,0.989625850340136,0.9925804297514611,48.2
False,True,False,1000,"(1, 3)",True,false,False,0.9093538783672674,0.8018052446239684,0.7800130859445835,0.782676977528628,0.9675619379940791,0.9293510285335103,0.9475153258466504,274.7,0.7109391423907225,0.6964337250051537,0.694557870082072,98.8,0.7482756015580636,0.8590909090909093,0.7977216839371659,154.0,0.26666666666666666,0.21666666666666665,0.23714285714285718,3.3,0.9915338610532215,0.9982558139534883,0.9948239957411301,171.7,0.9992619825708061,0.9992606259395928,0.9992606246834654,270.6,0.734202764758188,0.5659183673469388,0.6052043171054378,49.9,0.9960000000000001,0.9751275510204082,0.9851891456902445,48.2
False,True,False,1000,"(1, 3)",False,false,True,0.9078605571581868,0.805495433272986,0.7747096037936985,0.7792389114167888,0.9603644171642832,0.9333563370935634,0.9461497888274778,274.7,0.7076543472423416,0.7024840239125953,0.6962086953595105,98.8,0.7506043403942694,0.8506493506493505,0.7949616802859614,154.0,0.3,0.19166666666666665,0.22000000000000003,3.3,0.9909755314517884,0.9930232558139535,0.9918222911658269,171.7,1.0,0.9977846111794451,0.9988861339357019,270.6,0.7384464625842665,0.5619183673469388,0.6050638366378444,49.9,0.9959183673469388,0.9667942176870747,0.9808188651219872,48.2
False,True,False,5000,"(1, 1)",False,false,False,0.9202764190253216,0.8485261198216671,0.820546517523274,0.8244048474727421,0.9610089884593853,0.9355368281353682,0.9476015265168878,274.7,0.7569800115866213,0.7106679035250464,0.7268629010053298,98.8,0.7792136458405545,0.8896103896103897,0.8289264490997497,154.0,0.525,0.425,0.4538095238095238,3.3,0.9881430308932793,0.9988372093023254,0.9934012225036449,171.7,0.9996323529411765,0.9992606259395928,0.9994454662968785,270.6,0.782230928852321,0.6199999999999999,0.6547165239563548,49.9,0.9960000000000001,0.9854591836734695,0.9904751665935665,48.2
False,True,False,5000,"(1, 1)",True,false,False,0.9161684574327245,0.8328480790146353,0.7874562638676201,0.7938635895780713,0.9581951976044738,0.9351692103516921,0.9459883423700159,274.7,0.736039672473508,0.7278396206967636,0.7231136631523432,98.8,0.7663532627152628,0.8766233766233766,0.8148593264966703,154.0,0.4,0.225,0.27,3.3,0.9937932615439842,0.9988372093023254,0.9962616350310165,171.7,0.9992619825708061,0.9992606259395928,0.9992606246834654,270.6,0.8132228878621074,0.568,0.6194384987548657,49.9,0.9959183673469388,0.9689200680272109,0.9819866261361939,48.2
False,True,False,5000,"(1, 1)",False,false,True,0.9110349861337571,0.817162213635316,0.7726003235000545,0.778453618158505,0.9459824276847497,0.9391745189117453,0.9420534428454215,274.7,0.7319901118560344,0.7147083075654505,0.7148655170511622,98.8,0.7491092885880124,0.8720779220779222,0.8029040631783226,154.0,0.3,0.19166666666666665,0.22000000000000003,3.3,0.994268840241979,0.993016455868353,0.9935575146523374,171.7,1.0,0.9981536148694821,0.9990730420886216,270.6,0.8200286733648132,0.5259591836734694,0.5858288220082615,49.9,0.9959183673469388,0.9460459183673467,0.969346543443913,48.2
False,True,False,5000,"(1, 2)",False,false,False,0.922610686065471,0.8509887482397229,0.8259901946755311,0.8297121493130797,0.9691691071792847,0.9373523556735235,0.9524679156372521,274.7,0.7655778150582344,0.7156977942692229,0.7332330319525104,98.8,0.7804568718569165,0.8928571428571427,0.8311335463148275,154.0,0.5533333333333333,0.4416666666666666,0.47603174603174603,3.3,0.9875526690807014,0.9994186046511627,0.9933980193610077,171.7,0.9996323529411765,0.9992606259395928,0.9994454662968785,270.6,0.7561878364681366,0.632,0.6592704320604644,49.9,0.9960000000000001,0.9896683673469389,0.9927170368499508,48.2
False,True,False,5000,"(1, 2)",True,false,False,0.9198093914182589,0.8233031056897072,0.7901156897591889,0.7931610022926154,0.9697806808372269,0.9366237558062377,0.9523566001014746,274.7,0.7388050446642163,0.7420222634508349,0.731332816188632,98.8,0.7685587972955599,0.8792207792207792,0.8172148920939855,154.0,0.3,0.19166666666666665,0.22000000000000003,3.3,0.9971197927048037,0.9988372093023254,0.9979726753014063,171.7,0.9996323529411765,0.9992606259395928,0.9994454662968785,270.6,0.8165281770746742,0.594,0.6396487630938346,49.9,0.9960000000000001,0.9792942176870749,0.9873168052647125,48.2
False,True,False,5000,"(1, 2)",False,false,True,0.9135552106414707,0.8168132593261515,0.7788150785346699,0.7828117863099511,0.9582924967016135,0.9413576642335768,0.9492383369764715,274.7,0.742225682624817,0.735971964543393,0.731271765567505,98.8,0.7453503959261489,0.8753246753246755,0.8023347386024631,154.0,0.3,0.19166666666666665,0.22000000000000003,3.3,0.9976978273868845,0.992438460492316,0.9949575171281063,171.7,1.0,0.9911302446357798,0.9954708977449063,270.6,0.7969804882962779,0.5419591836734694,0.5928978664230757,49.9,0.9939591836734692,0.960671768707483,0.9763231680370813,48.2
False,True,False,5000,"(1, 3)",False,false,False,0.9224235092046771,0.8490115030430989,0.8257345885622609,0.8285591569867368,0.9684412907160217,0.9380809555408096,0.9525185797883129,274.7,0.7630012171206221,0.72276850133993,0.7360489427940909,98.8,0.7844535766505358,0.8870129870129869,0.8307792805550624,154.0,0.5366666666666667,0.4416666666666666,0.4688888888888889,3.3,0.9875526690807014,0.9994186046511627,0.9933980193610077,171.7,0.9996323529411765,0.9992606259395928,0.9994454662968785,270.6,0.7563442511690674,0.628,0.6546770413597025,49.9,0.9960000000000001,0.9896683673469389,0.9927170368499508,48.2
False,True,False,5000,"(1, 3)",True,false,False,0.9204628990899844,0.8237304533016839,0.7908344301197439,0.7937657060278098,0.9690919341151971,0.9373536828135368,0.9524172675845275,274.7,0.7461438608171219,0.7470830756545042,0.7376520659665669,98.8,0.7705653748934759,0.8792207792207792,0.8182746992687362,154.0,0.3,0.19166666666666665,0.22000000000000003,3.3,0.9976878612716764,0.9988372093023254,0.9982591794481769,171.7,0.9996323529411765,0.9992606259395928,0.9994454662968785,270.6,0.8107222423748233,0.5959999999999999,0.6377431818347661,49.9,0.9960000000000001,0.9772534013605443,0.986333787822827,48.2
False,True,False,5000,"(1, 3)",False,false,True,0.9142079344175482,0.8055238735772754,0.7693564537139167,0.773021218751335,0.9589033376587611,0.9420862641008627,0.949973933984972,274.7,0.7427558627818189,0.7410018552875696,0.7340926318364847,98.8,0.7489104401412956,0.8694805194805196,0.8013731200966389,154.0,0.2,0.09166666666666666,0.12000000000000002,3.3,0.9976978273868845,0.992438460492316,0.9949575171281063,171.7,1.0,0.9911302446357798,0.9954708977449063,270.6,0.7999235206494439,0.5559591836734694,0.6053559146762935,49.9,0.9960000000000001,0.9710884353741497,0.9829457345432788,48.2
False,False,True,1000,"(1, 1)",False,false,False,0.9134614915617989,0.8334546706716844,0.8213130701905695,0.8203131011371088,0.9500816192934968,0.9286303915063039,0.9384906230148466,274.7,0.7122998721903923,0.6994331065759638,0.6980254052999373,98.8,0.7918243425200482,0.8435064935064936,0.8139899166727773,154.0,0.45499999999999996,0.4416666666666666,0.43944444444444447,3.3,0.9909161851320241,0.9988372093023254,0.9948156863680582,171.7,0.9996323529411765,0.9992606259395928,0.9994454662968785,270.6,0.774010652870805,0.6799183673469388,0.6920293193948288,49.9,0.9938723404255321,0.9792517006802722,0.9862639476050996,48.2
False,False,True,1000,"(1, 1)",True,false,False,0.9159828483632261,0.8436849081036494,0.8123874846389413,0.8179522990428317,0.9508036574576731,0.936269409422694,0.9428996922290495,274.7,0.7187963473755743,0.7480004122861266,0.7254495892173491,98.8,0.7873738818941187,0.8337662337662339,0.8066811863820755,154.0,0.475,0.375,0.40499999999999997,3.3,0.9982625352870009,0.9988372093023254,0.9985473493167308,171.7,0.9981644580909286,0.9992606259395928,0.9987095026775537,270.6,0.8250783847238994,0.6618775510204081,0.697361511581607,49.9,0.9960000000000001,0.9460884353741497,0.9689695609382877,48.2
False,False,True,1000,"(1, 1)",False,false,True,0.9119679090541691,0.8358681974193314,0.7958298191446984,0.8037393038618228,0.9453115275370887,0.9329860650298608,0.9383968486586725,274.7,0.7226532874447356,0.736837765409194,0.7210842134764918,98.8,0.7715733133130043,0.840909090909091,0.8010315015366067,154.0,0.45,0.25833333333333336,0.31333333333333335,3.3,0.9977043189368769,0.991860465116279,0.9946480483162121,171.7,0.9996323529411765,0.9914992483258166,0.9954800516576094,270.6,0.8040707791817671,0.6619591836734694,0.6932093235970129,49.9,0.9960000000000001,0.9522534013605443,0.9727311103186433,48.2
False,False,True,1000,"(1, 2)",False,false,False,0.9145816784425215,0.8327696149595185,0.8107532580911002,0.814324081405054,0.9609588125206973,0.9308108825481087,0.9449092771984517,274.7,0.7283101597462742,0.7156153370439085,0.7144164101439567,98.8,0.7761489454914182,0.8422077922077923,0.8059333674687899,154.0,0.4583333333333333,0.35,0.38357142857142856,3.3,0.990968402786922,0.9988372093023254,0.9948289702745695,171.7,1.0,0.9992606259395928,0.9996296283594936,270.6,0.7534780821240343,0.6659183673469388,0.6829798737589436,49.9,0.9939591836734696,0.983375850340136,0.9883236954647968,48.2
False,False,True,1000,"(1, 2)",True,false,False,0.9160755222487005,0.8353080891232862,0.8093129896894464,0.8145313648350175,0.9609524548913078,0.9366330457863304,0.9480707668993802,274.7,0.7133438307623512,0.7500000000000001,0.7235890839267458,98.8,0.784627569605543,0.8337662337662339,0.8055712545652787,154.0,0.45,0.35,0.38,3.3,0.9982625352870009,0.9988372093023254,0.9985473493167308,171.7,0.9985294117647058,0.9992606259395928,0.9988929876737622,270.6,0.7807489106753813,0.6578775510204082,0.6909730797947253,49.9,0.9960000000000001,0.9481292517006803,0.9706063965035179,48.2
False,False,True,1000,"(1, 2)",False,false,True,0.913835235586772,0.8207477325489577,0.7914005387102289,0.7974746876059817,0.9553085616272942,0.9373603185136032,0.9457258551982971,274.7,0.7198614145150863,0.7328076685219542,0.7180236726830448,98.8,0.7778792209128067,0.8331168831168831,0.8012057376226436,154.0,0.35,0.225,0.2633333333333333,3.3,0.9932218709387088,0.9988372093023254,0.9959734554213993,171.7,0.9996323529411765,0.9977846111794451,0.9987019718730867,270.6,0.7761192557831212,0.6519183673469389,0.6839381517673685,49.9,0.9939591836734696,0.9543792517006804,0.9728953229486809,48.2
False,False,True,1000,"(1, 3)",False,false,False,0.9154216661789094,0.8444514934422447,0.8236145850317417,0.8264691392008501,0.96007483585671,0.9311771731917717,0.9447297443676481,274.7,0.7281732924802127,0.7176458462172748,0.7144040061313103,98.8,0.7836869177351636,0.840909090909091,0.8088646783596115,154.0,0.5416666666666666,0.4416666666666666,0.4716666666666667,3.3,0.9903870074380847,0.9988372093023254,0.9945374250850652,171.7,1.0,0.9992606259395928,0.9996296283594936,270.6,0.7576640436876505,0.6739183673469389,0.688476499797825,49.9,0.9939591836734696,0.985501700680272,0.9894444648391806,48.2
False,False,True,1000,"(1, 3)",True,false,False,0.9152357087113453,0.8342666946708673,0.807579329771708,0.8130903417578506,0.9608431139070565,0.9373629727936297,0.9484555344226427,274.7,0.7106840579525407,0.744949494949495,0.7197173148504611,98.8,0.7820973500679138,0.8324675324675326,0.8035356647938892,154.0,0.45,0.35,0.38,3.3,0.9982625352870009,0.9988372093023254,0.9985473493167308,171.7,0.9985294117647058,0.9992606259395928,0.9988929876737622,270.6,0.7777170883877221,0.655877551020408,0.6885920680419182,49.9,0.9960000000000001,0.9418792517006803,0.9669818149633999,48.2
False,False,True,1000,"(1, 3)",False,false,True,0.9136484071240437,0.8326233126497737,0.7983552258881302,0.8054918286700724,0.9573119300853655,0.9377239548772396,0.9469734487925155,274.7,0.7107215882101086,0.7328282828282828,0.7136665998358661,98.8,0.7774960991228672,0.8298701298701298,0.7995337752501015,154.0,0.45,0.2833333333333333,0.32999999999999996,3.3,0.9932218709387088,0.9988372093023254,0.9959734554213993,171.7,1.0,0.9977846111794451,0.9988861339357019,270.6,0.7762350128411392,0.6479183673469388,0.6826741967941585,49.9,0.9960000000000001,0.9585459183673469,0.9762270193308364,48.2
False,False,True,5000,"(1, 1)",False,false,False,0.9143956338754409,0.841023611169885,0.8222851039969037,0.8227498058620538,0.949203105564093,0.9289953550099534,0.9382421102309214,274.7,0.7191284145242364,0.7034735106163679,0.7033595064849443,98.8,0.7891348511012041,0.8467532467532468,0.8143311298971678,154.0,0.505,0.4416666666666666,0.4494444444444444,3.3,0.9909161851320241,0.9988372093023254,0.9948156863680582,171.7,0.9996323529411765,0.9992606259395928,0.9994454662968785,270.6,0.7813016396708141,0.68,0.6960735330716786,49.9,0.9938723404255321,0.9792942176870749,0.9862865701023384,48.2
False,False,True,5000,"(1, 1)",True,false,False,0.9142086312136796,0.837565821002652,0.8028273922902345,0.8095512714887627,0.9498942697685482,0.9348108825481087,0.9417179197150795,274.7,0.7186248181827359,0.7439703153988867,0.72226956127367,98.8,0.7813921467512742,0.8350649350649352,0.8039797349033547,154.0,0.45,0.325,0.3633333333333333,3.3,0.9982625352870009,0.9988372093023254,0.9985473493167308,171.7,0.9981644580909286,0.9992606259395928,0.9987095026775537,270.6,0.8081883399407273,0.6478775510204081,0.6834442155221104,49.9,0.9960000000000001,0.9377976190476189,0.9644085551682693,48.2
False,False,True,5000,"(1, 1)",False,false,True,0.9119685187507841,0.8179483334492079,0.7835623854401438,0.7891493217238643,0.9451841464300188,0.9322627737226277,0.9380352320393854,274.7,0.7166576870930865,0.7328282828282828,0.7143556125319568,98.8,0.7740026137082244,0.85,0.806966135037983,154.0,0.3,0.19166666666666665,0.22000000000000003,3.3,0.9976911446817255,0.9901162790697674,0.9936726661161301,171.7,0.9996323529411765,0.9977832444991117,0.9987033499847483,270.6,0.816459539065962,0.6318775510204081,0.6750888267746061,49.9,0.9939591836734696,0.9419642857142858,0.9663727513061044,48.2
False,False,True,5000,"(1, 2)",False,false,False,0.9186899013336678,0.8444000973525435,0.8265663523981661,0.8275928848070402,0.9623896870516269,0.9362694094226942,0.9485771514752261,274.7,0.7352361368517858,0.7124922696351267,0.716295743471833,98.8,0.7849762059757398,0.8545454545454545,0.8160081055057361,154.0,0.515,0.4416666666666666,0.45499999999999996,3.3,0.9909391389224197,0.9988372093023254,0.9948206645541559,171.7,0.9996323529411765,0.9992606259395928,0.9994454662968785,270.6,0.7730680734041306,0.6839999999999999,0.7011741048105484,49.9,0.9939591836734696,0.9854591836734695,0.9894218423419415,48.2
False,False,True,5000,"(1, 2)",True,false,False,0.9168223135025155,0.8381920278779266,0.7990710508912346,0.8073948788551215,0.9613578861467662,0.935907100199071,0.9478502767220551,274.7,0.7241030870028043,0.7479901051329623,0.7269432225278807,98.8,0.7782604224549415,0.8428571428571431,0.8061903071841117,154.0,0.45,0.25833333333333336,0.31333333333333335,3.3,0.9982625352870009,0.9982558139534883,0.9982558041272265,171.7,0.9992673992673993,0.9992606259395928,0.9992619813006701,270.6,0.7982848928645007,0.6659591836734694,0.6990240331357571,49.9,0.9960000000000001,0.9440051020408162,0.9683000725099383,48.2
False,False,True,5000,"(1, 2)",False,false,True,0.9144884819599483,0.8213499408703736,0.7882953736718568,0.7939470509700728,0.9497990505611369,0.935901791639018,0.9421859865550284,274.7,0.7327285885127854,0.740878169449598,0.7281618635652874,98.8,0.7662768441506467,0.8506493506493508,0.8027349122546376,154.0,0.3,0.19166666666666665,0.22000000000000003,3.3,0.9988405699690818,0.9982558139534883,0.9985456591996902,171.7,1.0,0.9911302446357798,0.9954708977449063,270.6,0.8312361064223992,0.6559591836734693,0.6998701517199519,49.9,0.9919183673469387,0.941921768707483,0.9646069367210807,48.2
False,False,True,5000,"(1, 3)",False,false,False,0.9186899013336678,0.8462114125335647,0.8305759734109156,0.8295972388239987,0.9610612660183209,0.9348069011280691,0.947103484751171,274.7,0.7331430918409928,0.7114924757781902,0.7149226381774755,98.8,0.7893698162374054,0.8577922077922079,0.8199080854353366,154.0,0.525,0.475,0.4716666666666667,3.3,0.9909391389224197,0.9988372093023254,0.9948206645541559,171.7,0.9996323529411765,0.9992606259395928,0.9994454662968785,270.6,0.7765864506347331,0.6839999999999999,0.7005414678666446,49.9,0.9939591836734696,0.9834183673469388,0.9883694368436599,48.2
False,False,True,5000,"(1, 3)",True,false,False,0.9174759953732737,0.8385069616742493,0.8083357272992894,0.8144792334187709,0.962479586665111,0.9369966821499668,0.9489756933971126,274.7,0.7239395185872114,0.7509894867037724,0.7289654598800155,98.8,0.7823072836483528,0.8402597402597403,0.8073545337645737,154.0,0.45,0.325,0.3633333333333333,3.3,0.9982625352870009,0.9982558139534883,0.9982558041272265,171.7,0.9981644580909286,0.9992606259395928,0.9987095026775537,270.6,0.79690231111539,0.6719183673469388,0.7021475190554299,49.9,0.9960000000000001,0.9440051020408162,0.9680920211149218,48.2
False,False,True,5000,"(1, 3)",False,false,True,0.9149550740694288,0.8130274492950471,0.7885869143953388,0.7928668861577859,0.952948374915023,0.9399057730590575,0.9458404387849697,274.7,0.7374436773926456,0.7418779633065347,0.7305560515929371,98.8,0.7703034433694964,0.8512987012987013,0.8050104189840862,154.0,0.25,0.19166666666666665,0.21333333333333332,3.3,0.9988405699690818,0.9924418604651162,0.9955339010858912,171.7,1.0,0.9914992483258166,0.9956642137202246,270.6,0.7986835287141316,0.6519183673469386,0.6868067391253362,49.9,0.9960000000000001,0.9480867346938776,0.9701899926355084,48.2
False,False,False,1000,"(1, 1)",False,false,False,0.9203702252045097,0.8372986536243641,0.8281164161501655,0.8257746950458771,0.9571042780466141,0.9319031187790312,0.9437075152512694,274.7,0.7391564736054403,0.7277468563182848,0.727622406067523,98.8,0.8066985758542777,0.8681818181818184,0.8340352681748453,154.0,0.44833333333333336,0.4416666666666666,0.43388888888888894,3.3,0.990968402786922,0.9988372093023254,0.9948289702745695,171.7,0.9992647058823529,0.9992606259395928,0.9992613042342633,270.6,0.7608634594859722,0.6759999999999999,0.6844839967126626,49.9,0.9960000000000001,0.9813350340136054,0.9883692107629942,48.2
False,False,False,1000,"(1, 1)",True,false,False,0.9206508598464263,0.842804803863635,0.8040877155718367,0.811457740273711,0.9548990435418853,0.9377226277372263,0.9457193851016072,274.7,0.7391617265254695,0.7632034632034632,0.7433324442575269,98.8,0.8053575738363566,0.8623376623376624,0.8301106422448686,154.0,0.4666666666666666,0.2833333333333333,0.3371428571428572,3.3,0.9982625352870009,0.9988372093023254,0.9985473493167308,171.7,0.9981644580909286,0.9992606259395928,0.9987095026775537,270.6,0.7839264269607711,0.6419183673469387,0.668798655238102,49.9,0.9960000000000001,0.9460884353741497,0.9693010862104428,48.2
False,False,False,1000,"(1, 1)",False,false,True,0.9191569289407306,0.8358665773226577,0.7980745690796205,0.8037821502498638,0.9494369049881695,0.9399110816191107,0.9442121677103679,274.7,0.7442771884920182,0.7490414347557204,0.7393598214700464,98.8,0.7974123386087688,0.8707792207792208,0.829301402902556,154.0,0.4,0.225,0.27,3.3,0.9977043189368769,0.991860465116279,0.9946480483162121,171.7,0.9996168582375479,0.9914992483258166,0.9954794430845426,270.6,0.8025666419709397,0.6599999999999999,0.6820292178171969,49.9,0.9959183673469388,0.9565051020408163,0.9752271006979882,48.2
False,False,False,1000,"(1, 2)",False,false,False,0.9195304116671545,0.8402214497908457,0.8225922668006447,0.824879967719616,0.9688735697352981,0.9322654280026542,0.9496852498201829,274.7,0.7351605117928839,0.7348278705421561,0.7288768931543521,98.8,0.792224294571836,0.8655844155844157,0.8254560155650361,154.0,0.4916666666666666,0.41666666666666663,0.445,3.3,0.9909717634536784,0.9988372093023254,0.9948306554784793,171.7,0.9996323529411765,0.9992606259395928,0.9994454662968785,270.6,0.747242439165227,0.6519183673469389,0.66737602459834,49.9,0.9960000000000001,0.9813775510204081,0.9883694368436599,48.2
False,False,False,1000,"(1, 2)",True,false,False,0.9213039320205695,0.838359234732974,0.8143902949369158,0.818688713279833,0.9683923100532837,0.9377226277372264,0.9523302790494215,274.7,0.7373641324893873,0.7712842712842713,0.7470732902746022,98.8,0.796971702535597,0.8558441558441559,0.8228847781159082,154.0,0.45,0.35,0.38,3.3,0.9959768210012866,0.9988372093023254,0.997391279952569,171.7,0.9985294117647058,0.9992606259395928,0.9988929876737622,270.6,0.763639500019531,0.6519183673469386,0.6791382738824703,49.9,0.9960000000000001,0.9502551020408163,0.9717988172899299,48.2
False,False,False,1000,"(1, 2)",False,false,True,0.9209311460902769,0.8187856275787666,0.7942121371870561,0.7981449702612681,0.9627968408246244,0.9417292634372927,0.9517331627137988,274.7,0.7376716938279843,0.7560812203669347,0.7400300874650054,98.8,0.7966134863778218,0.8584415584415584,0.8235904908463654,154.0,0.3,0.19166666666666665,0.22000000000000003,3.3,0.9932350451938603,0.9982558139534883,0.9956835417296899,171.7,1.0,0.9988916222495557,0.9994447854759446,270.6,0.7660087707323732,0.6459183673469389,0.67710946297711,49.9,0.9939591836734696,0.9627125850340136,0.9775682308822307,48.2
False,False,False,1000,"(1, 3)",False,false,False,0.9185032470699724,0.8436433531338304,0.8250846765603903,0.8281385684461865,0.9668294148158317,0.9319031187790312,0.9486206208268364,274.7,0.7324422361331191,0.7226860441146156,0.7207054867976669,98.8,0.7878438181230895,0.862987012987013,0.8216280386245238,154.0,0.5083333333333333,0.4416666666666666,0.46880952380952384,3.3,0.9915238949380134,0.9988372093023254,0.99511389494757,171.7,0.9996323529411765,0.9992606259395928,0.9994454662968785,270.6,0.7685825911126097,0.6599183673469389,0.6824160794228329,49.9,0.9939591836734696,0.9834183673469388,0.9883694368436599,48.2
False,False,False,1000,"(1, 3)",True,false,False,0.92018391933888,0.8379441283367706,0.8123647895760676,0.8169545456868572,0.9679787691196674,0.9377239548772396,0.9521430211229835,274.7,0.7307763638305406,0.763162234590806,0.7390806979811443,98.8,0.7929710719258165,0.855844155844156,0.8207134050984439,154.0,0.45,0.35,0.38,3.3,0.9976811399381637,0.9988372093023254,0.9982558041272265,171.7,0.9988970588235293,0.9992606259395928,0.9990771497363772,270.6,0.7692486230564475,0.6459183673469389,0.6758112827229426,49.9,0.9960000000000001,0.9481717687074831,0.9705550047057405,48.2
False,False,False,1000,"(1, 3)",False,false,True,0.9175703241495604,0.8227950189855578,0.7978359438237344,0.8023877489569056,0.9632141460951885,0.9370033178500332,0.9494627184116492,274.7,0.7194877678705722,0.740909090909091,0.722400211959403,98.8,0.7917361640072125,0.8532467532467531,0.8185329792178189,154.0,0.35,0.25,0.27999999999999997,3.3,0.9932350451938603,0.9982558139534883,0.9956835417296899,171.7,1.0,0.9988916222495557,0.9994447854759446,270.6,0.768687028717629,0.6479183673469388,0.678299926765297,49.9,0.9960000000000001,0.9564625850340136,0.9752778280954422,48.2
False,False,False,5000,"(1, 1)",False,false,False,0.9235447412795965,0.8481036134820521,0.8297027546863542,0.830082686353065,0.9576945935248984,0.937360318513603,0.9469173175610907,274.7,0.762120709847111,0.7328076685219542,0.7408674400574023,98.8,0.8034016761037609,0.8805194805194805,0.8380107771714094,154.0,0.49833333333333335,0.4416666666666666,0.4438888888888889,3.3,0.991520534271257,0.9988372093023254,0.9951122097436602,171.7,0.9992647058823529,0.9992606259395928,0.9992613042342633,270.6,0.7764933548937025,0.672,0.6914373002785188,49.9,0.9960000000000001,0.9751700680272108,0.9851662528892859,48.2
False,False,False,5000,"(1, 1)",True,false,False,0.9202778126175843,0.8406670823299744,0.8005784133661058,0.8082152049641425,0.9548102854207781,0.93735899137359,0.9455063057008205,274.7,0.7433662234706986,0.7631828488971346,0.7441181490178257,98.8,0.7992442778245151,0.8616883116883116,0.8264742012821454,154.0,0.45,0.25833333333333336,0.31333333333333335,3.3,0.9988405699690818,0.9988372093023254,0.9988372043891947,171.7,0.9981644580909286,0.9992606259395928,0.9987095026775537,270.6,0.7849108438637933,0.6398775510204081,0.6694649759834475,49.9,0.9960000000000001,0.9460884353741497,0.9692779673288185,48.2
False,False,False,5000,"(1, 1)",False,false,True,0.9188784717867247,0.837680152542133,0.7941787157171923,0.801533430953375,0.9516614422379048,0.9402747179827472,0.9454559371506572,274.7,0.7414886953750883,0.7551020408163265,0.7397002653869782,98.8,0.7844201221612599,0.8714285714285716,0.8227485402515924,154.0,0.4,0.225,0.27,3.3,0.9982691793638064,0.9936046511627905,0.9958748222664922,171.7,1.0,0.9940945742790761,0.9969937340287744,270.6,0.8316425975255347,0.6298775510204081,0.6741203835358975,49.9,0.9939591836734692,0.944047619047619,0.9673737650066089,48.2
False,False,False,5000,"(1, 2)",False,false,False,0.9299862731162116,0.8567706503186143,0.844175128365421,0.8416886477439386,0.9722591170215411,0.9417319177173192,0.9562903111724378,274.7,0.77201888302627,0.7621212121212121,0.7609835271714882,98.8,0.8153317213235477,0.8941558441558441,0.8511742975253215,154.0,0.5328571428571428,0.5,0.4844444444444444,3.3,0.9897963963402224,0.9988372093023254,0.9942459905388313,171.7,0.9996323529411765,0.9992606259395928,0.9994454662968785,270.6,0.7762695890390138,0.6779999999999999,0.6996538548355924,49.9,0.9960000000000001,0.9792942176870749,0.9872712899665151,48.2
False,False,False,5000,"(1, 2)",True,false,False,0.9256918314589517,0.8459569455110036,0.8155192503069426,0.8215527069539696,0.968788527887002,0.9388135368281354,0.9530789389480135,274.7,0.7519292780515803,0.7823953823953824,0.759151653179581,98.8,0.8011135181230191,0.8779220779220781,0.8352823087075303,154.0,0.45,0.325,0.3633333333333333,3.3,0.9982625352870009,0.9988372093023254,0.9985473493167308,171.7,0.9992673992673993,0.9992606259395928,0.9992619813006701,270.6,0.8022943054720276,0.657877551020408,0.6954403638654968,49.9,0.9960000000000001,0.9440476190476191,0.968325726980402,48.2
False,False,False,5000,"(1, 2)",False,false,True,0.9218647658068203,0.820031292694247,0.7937457266981951,0.7981913519065488,0.9597949442663627,0.9431811546118116,0.950949891351663,274.7,0.7601649910392088,0.7672747887033602,0.7556621542436825,98.8,0.7820597328177896,0.8837662337662338,0.8268042389549194,154.0,0.25,0.19166666666666665,0.21333333333333332,3.3,0.9988405699690818,0.9930232558139535,0.9958431924131468,171.7,1.0,0.9911302446357798,0.9954708977449063,270.6,0.8154309197880625,0.6379591836734695,0.6812911216117379,49.9,0.9939591836734692,0.9419642857142858,0.9661759855990004,48.2
False,False,False,5000,"(1, 3)",False,false,False,0.9288654765388744,0.8533805154472631,0.839698838062195,0.837709334008497,0.9709311754815095,0.9428254810882549,0.9562022990749082,274.7,0.7735735821128856,0.7540300968872398,0.7573020192398119,98.8,0.8149593512600436,0.8902597402597404,0.8487819687677034,154.0,0.5178571428571429,0.475,0.465,3.3,0.9892656700832392,0.9988372093023254,0.9939676022604429,171.7,0.9996323529411765,0.9992606259395928,0.9994454662968785,270.6,0.764824848842108,0.6759999999999999,0.6926058795845711,49.9,0.9960000000000001,0.9813775510204081,0.9883694368436599,48.2
False,False,False,5000,"(1, 3)",True,false,False,0.9251315202697995,0.8472671787346808,0.8187582248975531,0.8244783951900894,0.9680433062157615,0.938816191108162,0.9527527295752272,274.7,0.7490932984130065,0.7783343640486498,0.7550475634001999,98.8,0.8039700970533541,0.8727272727272727,0.8340658600597302,154.0,0.4666666666666666,0.35,0.3871428571428572,3.3,0.9982625352870009,0.9988372093023254,0.9985473493167308,171.7,0.9981644580909286,0.9992606259395928,0.9987095026775537,270.6,0.7979370681507274,0.6659591836734694,0.6999816538727164,49.9,0.9960000000000001,0.9461309523809524,0.9695796454756997,48.2
False,False,False,5000,"(1, 3)",False,false,True,0.9231709972546233,0.819918878032676,0.7960702097616146,0.8001962973891843,0.9608034414513685,0.9460955540809554,0.9530165094414738,274.7,0.7673267365544807,0.7702741702741702,0.7608588525273047,98.8,0.7889421960774926,0.8798701298701299,0.8287773110100524,154.0,0.25,0.19166666666666665,0.21333333333333332,3.3,0.9988405699690818,0.9930232558139535,0.9958431924131468,171.7,1.0,0.9914992483258166,0.9956642137202246,270.6,0.7974380802089855,0.6499591836734695,0.68436833387407,49.9,0.9960000000000001,0.946173469387755,0.9697086327938683,48.2
