Lower Case,Remove Stop Words,Stem,Max Features,N-gram Range,TF,TFIDF,Alpha_Naive_Bayes,Accuracy,Macro Precision,Macro Recall,Macro F1-Score,Functional Precision,Functional Recall,Functional F1-Score,Functional Support,Code Precision,Code Recall,Code F1-Score,Code Support,IDE Precision,IDE Recall,IDE F1-Score,IDE Support,General Precision,General Recall,General F1-Score,General Support,Notice Precision,Notice Recall,Notice F1-Score,Notice Support,ToDo Precision,ToDo Recall,ToDo F1-Score,ToDo Support
TRUE,FALSE,FALSE,1000,1.1,FALSE,FALSE,0.001,97.52613856,0.927774549,0.872324111,0.889379985,0.970445408,0.982753292,0.976535966,527.5,0.798333333,0.566666667,0.62452381,3.3,0.994248943,0.998833809,0.996523269,171.7,1,0.999260626,0.999629628,270.6,0.812052824,0.711387755,0.75595876,49.9,0.991566785,0.975042517,0.983108476,48.2
TRUE,FALSE,FALSE,1000,1.1,TRUE,FALSE,0.001,97.84355533,0.9411756,0.876135852,0.896204732,0.970273098,0.98862666,0.979349763,527.5,0.826666667,0.575,0.633095238,3.3,0.998826969,0.997664219,0.998243894,171.7,0.999264706,0.999260626,0.999260625,270.6,0.85419607,0.725387755,0.78327353,49.9,0.997826087,0.97087585,0.984005345,48.2
TRUE,FALSE,FALSE,1000,1.1,FALSE,TRUE,0.001,97.73152793,0.933562658,0.883510324,0.901033415,0.970411584,0.987488859,0.978862504,527.5,0.801666667,0.633333333,0.679047619,3.3,0.997112684,0.997082823,0.997087796,171.7,0.999630996,0.998891622,0.999259943,270.6,0.836722491,0.715387755,0.769997758,49.9,0.995831524,0.968877551,0.981944874,48.2
TRUE,FALSE,FALSE,1000,1.2,FALSE,FALSE,0.001,97.46083135,0.922351031,0.888458807,0.897340948,0.970975148,0.980852524,0.97586064,527.5,0.79,0.666666667,0.684761905,3.3,0.996544889,0.999418605,0.997970956,171.7,1,0.999260626,0.999629628,270.6,0.786754623,0.707428571,0.742604586,49.9,0.989831524,0.97712585,0.983217971,48.2
TRUE,FALSE,FALSE,1000,1.2,TRUE,FALSE,0.001,97.63821822,0.934491531,0.875663797,0.896531205,0.969312518,0.986541171,0.977837908,527.5,0.825,0.6,0.667380952,3.3,0.998830409,0.998249014,0.998538864,171.7,0.999630996,0.999260626,0.999444785,270.6,0.820658985,0.705306122,0.757312375,49.9,0.99351628,0.96462585,0.978672348,48.2
TRUE,FALSE,FALSE,1000,1.2,FALSE,TRUE,0.001,97.66625556,0.945105907,0.867795314,0.89225716,0.970393511,0.986162383,0.978197356,527.5,0.891666667,0.541666667,0.637380952,3.3,0.997687784,0.999418605,0.99854733,171.7,0.999261993,0.999260626,0.999259943,270.6,0.820142037,0.709387755,0.759220283,49.9,0.991483452,0.97087585,0.980937097,48.2 
TRUE,FALSE,FALSE,1000,1.3,FALSE,FALSE,0.001,97.43280272,0.922898355,0.877021225,0.888961326,0.970243989,0.980852884,0.975481539,527.5,0.79,0.6,0.634761905,3.3,0.997687784,0.999418605,0.99854733,171.7,0.999632353,0.999260626,0.999445466,270.6,0.787990968,0.705469388,0.741304324,49.9,0.991835034,0.97712585,0.984227393,48.2
TRUE,FALSE,FALSE,1000,1.3,TRUE,FALSE,0.001,97.66622072,0.935349891,0.876081357,0.897064078,0.969508631,0.986920677,0.97812133,527.5,0.825,0.6,0.667380952,3.3,0.998830409,0.998249014,0.998538864,171.7,0.999630996,0.999260626,0.999444785,270.6,0.823529699,0.705306122,0.758097834,49.9,0.995599613,0.966751701,0.9808007,48.2
TRUE,FALSE,FALSE,1000,1.3,FALSE,TRUE,0.001,97.61957893,0.941197556,0.86672532,0.889565215,0.970025613,0.985783236,0.977824077,527.5,0.875,0.541666667,0.627857143,3.3,0.997687784,0.999418605,0.99854733,171.7,0.999261993,0.999260626,0.999259943,270.6,0.815900409,0.703346939,0.753995216,49.9,0.989309538,0.97087585,0.979907584,48.2
TRUE,FALSE,FALSE,5000,1.1,FALSE,FALSE,0.001,97.89956903,0.943399941,0.889179659,0.907366693,0.972597085,0.987299465,0.97987435,527.5,0.841666667,0.633333333,0.69047619,3.3,0.994248983,0.998833809,0.996523284,171.7,1,0.998890256,0.9994441,270.6,0.855970243,0.735428571,0.789465327,49.9,0.995916667,0.981292517,0.988416909,48.2
TRUE,FALSE,FALSE,5000,1.1,TRUE,FALSE,0.001,97.95559144,0.94684622,0.87744808,0.899804897,0.970883911,0.990333362,0.980487607,527.5,0.841666667,0.575,0.643809524,3.3,0.998826969,0.997664219,0.998243894,171.7,0.998901099,0.999260626,0.999077142,270.6,0.872839492,0.727387755,0.791035466,49.9,0.997959184,0.975042517,0.986175747,48.2
TRUE,FALSE,FALSE,5000,1.1,FALSE,TRUE,0.001,97.85291853,0.952104345,0.86551833,0.89425111,0.968919891,0.990901544,0.979768294,527.5,0.875,0.516666667,0.618095238,3.3,0.997096029,0.994753842,0.995906284,171.7,0.999261993,0.998522619,0.998890939,270.6,0.872348156,0.723387755,0.788796237,49.9,1,0.968877551,0.984049671,48.2
TRUE,FALSE,FALSE,5000,1.2,FALSE,FALSE,0.001,97.94633276,0.935322791,0.889024411,0.903836717,0.972793355,0.98824931,0.980445699,527.5,0.781666667,0.633333333,0.664285714,3.3,0.995385459,0.998833809,0.997098011,171.7,1,0.999260626,0.999629628,270.6,0.866218926,0.741510204,0.797444706,49.9,0.99587234,0.972959184,0.984116541,48.2
TRUE,FALSE,FALSE,5000,1.2,TRUE,FALSE,0.001,98.02095963,0.946561983,0.888624648,0.909370525,0.972121153,0.990143249,0.981035553,527.5,0.835,0.633333333,0.692380952,3.3,0.998255775,0.998833809,0.998542259,171.7,0.999630996,0.999260626,0.999444785,270.6,0.874363976,0.743510204,0.802028151,49.9,1,0.966666667,0.982791446,48.2
TRUE,FALSE,FALSE,5000,1.2,FALSE,TRUE,0.001,97.95563499,0.948346526,0.879082565,0.902739027,0.970018272,0.991470444,0.98060546,527.5,0.835,0.6,0.662380952,3.3,0.997106349,0.998252414,0.997672679,171.7,0.999263349,0.999260626,0.999260623,270.6,0.888691186,0.735469388,0.802373827,49.9,1,0.950042517,0.974140617,48.2
TRUE,FALSE,FALSE,5000,1.3,FALSE,FALSE,0.001,97.87162751,0.931589801,0.886350882,0.900071767,0.97151178,0.988248951,0.979798761,527.5,0.766666667,0.633333333,0.653571429,3.3,0.996541528,0.998833809,0.997677721,171.7,1,0.999260626,0.999629628,270.6,0.858946488,0.725469388,0.78563652,49.9,0.99587234,0.972959184,0.984116541,48.2
TRUE,FALSE,FALSE,5000,1.3,TRUE,FALSE,0.001,97.96494593,0.944781974,0.888133367,0.908310117,0.971919622,0.989195561,0.980464857,527.5,0.835,0.633333333,0.692380952,3.3,0.998255775,0.998833809,0.998542259,171.7,0.999630996,0.999260626,0.999444785,270.6,0.863885453,0.741510204,0.796236401,49.9,1,0.966666667,0.982791446,48.2
TRUE,FALSE,FALSE,5000,1.3,FALSE,TRUE,0.001,97.93696956,0.946509547,0.88023447,0.902511639,0.969977189,0.991091297,0.98041215,527.5,0.835,0.608333333,0.665714286,3.3,0.998255775,0.998833809,0.998542259,171.7,0.999630996,0.999260626,0.999444785,270.6,0.878276656,0.723428571,0.792305664,49.9,0.997916667,0.960459184,0.97865069,48.2
TRUE,FALSE,TRUE,1000,1.1,FALSE,FALSE,0.001,97.67551424,0.930966702,0.876347328,0.892261861,0.972503301,0.983888577,0.978139833,527.5,0.8,0.566666667,0.620238095,3.3,0.994245583,0.998249014,0.996230033,171.7,0.998537462,0.998890256,0.998709479,270.6,0.826723156,0.735346939,0.776116078,49.9,0.993790708,0.975042517,0.984137645,48.2
TRUE,FALSE,TRUE,1000,1.1,TRUE,FALSE,0.001,97.91829543,0.940158743,0.88434104,0.90157,0.972264323,0.988439423,0.980266718,527.5,0.816666667,0.608333333,0.654761905,3.3,0.998248935,0.997664219,0.997954039,171.7,0.998901099,0.999260626,0.999077142,270.6,0.854871438,0.739346939,0.791226963,49.9,1,0.973001701,0.98613323,48.2
TRUE,FALSE,TRUE,1000,1.1,FALSE,TRUE,0.001,97.84357275,0.934760317,0.880738132,0.897605525,0.971521175,0.988438704,0.979897945,527.5,0.791666667,0.6,0.640714286,3.3,0.997099509,0.997082823,0.997084459,171.7,0.99962963,0.998890256,0.999259258,270.6,0.848644921,0.735306122,0.786889855,49.9,1,0.964710884,0.981787347,48.2
TRUE,FALSE,TRUE,1000,1.2,FALSE,FALSE,0.001,97.55421074,0.91031835,0.887623482,0.893726589,0.971552747,0.982750058,0.977104793,527.5,0.706666667,0.658333333,0.655714286,3.3,0.997687784,0.999418605,0.99854733,171.7,1,0.998890256,0.9994441,270.6,0.800462194,0.711306122,0.751512897,49.9,0.985540708,0.975042517,0.980036132,48.2
TRUE,FALSE,TRUE,1000,1.2,TRUE,FALSE,0.001,97.79689612,0.944316782,0.878333958,0.90208169,0.970260125,0.988437985,0.979252714,527.5,0.858333333,0.6,0.680714286,3.3,0.998830409,0.998249014,0.998538864,171.7,0.999630996,0.999260626,0.999444785,270.6,0.845287033,0.717346939,0.7747713,49.9,0.993558797,0.966709184,0.979768189,48.2
TRUE,FALSE,TRUE,1000,1.2,FALSE,TRUE,0.001,97.72223442,0.945642079,0.873787912,0.897751069,0.970603577,0.98711079,0.978770766,527.5,0.883333333,0.575,0.664761905,3.3,0.997109749,0.999418605,0.998257475,171.7,0.999260626,0.998890256,0.999074415,270.6,0.83410873,0.709306122,0.764686893,49.9,0.989436456,0.973001701,0.98095496,48.2
TRUE,FALSE,TRUE,1000,1.3,FALSE,FALSE,0.001,97.61952667,0.920713202,0.87754702,0.8920656,0.970326043,0.984837344,0.977519942,527.5,0.748333333,0.6,0.637142857,3.3,0.997106389,0.998833809,0.997964239,171.7,0.999632353,0.999260626,0.999445466,270.6,0.81925875,0.70522449,0.757101086,49.9,0.98962234,0.97712585,0.983220007,48.2
TRUE,FALSE,TRUE,1000,1.3,TRUE,FALSE,0.001,97.74088242,0.940182677,0.876917025,0.899083684,0.970072873,0.988058838,0.978970675,527.5,0.841666667,0.6,0.671190476,3.3,0.998252375,0.998249014,0.998249009,171.7,0.999630996,0.999260626,0.999444785,270.6,0.840040206,0.711265306,0.76896164,49.9,0.991432946,0.964668367,0.97768552,48.2
TRUE,FALSE,TRUE,1000,1.3,FALSE,TRUE,0.001,97.6662033,0.936060458,0.872716455,0.892841046,0.970388278,0.986352496,0.978291112,527.5,0.833333333,0.575,0.641904762,3.3,0.997109749,0.999418605,0.998257475,171.7,0.999261993,0.999260626,0.999259943,270.6,0.828873753,0.703265306,0.759408952,49.9,0.98739564,0.973001701,0.979924032,48.2
TRUE,FALSE,TRUE,5000,1.1,FALSE,FALSE,0.001,97.99292229,0.942367964,0.886083983,0.904550381,0.974445291,0.988057041,0.981183043,527.5,0.825,0.6,0.660952381,3.3,0.994248983,0.998833809,0.996523284,171.7,0.999632353,0.998890256,0.999259938,270.6,0.864881156,0.749387755,0.800921921,49.9,0.996,0.981335034,0.988461718,48.2
TRUE,FALSE,TRUE,5000,1.1,TRUE,FALSE,0.001,98.04893599,0.948003141,0.880171075,0.902071805,0.972499983,0.99071215,0.981505106,527.5,0.841666667,0.575,0.643809524,3.3,0.998248935,0.997664219,0.997954039,171.7,0.998901099,0.999260626,0.999077142,270.6,0.87670216,0.745387755,0.803951788,49.9,1,0.973001701,0.98613323,48.2
TRUE,FALSE,TRUE,5000,1.1,FALSE,TRUE,0.001,97.89025809,0.932522137,0.857373064,0.881885935,0.97016465,0.990902263,0.980413863,527.5,0.76,0.458333333,0.538333333,3.3,0.996521394,0.997082823,0.996791149,171.7,0.999261983,0.997780511,0.998518506,270.6,0.869184797,0.731346939,0.793298933,49.9,1,0.968792517,0.983959829,48.2
TRUE,FALSE,TRUE,5000,1.2,FALSE,FALSE,0.001,98.04897954,0.933843986,0.891813493,0.90475959,0.974448074,0.988817132,0.981561761,527.5,0.756666667,0.633333333,0.653571429,3.3,0.994807424,0.998833809,0.996808156,171.7,0.999632353,0.999260626,0.999445466,270.6,0.881637059,0.753510204,0.810881013,49.9,0.99587234,0.97712585,0.986289716,48.2
TRUE,FALSE,TRUE,5000,1.2,TRUE,FALSE,0.001,98.03963376,0.946885072,0.889513533,0.910060992,0.972661653,0.990144687,0.981311588,527.5,0.835,0.633333333,0.692380952,3.3,0.9976743,0.998249014,0.997957434,171.7,0.999630996,0.999260626,0.999444785,270.6,0.876343483,0.751510204,0.807554773,49.9,1,0.964583333,0.981716418,48.2
TRUE,FALSE,TRUE,5000,1.2,FALSE,TRUE,0.001,98.03028799,0.948805445,0.881236423,0.904208814,0.971646521,0.991849232,0.981625546,527.5,0.835,0.6,0.662380952,3.3,0.997106349,0.998833809,0.997964225,171.7,0.999261983,0.998890256,0.999075096,270.6,0.889817815,0.739469388,0.805624576,49.9,1,0.95837585,0.978582491,48.2
TRUE,FALSE,TRUE,5000,1.3,FALSE,FALSE,0.001,97.92761508,0.929427494,0.888659556,0.900778007,0.972979763,0.988058479,0.980441279,527.5,0.751666667,0.633333333,0.65,3.3,0.995963494,0.998833809,0.997387866,171.7,1,0.999260626,0.999629628,270.6,0.86212171,0.737428571,0.793003352,49.9,0.993833333,0.975042517,0.984205916,48.2
TRUE,FALSE,TRUE,5000,1.3,TRUE,FALSE,0.001,97.95562628,0.944363928,0.88800126,0.908146636,0.972115843,0.989195202,0.980565,527.5,0.835,0.633333333,0.692380952,3.3,0.998252335,0.998249014,0.998247289,171.7,0.999260626,0.999260626,0.999259944,270.6,0.861554767,0.745469388,0.797808357,49.9,1,0.9625,0.980618271,48.2
TRUE,FALSE,TRUE,5000,1.3,FALSE,TRUE,0.001,97.94629792,0.946449778,0.875870365,0.898200073,0.970534226,0.990901185,0.980596207,527.5,0.835,0.575,0.635714286,3.3,0.998255775,0.998833809,0.998542259,171.7,0.99962963,0.998890256,0.999259258,270.6,0.877452949,0.737387755,0.799731744,49.9,0.997826087,0.954209184,0.975356684,48.2
TRUE,TRUE,FALSE,1000,1.1,FALSE,FALSE,0.001,97.46077909,0.888297501,0.859567636,0.871898171,0.969718904,0.982751854,0.97616779,527.5,0.575,0.5,0.531190476,3.3,0.994814146,0.998833809,0.996809855,171.7,0.999267399,0.999260626,0.999261981,270.6,0.805326947,0.693183673,0.743599848,49.9,0.985657611,0.98337585,0.984359074,48.2
TRUE,TRUE,FALSE,1000,1.1,TRUE,FALSE,0.001,97.51681892,0.922792693,0.852939023,0.875882697,0.966762659,0.986731643,0.976639287,527.5,0.758333333,0.483333333,0.555952381,3.3,0.998830369,0.998249014,0.998537144,171.7,0.999264706,0.999260626,0.999260625,270.6,0.817961227,0.68122449,0.742982322,49.9,0.995603865,0.968835034,0.981924421,48.2
TRUE,TRUE,FALSE,1000,1.1,FALSE,TRUE,0.001,97.47948806,0.930315137,0.867304124,0.88935429,0.96638928,0.986163461,0.976168,527.5,0.801666667,0.575,0.64,3.3,0.995960054,0.997667619,0.996803056,171.7,0.999261993,0.998891622,0.999075782,270.6,0.820653645,0.67722449,0.741105675,49.9,0.997959184,0.968877551,0.982973228,48.2
TRUE,TRUE,FALSE,1000,1.2,FALSE,FALSE,0.001,97.46084877,0.903532077,0.863781798,0.873722802,0.966056685,0.985786829,0.975791676,527.5,0.635,0.558333333,0.550238095,3.3,0.997106349,0.998833809,0.997964225,171.7,0.999264706,0.999260626,0.999261304,270.6,0.825805537,0.659183673,0.729631611,49.9,0.997959184,0.981292517,0.989449902,48.2
TRUE,TRUE,FALSE,1000,1.2,TRUE,FALSE,0.001,97.37681515,0.924666597,0.865467915,0.885618767,0.966516877,0.983697746,0.975013547,527.5,0.8,0.566666667,0.633095238,3.3,0.998833809,0.998833809,0.998832114,171.7,0.999264706,0.999260626,0.999260625,270.6,0.785467524,0.669306122,0.721286756,49.9,0.997916667,0.975042517,0.986224322,48.2
TRUE,TRUE,FALSE,1000,1.2,FALSE,TRUE,0.001,97.2834706,0.92451326,0.870622079,0.888341045,0.96610367,0.98237127,0.974155369,527.5,0.816666667,0.608333333,0.663095238,3.3,0.997687784,0.999418605,0.99854733,171.7,0.999630996,0.999260626,0.999444785,270.6,0.773329097,0.659306122,0.710639699,49.9,0.993661348,0.975042517,0.984163852,48.2 
TRUE,TRUE,FALSE,1000,1.3,FALSE,FALSE,0.001,97.32080145,0.890930172,0.860465976,0.869237623,0.966497879,0.982182954,0.974228994,527.5,0.593333333,0.533333333,0.535238095,3.3,0.997687784,0.999418605,0.99854733,171.7,0.999632353,0.999260626,0.999445466,270.6,0.792429684,0.66522449,0.718450812,49.9,0.996,0.98337585,0.989515042,48.2
TRUE,TRUE,FALSE,1000,1.3,TRUE,FALSE,0.001,97.36750422,0.928163186,0.856086172,0.877856445,0.966698877,0.983698105,0.975106065,527.5,0.825,0.508333333,0.587857143,3.3,0.998255814,0.998833809,0.998542274,171.7,0.999630996,0.999260626,0.999444785,270.6,0.787861667,0.669265306,0.721979499,49.9,0.991531761,0.97712585,0.9842089,48.2
TRUE,TRUE,FALSE,1000,1.3,FALSE,TRUE,0.001,97.30215345,0.938358962,0.858128975,0.883642594,0.965261643,0.984077612,0.974561571,527.5,0.891666667,0.541666667,0.637380952,3.3,0.997687784,0.999418605,0.99854733,171.7,0.999630996,0.999260626,0.999444785,270.6,0.784374923,0.64722449,0.707712027,49.9,0.991531761,0.97712585,0.9842089,48.2  
TRUE,TRUE,FALSE,5000,1.1,FALSE,FALSE,0.001,97.722217,0.92652318,0.870587723,0.888646511,0.968616879,0.988248232,0.978322744,527.5,0.741666667,0.566666667,0.60547619,3.3,0.994814146,0.998833809,0.996809855,171.7,1,0.999260626,0.999629628,270.6,0.85812472,0.68922449,0.76320062,49.9,0.995916667,0.981292517,0.988440028,48.2
TRUE,TRUE,FALSE,5000,1.1,TRUE,FALSE,0.001,97.71287993,0.945139049,0.858911076,0.88714339,0.966561944,0.990521678,0.978379027,527.5,0.85,0.516666667,0.607380952,3.3,0.998255814,0.998833809,0.998542274,171.7,0.999264706,0.999260626,0.999260625,270.6,0.858925745,0.67522449,0.754239487,49.9,0.997826087,0.972959184,0.985057976,48.2
TRUE,TRUE,FALSE,5000,1.1,FALSE,TRUE,0.001,97.61021573,0.936524806,0.845876296,0.87681817,0.962713919,0.992417774,0.977327736,527.5,0.775,0.458333333,0.549047619,3.3,0.995946373,0.994169047,0.995040094,171.7,0.999261993,0.998152248,0.99870541,270.6,0.886226551,0.66122449,0.755685861,49.9,1,0.970960884,0.985102302,48.2
TRUE,TRUE,FALSE,5000,1.2,FALSE,FALSE,0.001,97.77823941,0.924610379,0.869858165,0.887052788,0.968342884,0.989954215,0.979004569,527.5,0.708333333,0.566666667,0.591190476,3.3,0.995963494,0.998833809,0.997387866,171.7,0.999632353,0.999260626,0.999445466,270.6,0.877431029,0.68522449,0.766936594,49.9,0.997959184,0.979209184,0.988351756,48.2
TRUE,TRUE,FALSE,5000,1.2,TRUE,FALSE,0.001,97.73157148,0.938555869,0.873968383,0.895388042,0.967254288,0.989574708,0.978270575,527.5,0.81,0.6,0.651666667,3.3,0.998255775,0.998833809,0.998542259,171.7,0.999630996,0.999260626,0.999444785,270.6,0.856194156,0.685265306,0.759323595,49.9,1,0.97087585,0.985080373,48.2
TRUE,TRUE,FALSE,5000,1.2,FALSE,TRUE,0.001,97.68488614,0.94484185,0.872466313,0.896598311,0.965314817,0.990710353,0.977830972,527.5,0.835,0.608333333,0.665714286,3.3,0.997122924,0.999418605,0.998260811,171.7,0.999263349,0.998153615,0.99870541,270.6,0.874523923,0.667306122,0.755073042,49.9,0.997826087,0.97087585,0.984005345,48.2
TRUE,TRUE,FALSE,5000,1.3,FALSE,FALSE,0.001,97.72222571,0.916595457,0.865365202,0.8817852,0.968677197,0.988246435,0.978320473,527.5,0.668333333,0.533333333,0.55952381,3.3,0.996528354,0.998833809,0.997674384,171.7,0.998899752,0.999260626,0.999077819,270.6,0.869174922,0.69122449,0.766664811,49.9,0.997959184,0.981292517,0.989449902,48.2
TRUE,TRUE,FALSE,5000,1.3,TRUE,FALSE,0.001,97.61021573,0.936588449,0.867310375,0.888574086,0.965781962,0.98862666,0.977052992,527.5,0.81,0.575,0.625,3.3,0.998255775,0.998833809,0.998542259,171.7,0.999264706,0.999260626,0.999260625,270.6,0.848355912,0.671265306,0.747538505,49.9,0.99787234,0.97087585,0.984050137,48.2
TRUE,TRUE,FALSE,5000,1.3,FALSE,TRUE,0.001,97.68487743,0.943165721,0.872784127,0.896279801,0.965837431,0.990331565,0.977916892,527.5,0.835,0.608333333,0.665714286,3.3,0.998259175,0.999418605,0.998835509,171.7,0.999263349,0.998522619,0.998890253,270.6,0.862808286,0.671306122,0.753391548,49.9,0.997826087,0.968792517,0.982930317,48.2
TRUE,TRUE,TRUE,1000,1.1,FALSE,FALSE,0.001,97.44219205,0.904800219,0.865573833,0.879711924,0.9701132,0.981991044,0.97597865,527.5,0.675,0.533333333,0.577380952,3.3,0.994814146,0.998833809,0.996809855,171.7,0.997808804,0.998890256,0.998342494,270.6,0.801276156,0.699102041,0.744368221,49.9,0.989789007,0.981292517,0.985391372,48.2
TRUE,TRUE,TRUE,1000,1.1,TRUE,FALSE,0.001,97.50751669,0.922476851,0.855927943,0.877150356,0.966962255,0.986163461,0.976455127,527.5,0.756666667,0.5,0.563333333,3.3,0.998249014,0.998249014,0.998247319,171.7,0.998897059,0.999260626,0.999076463,270.6,0.818435995,0.685142857,0.744895708,49.9,0.995650118,0.966751701,0.980894186,48.2 
TRUE,TRUE,TRUE,1000,1.1,FALSE,TRUE,0.001,97.47950548,0.929123991,0.871023323,0.889544968,0.966051976,0.986353933,0.976088984,527.5,0.791666667,0.6,0.640714286,3.3,0.996534649,0.997082823,0.996797941,171.7,0.998894336,0.998890256,0.998890934,270.6,0.82159632,0.681142857,0.743975727,49.9,1,0.962670068,0.980801935,48.2
TRUE,TRUE,TRUE,1000,1.2,FALSE,FALSE,0.001,97.5075254,0.915923668,0.85889224,0.876701672,0.965233473,0.987490297,0.976209655,527.5,0.7,0.533333333,0.566666667,3.3,0.996528354,0.998833809,0.997674384,171.7,0.999264706,0.999260626,0.999261304,270.6,0.836556294,0.653142857,0.730948118,49.9,0.997959184,0.981292517,0.989449902,48.2
TRUE,TRUE,TRUE,1000,1.2,TRUE,FALSE,0.001,97.37684999,0.927090484,0.86790571,0.889713166,0.964608141,0.985404448,0.974878808,527.5,0.8,0.6,0.663095238,3.3,0.998255775,0.998833809,0.998542259,171.7,0.999264706,0.999260626,0.999260625,270.6,0.802588193,0.655142857,0.719571747,49.9,0.997826087,0.968792517,0.982930317,48.2
TRUE,TRUE,TRUE,1000,1.2,FALSE,TRUE,0.001,97.37678031,0.931029072,0.868137214,0.88940998,0.964265549,0.986162383,0.975074906,527.5,0.816666667,0.608333333,0.663095238,3.3,0.997122924,0.999418605,0.998260811,171.7,0.999261983,0.998890256,0.999075096,270.6,0.810984966,0.645142857,0.716903691,49.9,0.99787234,0.97087585,0.984050137,48.2   
TRUE,TRUE,TRUE,1000,1.3,FALSE,FALSE,0.001,97.47011616,0.889362843,0.859156933,0.865809102,0.96677205,0.985782157,0.976158807,527.5,0.555,0.525,0.500793651,3.3,0.997106349,0.998833809,0.997964225,171.7,0.999263349,0.998890256,0.999075095,270.6,0.824162967,0.665142857,0.733453055,49.9,0.99387234,0.981292517,0.987409779,48.2  
TRUE,TRUE,TRUE,1000,1.3,TRUE,FALSE,0.001,97.41418956,0.916978047,0.851775899,0.874892182,0.965366615,0.986542249,0.975823219,527.5,0.741666667,0.5,0.574047619,3.3,0.998255775,0.998833809,0.998542259,171.7,0.999630996,0.999260626,0.999444785,270.6,0.807418752,0.655142857,0.721545572,49.9,0.989529478,0.97087585,0.979949635,48.2
TRUE,TRUE,TRUE,1000,1.3,FALSE,TRUE,0.001,97.43282885,0.930080246,0.858835936,0.882194303,0.965202337,0.986730565,0.975825864,527.5,0.808333333,0.541666667,0.614047619,3.3,0.997687784,0.999418605,0.99854733,171.7,0.99962963,0.998890256,0.999259258,270.6,0.818054115,0.649183673,0.721256033,49.9,0.991574278,0.97712585,0.984229714,48.2
TRUE,TRUE,TRUE,5000,1.1,FALSE,FALSE,0.001,97.57353812,0.944273286,0.917829102,0.926073209,0.966573557,0.98673344,0.976546062,527.5,0.875,0.875,0.857142857,3.5,1,0.997093023,0.998542274,172,0.998161765,0.998148148,0.998151546,270.5,0.825904393,0.65,0.726056514,50,1,1,1,48
TRUE,TRUE,TRUE,5000,1.1,TRUE,FALSE,0.001,97.58220452,0.942651565,0.852924295,0.88036644,0.966134076,0.988058479,0.976952716,527.5,0.86,0.483333333,0.577380952,3.3,0.998255814,0.998833809,0.998542274,171.7,0.998897059,0.999260626,0.999076463,270.6,0.832622439,0.677183673,0.745233774,49.9,1,0.97087585,0.985012461,48.2
TRUE,TRUE,TRUE,5000,1.1,FALSE,TRUE,0.001,97.41416343,0.926801403,0.837984582,0.86598677,0.962246599,0.989195561,0.97552101,527.5,0.76,0.425,0.508333333,3.3,0.996511233,0.995335237,0.995911413,171.7,0.998894336,0.998521252,0.998706091,270.6,0.843156248,0.655102041,0.735549654,49.9,1,0.964753401,0.981899118,48.2
TRUE,TRUE,TRUE,5000,1.2,FALSE,FALSE,0.001,97.73157148,0.920380462,0.875841392,0.890733326,0.969044588,0.988436907,0.978611062,527.5,0.701666667,0.6,0.62,3.3,0.995963494,0.998833809,0.997387866,171.7,0.999632353,0.999260626,0.999445466,270.6,0.860144146,0.68722449,0.760535893,49.9,0.995831524,0.981292517,0.988419667,48.2
TRUE,TRUE,TRUE,5000,1.2,TRUE,FALSE,0.001,97.65688365,0.940477325,0.873701773,0.895948069,0.966879266,0.988056682,0.977325966,527.5,0.835,0.6,0.662380952,3.3,0.998255775,0.998833809,0.998542259,171.7,0.999630996,0.999260626,0.999444785,270.6,0.843097915,0.68722449,0.753988883,49.9,1,0.968835034,0.984005571,48.2
TRUE,TRUE,TRUE,5000,1.2,FALSE,TRUE,0.001,97.56353039,0.940218174,0.867314222,0.890183582,0.965416303,0.988247872,0.976682571,527.5,0.835,0.575,0.635714286,3.3,0.996544889,0.998837209,0.997679411,171.7,0.999261983,0.997783244,0.998519883,270.6,0.847259782,0.67522449,0.749598144,49.9,0.997826087,0.968792517,0.982907198,48.2
TRUE,TRUE,TRUE,5000,1.3,FALSE,FALSE,0.001,97.72225184,0.912052499,0.871757126,0.884941462,0.969421146,0.987677534,0.978414282,527.5,0.651666667,0.566666667,0.58,3.3,0.996528354,0.998833809,0.997674384,171.7,0.999267399,0.998890256,0.999076453,270.6,0.857514764,0.699265306,0.766086157,49.9,0.997916667,0.979209184,0.988397497,48.2
TRUE,TRUE,TRUE,5000,1.3,TRUE,FALSE,0.001,97.59154159,0.938279006,0.869331704,0.890467307,0.967021291,0.986919599,0.976839549,527.5,0.835,0.575,0.635714286,3.3,0.998255775,0.998833809,0.998542259,171.7,0.999264706,0.999260626,0.999260625,270.6,0.832259926,0.68922449,0.750569935,49.9,0.99787234,0.966751701,0.981877189,48.2
TRUE,TRUE,TRUE,5000,1.3,FALSE,TRUE,0.001,97.61952667,0.943257227,0.866134991,0.890190912,0.966827742,0.987679331,0.977126596,527.5,0.86,0.55,0.627380952,3.3,0.998259175,0.998837209,0.998543964,171.7,0.999261983,0.998152248,0.998704726,270.6,0.837368373,0.691265306,0.755429406,49.9,0.997826087,0.97087585,0.983959829,48.2
FALSE,FALSE,FALSE,1000,1.1,FALSE,FALSE,0.001,97.52613856,0.927774549,0.872324111,0.889379985,0.970445408,0.982753292,0.976535966,527.5,0.798333333,0.566666667,0.62452381,3.3,0.994248943,0.998833809,0.996523269,171.7,1,0.999260626,0.999629628,270.6,0.812052824,0.711387755,0.75595876,49.9,0.991566785,0.975042517,0.983108476,48.2
FALSE,FALSE,FALSE,1000,1.1,TRUE,FALSE,0.001,97.84355533,0.9411756,0.876135852,0.896204732,0.970273098,0.98862666,0.979349763,527.5,0.826666667,0.575,0.633095238,3.3,0.998826969,0.997664219,0.998243894,171.7,0.999264706,0.999260626,0.999260625,270.6,0.85419607,0.725387755,0.78327353,49.9,0.997826087,0.97087585,0.984005345,48.2
FALSE,FALSE,FALSE,1000,1.1,FALSE,TRUE,0.001,97.73152793,0.933562658,0.883510324,0.901033415,0.970411584,0.987488859,0.978862504,527.5,0.801666667,0.633333333,0.679047619,3.3,0.997112684,0.997082823,0.997087796,171.7,0.999630996,0.998891622,0.999259943,270.6,0.836722491,0.715387755,0.769997758,49.9,0.995831524,0.968877551,0.981944874,48.2
FALSE,FALSE,FALSE,1000,1.2,FALSE,FALSE,0.001,97.46083135,0.922351031,0.888458807,0.897340948,0.970975148,0.980852524,0.97586064,527.5,0.79,0.666666667,0.684761905,3.3,0.996544889,0.999418605,0.997970956,171.7,1,0.999260626,0.999629628,270.6,0.786754623,0.707428571,0.742604586,49.9,0.989831524,0.97712585,0.983217971,48.2
FALSE,FALSE,FALSE,1000,1.2,TRUE,FALSE,0.001,97.63821822,0.934491531,0.875663797,0.896531205,0.969312518,0.986541171,0.977837908,527.5,0.825,0.6,0.667380952,3.3,0.998830409,0.998249014,0.998538864,171.7,0.999630996,0.999260626,0.999444785,270.6,0.820658985,0.705306122,0.757312375,49.9,0.99351628,0.96462585,0.978672348,48.2
FALSE,FALSE,FALSE,1000,1.2,FALSE,TRUE,0.001,97.66625556,0.945105907,0.867795314,0.89225716,0.970393511,0.986162383,0.978197356,527.5,0.891666667,0.541666667,0.637380952,3.3,0.997687784,0.999418605,0.99854733,171.7,0.999261993,0.999260626,0.999259943,270.6,0.820142037,0.709387755,0.759220283,49.9,0.991483452,0.97087585,0.980937097,48.2
FALSE,FALSE,FALSE,1000,1.3,FALSE,FALSE,0.001,97.43280272,0.922898355,0.877021225,0.888961326,0.970243989,0.980852884,0.975481539,527.5,0.79,0.6,0.634761905,3.3,0.997687784,0.999418605,0.99854733,171.7,0.999632353,0.999260626,0.999445466,270.6,0.787990968,0.705469388,0.741304324,49.9,0.991835034,0.97712585,0.984227393,48.2
FALSE,FALSE,FALSE,1000,1.3,TRUE,FALSE,0.001,97.66622072,0.935349891,0.876081357,0.897064078,0.969508631,0.986920677,0.97812133,527.5,0.825,0.6,0.667380952,3.3,0.998830409,0.998249014,0.998538864,171.7,0.999630996,0.999260626,0.999444785,270.6,0.823529699,0.705306122,0.758097834,49.9,0.995599613,0.966751701,0.9808007,48.2
FALSE,FALSE,FALSE,1000,1.3,FALSE,TRUE,0.001,97.61957893,0.941197556,0.86672532,0.889565215,0.970025613,0.985783236,0.977824077,527.5,0.875,0.541666667,0.627857143,3.3,0.997687784,0.999418605,0.99854733,171.7,0.999261993,0.999260626,0.999259943,270.6,0.815900409,0.703346939,0.753995216,49.9,0.989309538,0.97087585,0.979907584,48.2
FALSE,FALSE,FALSE,5000,1.1,FALSE,FALSE,0.001,97.89956903,0.943399941,0.889179659,0.907366693,0.972597085,0.987299465,0.97987435,527.5,0.841666667,0.633333333,0.69047619,3.3,0.994248983,0.998833809,0.996523284,171.7,1,0.998890256,0.9994441,270.6,0.855970243,0.735428571,0.789465327,49.9,0.995916667,0.981292517,0.988416909,48.2
FALSE,FALSE,FALSE,5000,1.1,TRUE,FALSE,0.001,97.95559144,0.94684622,0.87744808,0.899804897,0.970883911,0.990333362,0.980487607,527.5,0.841666667,0.575,0.643809524,3.3,0.998826969,0.997664219,0.998243894,171.7,0.998901099,0.999260626,0.999077142,270.6,0.872839492,0.727387755,0.791035466,49.9,0.997959184,0.975042517,0.986175747,48.2
FALSE,FALSE,FALSE,5000,1.1,FALSE,TRUE,0.001,97.85291853,0.952104345,0.86551833,0.89425111,0.968919891,0.990901544,0.979768294,527.5,0.875,0.516666667,0.618095238,3.3,0.997096029,0.994753842,0.995906284,171.7,0.999261993,0.998522619,0.998890939,270.6,0.872348156,0.723387755,0.788796237,49.9,1,0.968877551,0.984049671,48.2
FALSE,FALSE,FALSE,5000,1.2,FALSE,FALSE,0.001,97.94633276,0.935322791,0.889024411,0.903836717,0.972793355,0.98824931,0.980445699,527.5,0.781666667,0.633333333,0.664285714,3.3,0.995385459,0.998833809,0.997098011,171.7,1,0.999260626,0.999629628,270.6,0.866218926,0.741510204,0.797444706,49.9,0.99587234,0.972959184,0.984116541,48.2
FALSE,FALSE,FALSE,5000,1.2,TRUE,FALSE,0.001,98.02095963,0.946561983,0.888624648,0.909370525,0.972121153,0.990143249,0.981035553,527.5,0.835,0.633333333,0.692380952,3.3,0.998255775,0.998833809,0.998542259,171.7,0.999630996,0.999260626,0.999444785,270.6,0.874363976,0.743510204,0.802028151,49.9,1,0.966666667,0.982791446,48.2
FALSE,FALSE,FALSE,5000,1.2,FALSE,TRUE,0.001,97.95563499,0.948346526,0.879082565,0.902739027,0.970018272,0.991470444,0.98060546,527.5,0.835,0.6,0.662380952,3.3,0.997106349,0.998252414,0.997672679,171.7,0.999263349,0.999260626,0.999260623,270.6,0.888691186,0.735469388,0.802373827,49.9,1,0.950042517,0.974140617,48.2
FALSE,FALSE,FALSE,5000,1.3,FALSE,FALSE,0.001,97.87162751,0.931589801,0.886350882,0.900071767,0.97151178,0.988248951,0.979798761,527.5,0.766666667,0.633333333,0.653571429,3.3,0.996541528,0.998833809,0.997677721,171.7,1,0.999260626,0.999629628,270.6,0.858946488,0.725469388,0.78563652,49.9,0.99587234,0.972959184,0.984116541,48.2
FALSE,FALSE,FALSE,5000,1.3,TRUE,FALSE,0.001,97.96494593,0.944781974,0.888133367,0.908310117,0.971919622,0.989195561,0.980464857,527.5,0.835,0.633333333,0.692380952,3.3,0.998255775,0.998833809,0.998542259,171.7,0.999630996,0.999260626,0.999444785,270.6,0.863885453,0.741510204,0.796236401,49.9,1,0.966666667,0.982791446,48.2
FALSE,FALSE,FALSE,5000,1.3,FALSE,TRUE,0.001,97.94630663,0.94657495,0.880567803,0.902757723,0.970156234,0.991091297,0.980504119,527.5,0.835,0.608333333,0.665714286,3.3,0.998255775,0.998833809,0.998542259,171.7,0.999630996,0.999260626,0.999444785,270.6,0.878490027,0.725428571,0.793690199,49.9,0.997916667,0.960459184,0.97865069,48.2
FALSE,FALSE,TRUE,1000,1.1,FALSE,FALSE,0.001,97.67551424,0.930966702,0.876347328,0.892261861,0.972503301,0.983888577,0.978139833,527.5,0.8,0.566666667,0.620238095,3.3,0.994245583,0.998249014,0.996230033,171.7,0.998537462,0.998890256,0.998709479,270.6,0.826723156,0.735346939,0.776116078,49.9,0.993790708,0.975042517,0.984137645,48.2
FALSE,FALSE,TRUE,1000,1.1,TRUE,FALSE,0.001,97.91829543,0.940158743,0.88434104,0.90157,0.972264323,0.988439423,0.980266718,527.5,0.816666667,0.608333333,0.654761905,3.3,0.998248935,0.997664219,0.997954039,171.7,0.998901099,0.999260626,0.999077142,270.6,0.854871438,0.739346939,0.791226963,49.9,1,0.973001701,0.98613323,48.2
FALSE,FALSE,TRUE,1000,1.1,FALSE,TRUE,0.001,97.84357275,0.934760317,0.880738132,0.897605525,0.971521175,0.988438704,0.979897945,527.5,0.791666667,0.6,0.640714286,3.3,0.997099509,0.997082823,0.997084459,171.7,0.99962963,0.998890256,0.999259258,270.6,0.848644921,0.735306122,0.786889855,49.9,1,0.964710884,0.981787347,48.2
FALSE,FALSE,TRUE,1000,1.2,FALSE,FALSE,0.001,97.55421074,0.91031835,0.887623482,0.893726589,0.971552747,0.982750058,0.977104793,527.5,0.706666667,0.658333333,0.655714286,3.3,0.997687784,0.999418605,0.99854733,171.7,1,0.998890256,0.9994441,270.6,0.800462194,0.711306122,0.751512897,49.9,0.985540708,0.975042517,0.980036132,48.2
FALSE,FALSE,TRUE,1000,1.2,TRUE,FALSE,0.001,97.78755905,0.944219355,0.878302332,0.90201738,0.970253597,0.988248232,0.979156708,527.5,0.858333333,0.6,0.680714286,3.3,0.998252375,0.998249014,0.998249009,171.7,0.999630996,0.999260626,0.999444785,270.6,0.845287033,0.717346939,0.7747713,49.9,0.993558797,0.966709184,0.979768189,48.2
FALSE,FALSE,TRUE,1000,1.2,FALSE,TRUE,0.001,97.72223442,0.945642079,0.873787912,0.897751069,0.970603577,0.98711079,0.978770766,527.5,0.883333333,0.575,0.664761905,3.3,0.997109749,0.999418605,0.998257475,171.7,0.999260626,0.998890256,0.999074415,270.6,0.83410873,0.709306122,0.764686893,49.9,0.989436456,0.973001701,0.98095496,48.2
FALSE,FALSE,TRUE,1000,1.3,FALSE,FALSE,0.001,97.61952667,0.920713202,0.87754702,0.8920656,0.970326043,0.984837344,0.977519942,527.5,0.748333333,0.6,0.637142857,3.3,0.997106389,0.998833809,0.997964239,171.7,0.999632353,0.999260626,0.999445466,270.6,0.81925875,0.70522449,0.757101086,49.9,0.98962234,0.97712585,0.983220007,48.2
FALSE,FALSE,TRUE,1000,1.3,TRUE,FALSE,0.001,97.74088242,0.940182677,0.876917025,0.899083684,0.970072873,0.988058838,0.978970675,527.5,0.841666667,0.6,0.671190476,3.3,0.998252375,0.998249014,0.998249009,171.7,0.999630996,0.999260626,0.999444785,270.6,0.840040206,0.711265306,0.76896164,49.9,0.991432946,0.964668367,0.97768552,48.2
FALSE,FALSE,TRUE,1000,1.3,FALSE,TRUE,0.001,97.6662033,0.936060458,0.872716455,0.892841046,0.970388278,0.986352496,0.978291112,527.5,0.833333333,0.575,0.641904762,3.3,0.997109749,0.999418605,0.998257475,171.7,0.999261993,0.999260626,0.999259943,270.6,0.828873753,0.703265306,0.759408952,49.9,0.98739564,0.973001701,0.979924032,48.2
FALSE,FALSE,TRUE,5000,1.1,FALSE,FALSE,0.001,97.99292229,0.942367964,0.886083983,0.904550381,0.974445291,0.988057041,0.981183043,527.5,0.825,0.6,0.660952381,3.3,0.994248983,0.998833809,0.996523284,171.7,0.999632353,0.998890256,0.999259938,270.6,0.864881156,0.749387755,0.800921921,49.9,0.996,0.981335034,0.988461718,48.2
FALSE,FALSE,TRUE,5000,1.1,TRUE,FALSE,0.001,98.04893599,0.948003141,0.880171075,0.902071805,0.972499983,0.99071215,0.981505106,527.5,0.841666667,0.575,0.643809524,3.3,0.998248935,0.997664219,0.997954039,171.7,0.998901099,0.999260626,0.999077142,270.6,0.87670216,0.745387755,0.803951788,49.9,1,0.973001701,0.98613323,48.2
FALSE,FALSE,TRUE,5000,1.1,FALSE,TRUE,0.001,97.89025809,0.932522137,0.857373064,0.881885935,0.97016465,0.990902263,0.980413863,527.5,0.76,0.458333333,0.538333333,3.3,0.996521394,0.997082823,0.996791149,171.7,0.999261983,0.997780511,0.998518506,270.6,0.869184797,0.731346939,0.793298933,49.9,1,0.968792517,0.983959829,48.2
FALSE,FALSE,TRUE,5000,1.2,FALSE,FALSE,0.001,98.04897954,0.933843986,0.891813493,0.90475959,0.974448074,0.988817132,0.981561761,527.5,0.756666667,0.633333333,0.653571429,3.3,0.994807424,0.998833809,0.996808156,171.7,0.999632353,0.999260626,0.999445466,270.6,0.881637059,0.753510204,0.810881013,49.9,0.99587234,0.97712585,0.986289716,48.2
FALSE,FALSE,TRUE,5000,1.2,TRUE,FALSE,0.001,98.03963376,0.946885072,0.889513533,0.910060992,0.972661653,0.990144687,0.981311588,527.5,0.835,0.633333333,0.692380952,3.3,0.9976743,0.998249014,0.997957434,171.7,0.999630996,0.999260626,0.999444785,270.6,0.876343483,0.751510204,0.807554773,49.9,1,0.964583333,0.981716418,48.2
FALSE,FALSE,TRUE,5000,1.2,FALSE,TRUE,0.001,98.03028799,0.948805445,0.881236423,0.904208814,0.971646521,0.991849232,0.981625546,527.5,0.835,0.6,0.662380952,3.3,0.997106349,0.998833809,0.997964225,171.7,0.999261983,0.998890256,0.999075096,270.6,0.889817815,0.739469388,0.805624576,49.9,1,0.95837585,0.978582491,48.2
FALSE,FALSE,TRUE,5000,1.3,FALSE,FALSE,0.001,97.92761508,0.929427494,0.888659556,0.900778007,0.972979763,0.988058479,0.980441279,527.5,0.751666667,0.633333333,0.65,3.3,0.995963494,0.998833809,0.997387866,171.7,1,0.999260626,0.999629628,270.6,0.86212171,0.737428571,0.793003352,49.9,0.993833333,0.975042517,0.984205916,48.2
FALSE,FALSE,TRUE,5000,1.3,TRUE,FALSE,0.001,97.95562628,0.944363928,0.88800126,0.908146636,0.972115843,0.989195202,0.980565,527.5,0.835,0.633333333,0.692380952,3.3,0.998252335,0.998249014,0.998247289,171.7,0.999260626,0.999260626,0.999259944,270.6,0.861554767,0.745469388,0.797808357,49.9,1,0.9625,0.980618271,48.2
FALSE,FALSE,TRUE,5000,1.3,FALSE,TRUE,0.001,97.94629792,0.946449778,0.875870365,0.898200073,0.970534226,0.990901185,0.980596207,527.5,0.835,0.575,0.635714286,3.3,0.998255775,0.998833809,0.998542259,171.7,0.99962963,0.998890256,0.999259258,270.6,0.877452949,0.737387755,0.799731744,49.9,0.997826087,0.954209184,0.975356684,48.2
FALSE,TRUE,FALSE,1000,1.1,FALSE,FALSE,0.001,97.51682763,0.890148851,0.861286859,0.873432757,0.970097536,0.982943045,0.976448352,527.5,0.575,0.5,0.531190476,3.3,0.99538542,0.998833809,0.997097996,171.7,0.999267399,0.999260626,0.999261981,270.6,0.815152763,0.70122449,0.751100704,49.9,0.985989987,0.985459184,0.985497034,48.2
FALSE,TRUE,FALSE,1000,1.1,TRUE,FALSE,0.001,97.61017218,0.929678745,0.856293108,0.879907556,0.968205163,0.986732002,0.977370966,527.5,0.791666667,0.483333333,0.56547619,3.3,0.998830369,0.998249014,0.998537144,171.7,0.999264706,0.999260626,0.999260625,270.6,0.8245017,0.699265306,0.755823359,49.9,0.995603865,0.970918367,0.982977053,48.2
FALSE,TRUE,FALSE,1000,1.1,FALSE,TRUE,0.001,97.61015476,0.932608452,0.871864506,0.892786412,0.96785744,0.98711079,0.977378524,527.5,0.801666667,0.583333333,0.643333333,3.3,0.996538089,0.997667619,0.997092911,171.7,0.999630996,0.998891622,0.999259943,270.6,0.829957517,0.695306122,0.755649607,49.9,1,0.968877551,0.984004156,48.2
FALSE,TRUE,FALSE,1000,1.2,FALSE,FALSE,0.001,97.42346565,0.89991765,0.869795828,0.87802009,0.96655025,0.98445604,0.97538332,527.5,0.623333333,0.591666667,0.578412698,3.3,0.997106349,0.998833809,0.997964225,171.7,1,0.999260626,0.999629628,270.6,0.818515966,0.663265306,0.729300757,49.9,0.994,0.981292517,0.987429913,48.2
FALSE,TRUE,FALSE,1000,1.2,TRUE,FALSE,0.001,97.5821871,0.930774896,0.873503953,0.894503937,0.967686856,0.98654153,0.97700103,527.5,0.8,0.6,0.663095238,3.3,0.998833809,0.998833809,0.998832114,171.7,0.999264706,0.999260626,0.999260625,270.6,0.820947337,0.683428571,0.743732312,49.9,0.997916667,0.972959184,0.985102302,48.2
FALSE,TRUE,FALSE,1000,1.2,FALSE,TRUE,0.001,97.47016842,0.939548129,0.873070937,0.895939798,0.966911595,0.9850253,0.975867681,527.5,0.875,0.608333333,0.687142857,3.3,0.997687784,0.999418605,0.99854733,171.7,0.999630996,0.999260626,0.999444785,270.6,0.804400788,0.673428571,0.731639319,49.9,0.993657611,0.972959184,0.982996813,48.2
FALSE,TRUE,FALSE,1000,1.3,FALSE,FALSE,0.001,97.36744325,0.907388673,0.8621323,0.875899443,0.967759837,0.982182594,0.974864246,527.5,0.691666667,0.533333333,0.568571429,3.3,0.997122924,0.999418605,0.998260811,171.7,1,0.999260626,0.999629628,270.6,0.793951086,0.677306122,0.726660978,49.9,0.993831524,0.981292517,0.987409566,48.2
FALSE,TRUE,FALSE,1000,1.3,TRUE,FALSE,0.001,97.49817962,0.917457001,0.856921867,0.878081886,0.968020096,0.985213976,0.976514656,527.5,0.741666667,0.5,0.574047619,3.3,0.998833809,0.998833809,0.998832114,171.7,0.999630996,0.999260626,0.999444785,270.6,0.805103006,0.687346939,0.738690975,49.9,0.991487434,0.97087585,0.980961164,48.2
FALSE,TRUE,FALSE,1000,1.3,FALSE,TRUE,0.001,97.47954032,0.934311478,0.861732243,0.885854443,0.9673068,0.985783954,0.976436038,527.5,0.841666667,0.541666667,0.627380952,3.3,0.997687784,0.999418605,0.99854733,171.7,0.999630996,0.999260626,0.999444785,270.6,0.808135438,0.673387755,0.732378786,49.9,0.991441181,0.97087585,0.980938768,48.2
FALSE,TRUE,FALSE,5000,1.1,FALSE,FALSE,0.001,97.77818715,0.929586549,0.879935729,0.897703213,0.970769507,0.986919599,0.978753057,527.5,0.766666667,0.6,0.649761905,3.3,0.994814146,0.998833809,0.996809855,171.7,1,0.999260626,0.999629628,270.6,0.851435643,0.71122449,0.772780477,49.9,0.993833333,0.98337585,0.988484354,48.2
FALSE,TRUE,FALSE,5000,1.1,TRUE,FALSE,0.001,97.9089061,0.952102326,0.864724712,0.893655261,0.969453738,0.991281051,0.980228569,527.5,0.875,0.516666667,0.618095238,3.3,0.998255814,0.998833809,0.998542274,171.7,0.999264706,0.999260626,0.999260625,270.6,0.872813612,0.707306122,0.779715959,49.9,0.997826087,0.975,0.986088904,48.2
FALSE,TRUE,FALSE,5000,1.1,FALSE,TRUE,0.001,97.75957398,0.955549216,0.860460788,0.89338859,0.964859757,0.993176427,0.978803655,527.5,0.875,0.525,0.629047619,3.3,0.995946373,0.994169047,0.995040094,171.7,0.999261993,0.998152248,0.99870541,270.6,0.898227171,0.681306122,0.773632457,49.9,1,0.970960884,0.985102302,48.2
FALSE,TRUE,FALSE,5000,1.2,FALSE,FALSE,0.001,97.73157148,0.915715175,0.881780132,0.891271529,0.970230227,0.987111868,0.978578733,527.5,0.681190476,0.625,0.617698413,3.3,0.995963494,0.998833809,0.997387866,171.7,0.999632353,0.999260626,0.999445466,270.6,0.853442976,0.701265306,0.76816176,49.9,0.993831524,0.979209184,0.986356935,48.2
FALSE,TRUE,FALSE,5000,1.2,TRUE,FALSE,0.001,97.87157525,0.944907508,0.883881752,0.905653183,0.969424454,0.989764102,0.979466193,527.5,0.835,0.633333333,0.692380952,3.3,0.998255775,0.998833809,0.998542259,171.7,0.999630996,0.999260626,0.999444785,270.6,0.86713382,0.713306122,0.780102679,49.9,1,0.968792517,0.983982226,48.2
FALSE,TRUE,FALSE,5000,1.2,FALSE,TRUE,0.001,97.80623319,0.949400788,0.881434559,0.905801693,0.967645073,0.990900825,0.979120062,527.5,0.86,0.641666667,0.706428571,3.3,0.997122924,0.999418605,0.998260811,171.7,0.999263349,0.998522619,0.998890253,270.6,0.874547297,0.689306122,0.769203263,49.9,0.997826087,0.968792517,0.982907198,48.2
FALSE,TRUE,FALSE,5000,1.3,FALSE,FALSE,0.001,97.84359888,0.916763488,0.873008498,0.886216869,0.97080237,0.988439782,0.979521246,527.5,0.673333333,0.558333333,0.573412698,3.3,0.996535075,0.999418605,0.997967625,171.7,0.999632353,0.999260626,0.999445466,270.6,0.866446272,0.711306122,0.779544611,49.9,0.993831524,0.981292517,0.987409566,48.2
FALSE,TRUE,FALSE,5000,1.3,TRUE,FALSE,0.001,97.82491604,0.94316586,0.879595505,0.90048719,0.969391173,0.989005808,0.979082424,527.5,0.835,0.608333333,0.665714286,3.3,0.998255775,0.998833809,0.998542259,171.7,0.999264706,0.999260626,0.999260625,270.6,0.859211169,0.711306122,0.776340625,49.9,0.99787234,0.970833333,0.983982918,48.2
FALSE,TRUE,FALSE,5000,1.3,FALSE,TRUE,0.001,97.80623319,0.948047852,0.882714925,0.906106527,0.968317026,0.989763383,0.978907665,527.5,0.86,0.641666667,0.706428571,3.3,0.998259175,0.999418605,0.998835509,171.7,0.999263349,0.999260626,0.999260623,270.6,0.864621477,0.697387755,0.770299596,49.9,0.997826087,0.968792517,0.982907198,48.2
FALSE,TRUE,TRUE,1000,1.1,FALSE,FALSE,0.001,97.54487367,0.897088839,0.8552031,0.870276664,0.969659048,0.984266647,0.976873159,527.5,0.608333333,0.466666667,0.510714286,3.3,0.994236111,0.998833809,0.99652,171.7,0.998177807,0.998890256,0.998527337,270.6,0.822254396,0.697102041,0.751528579,49.9,0.98987234,0.985459184,0.987496622,48.2
FALSE,TRUE,TRUE,1000,1.1,TRUE,FALSE,0.001,97.70354286,0.929513529,0.876187571,0.893211523,0.969342537,0.987680409,0.978411106,527.5,0.776666667,0.6,0.638333333,3.3,0.998249014,0.998249014,0.998247319,171.7,0.998897059,0.999260626,0.999076463,270.6,0.838140625,0.705183673,0.764331536,49.9,0.995785271,0.966751701,0.98086938,48.2
FALSE,TRUE,TRUE,1000,1.1,FALSE,TRUE,0.001,97.62886373,0.933453615,0.880076963,0.899024667,0.968244494,0.987301622,0.97766985,527.5,0.801666667,0.633333333,0.679047619,3.3,0.996534649,0.997082823,0.996797941,171.7,0.998894336,0.998890256,0.998890934,270.6,0.835381545,0.701183673,0.760917327,49.9,1,0.962670068,0.980824331,48.2
FALSE,TRUE,TRUE,1000,1.2,FALSE,FALSE,0.001,97.54483883,0.909914942,0.861439267,0.876624954,0.966610704,0.986731643,0.976552527,527.5,0.666666667,0.533333333,0.557142857,3.3,0.996528354,0.998833809,0.997674384,171.7,0.999632353,0.999260626,0.999445466,270.6,0.838259057,0.669183673,0.742533697,49.9,0.991792517,0.981292517,0.986400794,48.2
FALSE,TRUE,TRUE,1000,1.2,TRUE,FALSE,0.001,97.47951419,0.929257972,0.871305309,0.892451579,0.966242004,0.98559456,0.975797691,527.5,0.8,0.6,0.663095238,3.3,0.998255775,0.998833809,0.998542259,171.7,0.999264706,0.999260626,0.999260625,270.6,0.813913009,0.671183673,0.732910891,49.9,0.99787234,0.972959184,0.985102769,48.2
FALSE,TRUE,TRUE,1000,1.2,FALSE,TRUE,0.001,97.47017713,0.936636884,0.87731003,0.898792425,0.966426522,0.985784314,0.975984768,527.5,0.85,0.641666667,0.706428571,3.3,0.997687784,0.999418605,0.99854733,171.7,0.999261983,0.998890256,0.999075096,270.6,0.808572674,0.66722449,0.728668647,49.9,0.99787234,0.97087585,0.984050137,48.2
FALSE,TRUE,TRUE,1000,1.3,FALSE,FALSE,0.001,97.55415848,0.895428676,0.869753332,0.879505093,0.969802495,0.985027457,0.977332525,527.5,0.6,0.566666667,0.574047619,3.3,0.997109749,0.999418605,0.998257475,171.7,0.999632353,0.998890256,0.999259938,270.6,0.820120803,0.68722449,0.744761829,49.9,0.985906654,0.981292517,0.98337117,48.2
FALSE,TRUE,TRUE,1000,1.3,TRUE,FALSE,0.001,97.48883384,0.919165402,0.859390574,0.882054721,0.966076794,0.986732002,0.976279231,527.5,0.741666667,0.533333333,0.604047619,3.3,0.998255775,0.998833809,0.998542259,171.7,0.999630996,0.999260626,0.999444785,270.6,0.817791883,0.66522449,0.731958843,49.9,0.991570295,0.972959184,0.982055591,48.2
FALSE,TRUE,TRUE,1000,1.3,FALSE,TRUE,0.001,97.47951419,0.94781954,0.870961056,0.898407481,0.965915345,0.986731283,0.976191264,527.5,0.916666667,0.608333333,0.708095238,3.3,0.997687784,0.999418605,0.99854733,171.7,0.99962963,0.998890256,0.999259258,270.6,0.815443538,0.653183673,0.723114968,49.9,0.991574278,0.979209184,0.98523683,48.2
FALSE,TRUE,TRUE,5000,1.1,FALSE,FALSE,0.001,97.66621201,0.934850455,0.872178757,0.891773428,0.969494837,0.986163102,0.977738002,527.5,0.816666667,0.566666667,0.629761905,3.3,0.995385459,0.998833809,0.997098011,171.7,0.999632353,0.998890256,0.999259938,270.6,0.836088378,0.699142857,0.759307808,49.9,0.991835034,0.98337585,0.987474904,48.2
FALSE,TRUE,TRUE,5000,1.1,TRUE,FALSE,0.001,97.80622448,0.949798743,0.857625962,0.886701956,0.96853014,0.990144328,0.979195737,527.5,0.875,0.483333333,0.588095238,3.3,0.998255814,0.998833809,0.998542274,171.7,0.999264706,0.999260626,0.999260625,270.6,0.859782613,0.70122449,0.770061298,49.9,0.997959184,0.972959184,0.985056561,48.2
FALSE,TRUE,TRUE,5000,1.1,FALSE,TRUE,0.001,97.5915503,0.945930526,0.848259765,0.878355179,0.965296603,0.990145406,0.977551031,527.5,0.86,0.458333333,0.558333333,3.3,0.995933077,0.994750442,0.995324798,171.7,0.998894336,0.998519885,0.998705405,270.6,0.855459143,0.68522449,0.759438387,49.9,1,0.962585034,0.980778123,48.2
FALSE,TRUE,TRUE,5000,1.2,FALSE,FALSE,0.001,97.73157148,0.91870556,0.878268779,0.89143521,0.97047132,0.986919599,0.978581772,527.5,0.701666667,0.6,0.62,3.3,0.995963494,0.998833809,0.997387866,171.7,0.999632353,0.999260626,0.999445466,270.6,0.850668,0.703306122,0.765786592,49.9,0.993831524,0.981292517,0.987409566,48.2
FALSE,TRUE,TRUE,5000,1.2,TRUE,FALSE,0.001,97.83424439,0.944676791,0.88315898,0.90495167,0.968882228,0.989384955,0.978999362,527.5,0.835,0.633333333,0.692380952,3.3,0.998255775,0.998833809,0.998542259,171.7,0.999630996,0.999260626,0.999444785,270.6,0.866291746,0.709306122,0.776360208,49.9,1,0.968835034,0.983982452,48.2
FALSE,TRUE,TRUE,5000,1.2,FALSE,TRUE,0.001,97.78759389,0.94540886,0.877576437,0.900054,0.967625268,0.989953855,0.978645252,527.5,0.835,0.608333333,0.665714286,3.3,0.997109749,0.998837209,0.997965929,171.7,0.999261983,0.998152248,0.998704726,270.6,0.875583819,0.699306122,0.775289183,49.9,0.99787234,0.97087585,0.984004622,48.2
FALSE,TRUE,TRUE,5000,1.3,FALSE,FALSE,0.001,97.82493346,0.922207484,0.878253044,0.893053259,0.96978015,0.989195561,0.979367096,527.5,0.701666667,0.6,0.62,3.3,0.996528354,0.998833809,0.997674384,171.7,1,0.998890256,0.9994441,270.6,0.871438211,0.701306122,0.774424408,49.9,0.993831524,0.981292517,0.987409566,48.2
FALSE,TRUE,TRUE,5000,1.3,TRUE,FALSE,0.001,97.76890234,0.94068612,0.879694154,0.899407742,0.969732939,0.987679331,0.978598132,527.5,0.835,0.608333333,0.665714286,3.3,0.998255775,0.998833809,0.998542259,171.7,0.999264706,0.999260626,0.999260625,270.6,0.84399096,0.715265306,0.771401556,49.9,0.99787234,0.968792517,0.982929594,48.2
FALSE,TRUE,TRUE,5000,1.3,FALSE,TRUE,0.001,97.79691354,0.931584322,0.869235384,0.89060321,0.968152214,0.989576146,0.978728597,527.5,0.76,0.55,0.607380952,3.3,0.998259175,0.999418605,0.998835509,171.7,0.999261983,0.998152248,0.998704726,270.6,0.865960218,0.705306122,0.774912223,49.9,0.99787234,0.972959184,0.985057254,48.2
